,,,MEAN VALUE:,-1.02,50024.6,49928.5,90.2,103.2,6.18,252.3,32.69,49937.5,0.23,32459,1.174,NA,-92.2,25.091,3.2,11.6
,,,STANDARD DEVIATION:,0.05,30.2,11.3,2.3,2.7,0.16,5.6,0.01,10.7,0.27,7,0.005,0.01,0.8,0.03,0,0
,,,,,,,,,,,,,,,,,,,,
,,,SENSOR SERIAL NUMBER:,20J103744,20B121032,20B121032,20C000323,20C000323,20C000323,20C202371,20B121032,20B121032,20J103744,20B121032,20B120857,20C202371,20C202371,20B121032,20C202414,20C202414
Date (MM/DD/YYYY),Time (HH:mm:ss),Time (Fract. Sec),Site Name,Chlorophyll RFU,Cond µS/cm,nLF Cond µS/cm,ODO % sat,ODO % local,ODO mg/L,ORP mV,Sal psu,SpCond µS/cm,TAL PE RFU,TDS mg/L,Wiper Position volt,pH,pH mV,Temp °C,Battery V,Cable Pwr V
10/22/2021,14:15:00,0,B2,-1,50018.3,50101.2,94.3,107.9,6.47,293.5,32.81,50093.5,0.49,32561,1.179,8.08,-86.7,24.921,3.2,11.6
10/22/2021,14:30:00,0,B2,-1,50083.2,49936.9,94.5,108.1,6.47,264.7,32.7,49950.6,0.29,32468,1.172,8.17,-92.2,25.139,3.2,11.6
10/22/2021,14:45:00,0,B2,-1.03,50081.4,49934.4,94.4,108,6.46,262.2,32.7,49948.1,0.24,32466,1.169,8.17,-92.3,25.14,3.2,11.6
10/22/2021,15:00:00,0,B2,-1.04,50081.9,49933.5,94.1,107.6,6.44,262.6,32.7,49947.4,0.25,32466,1.174,8.17,-92.5,25.141,3.2,11.6
10/22/2021,15:15:00,0,B2,-1,50085.1,49933.7,94.2,107.8,6.45,262.2,32.7,49947.9,0.36,32466,1.168,8.18,-92.6,25.144,3.2,11.6
10/22/2021,15:30:00,0,B2,-1.03,50084.5,49933.8,94.1,107.6,6.44,260.9,32.7,49947.9,0.24,32466,1.169,8.18,-92.7,25.143,3.2,11.6
10/22/2021,15:45:00,0,B2,-1.08,50084,49934.3,93.8,107.3,6.42,262.2,32.7,49948.3,0.24,32466,1.177,8.18,-92.8,25.142,3.2,11.6
10/22/2021,16:00:00,0,B2,-1.06,50082.8,49934.2,93.7,107.2,6.41,262.1,32.7,49948.1,0.2,32466,1.178,8.18,-92.9,25.141,3.2,11.6
10/22/2021,16:15:00,0,B2,-1.07,50081.8,49934.3,93.7,107.2,6.41,261.5,32.7,49948.1,0.34,32466,1.181,8.18,-92.9,25.14,3.2,11.6
10/22/2021,16:30:00,0,B2,-1.07,50082.5,49933.9,93.6,107.1,6.41,262,32.7,49947.9,0.28,32466,1.183,8.18,-93,25.141,3.2,11.6
10/22/2021,16:45:00,0,B2,-1.06,50080,49932.8,93.3,106.7,6.39,260.1,32.7,49946.6,0.16,32465,1.173,8.18,-92.9,25.14,3.2,11.6
10/22/2021,17:00:00,0,B2,-1.01,50077,49930.5,93.1,106.6,6.38,261,32.69,49944.3,0.16,32464,1.167,8.18,-93.1,25.139,3.2,11.6
10/22/2021,17:15:00,0,B2,-1.06,50075.4,49931.2,93,106.4,6.37,262.8,32.69,49944.7,0.16,32464,1.17,8.18,-93.1,25.137,3.2,11.6
10/22/2021,17:30:00,0,B2,-1.07,50074.8,49930.8,92.8,106.2,6.35,257.5,32.69,49944.3,0.13,32464,1.174,8.18,-93.1,25.137,3.2,11.6
10/22/2021,17:45:00,0,B2,-1.07,50074.3,49932.4,92.6,106,6.34,259.3,32.69,49945.7,-0.03,32465,1.174,8.18,-93.1,25.135,3.2,11.6
10/22/2021,18:00:00,0,B2,-1.06,50072.2,49932,92.5,105.8,6.33,260.7,32.69,49945.1,0.1,32464,1.174,8.18,-93.1,25.133,3.2,11.6
10/22/2021,18:15:00,0,B2,-1.05,50068.4,49932.1,92.2,105.5,6.31,257.5,32.69,49944.9,0.04,32464,1.171,8.18,-93.1,25.129,3.2,11.6
10/22/2021,18:30:00,0,B2,-1.04,50067,49933.9,92,105.3,6.3,261,32.7,49946.4,0.14,32465,1.166,8.18,-93.1,25.126,3.2,11.6
10/22/2021,18:45:00,0,B2,-1.05,50064.7,49934.5,91.8,105.1,6.29,261.4,32.7,49946.7,0.01,32465,1.172,8.18,-93.1,25.124,3.2,11.6
10/22/2021,19:00:00,0,B2,-1.05,50062.6,49935.2,91.7,104.9,6.28,259.4,32.7,49947.2,0.07,32466,1.165,8.18,-93.1,25.121,3.2,11.6
10/22/2021,19:15:00,0,B2,-1.1,50057,49931.9,91.3,104.5,6.25,260,32.69,49943.6,-0.06,32463,1.179,8.18,-93.1,25.119,3.2,11.6
10/22/2021,19:30:00,0,B2,-1.12,50050.2,49933.3,91.3,104.4,6.25,256.9,32.69,49944.3,-0.02,32464,1.184,8.18,-93.1,25.111,3.2,11.6
10/22/2021,19:45:00,0,B2,-1.09,50049.2,49934.9,91.1,104.2,6.24,258.6,32.7,49945.6,-0.07,32465,1.181,8.18,-93.1,25.109,3.2,11.6
10/22/2021,20:00:00,0,B2,-1.1,50042.4,49935,90.9,104,6.23,259.1,32.69,49945.1,-0.05,32464,1.18,8.18,-93,25.102,3.2,11.6
10/22/2021,20:15:00,0,B2,-1.11,50038.5,49935.9,90.8,103.9,6.22,258.2,32.7,49945.5,0,32465,1.182,8.18,-93,25.097,3.2,11.6
10/22/2021,20:30:00,0,B2,-1.03,50031.5,49934.9,90.6,103.7,6.21,255.4,32.69,49943.9,0.02,32464,1.167,8.18,-93,25.092,3.2,11.6
10/22/2021,20:45:00,0,B2,-1.04,50021,49936,90.4,103.5,6.2,256.6,32.69,49944,0.06,32464,1.166,8.18,-93,25.081,3.2,11.6
10/22/2021,21:00:00,0,B2,-1.04,50023.7,49935,90.3,103.4,6.19,256.6,32.69,49943.3,0.1,32463,1.165,8.18,-92.9,25.084,3.2,11.6
10/22/2021,21:15:00,0,B2,-1.08,50018.8,49934.4,90.1,103.1,6.18,255.5,32.69,49942.3,-0.02,32462,1.172,8.18,-92.9,25.08,3.2,11.6
10/22/2021,21:30:00,0,B2,-1.08,50013,49936.5,90,102.9,6.17,242.9,32.69,49943.6,0.02,32463,1.175,8.18,-92.9,25.073,3.2,11.6
10/22/2021,21:45:00,0,B2,-1.09,50008.9,49937.7,89.8,102.7,6.15,252.4,32.7,49944.4,-0.02,32464,1.173,8.18,-92.8,25.068,3.2,11.6
10/22/2021,22:00:00,0,B2,-1.06,50004.5,49936.7,89.8,102.7,6.15,253.3,32.69,49943.1,-0.06,32463,1.166,8.18,-92.8,25.064,3.2,11.6
10/22/2021,22:15:00,0,B2,-1.06,50002.5,49938,89.7,102.7,6.15,256.9,32.7,49944,0,32464,1.166,8.18,-92.8,25.061,3.2,11.6
10/22/2021,22:30:00,0,B2,-1.12,49998.6,49937.6,89.6,102.5,6.14,254.3,32.69,49943.3,-0.01,32463,1.174,8.18,-92.8,25.058,3.2,11.6
10/22/2021,22:45:00,0,B2,-1.09,50001.4,49938.3,89.4,102.3,6.13,256.1,32.7,49944.2,-0.05,32464,1.177,8.18,-92.7,25.06,3.2,11.6
10/22/2021,23:00:00,0,B2,-1.09,49999.3,49938.8,89.1,102,6.11,254.3,32.7,49944.4,-0.04,32464,1.169,8.18,-92.7,25.058,3.2,11.6
10/22/2021,23:15:00,0,B2,-1.09,49987.1,49937.1,88.8,101.7,6.09,254.7,32.69,49941.8,0.06,32462,1.173,8.18,-92.6,25.048,3.2,11.6
10/22/2021,23:30:00,0,B2,-1.05,49997,49937.8,88.9,101.8,6.1,255.7,32.69,49943.3,-0.01,32463,1.168,8.18,-92.6,25.056,3.2,11.6
10/22/2021,23:45:00,0,B2,-1.02,49997.1,49937.9,89,101.8,6.1,254.1,32.69,49943.4,0.07,32463,1.166,8.18,-92.6,25.056,3.2,11.6
10/23/2021,0:00:00,0,B2,-1.08,50004.4,49938.6,88.9,101.7,6.09,256.5,32.7,49944.7,-0.16,32464,1.171,8.18,-92.6,25.063,3.2,11.6
10/23/2021,0:15:00,0,B2,-1.1,50000.6,49937.6,88.8,101.6,6.08,254.8,32.69,49943.5,-0.17,32463,1.174,8.17,-92.5,25.06,3.2,11.6
10/23/2021,0:30:00,0,B2,-1.1,49999,49937.9,88.4,101.2,6.06,252.7,32.69,49943.6,-0.06,32463,1.178,8.17,-92.5,25.058,3.2,11.6
10/23/2021,0:45:00,0,B2,-1.12,49993.1,49939.5,88.5,101.3,6.07,254.2,32.7,49944.5,-0.12,32464,1.182,8.17,-92.4,25.051,3.2,11.6
10/23/2021,1:00:00,0,B2,-1.1,50001.4,49938.1,88.5,101.3,6.07,257.1,32.7,49944,-0.1,32464,1.176,8.17,-92.4,25.06,3.2,11.6
10/23/2021,1:15:00,0,B2,-1.05,49991.5,49940.9,88.2,101,6.05,256.8,32.7,49945.7,-0.03,32465,1.169,8.17,-92.4,25.048,3.2,11.6
10/23/2021,1:30:00,0,B2,-1.05,49994.2,49935.6,88.3,101,6.05,252.9,32.69,49941.1,-0.09,32462,1.168,8.17,-92.4,25.056,3.2,11.6
10/23/2021,1:45:00,0,B2,-1.12,49988.6,49940.1,87.9,100.6,6.03,251.3,32.7,49944.6,-0.06,32464,1.175,8.17,-92.3,25.046,3.2,11.6
10/23/2021,2:00:00,0,B2,-1.1,49981,49939.8,87.8,100.4,6.02,253.8,32.7,49943.6,0.06,32463,1.181,8.17,-92.2,25.039,3.2,11.6
10/23/2021,2:15:00,0,B2,-1.04,49995.5,49942.5,88.1,100.8,6.04,256.3,32.7,49947.4,0,32466,1.166,8.17,-92.3,25.05,3.2,11.6
10/23/2021,2:30:00,0,B2,-1.08,50004,49940.5,88,100.7,6.03,255.3,32.7,49946.5,-0.13,32465,1.164,8.17,-92.2,25.06,3.2,11.6
10/23/2021,2:45:00,0,B2,-1.1,50001.9,49939.8,87.8,100.5,6.02,254.8,32.7,49945.6,-0.14,32465,1.176,8.17,-92.2,25.059,3.2,11.6
10/23/2021,3:00:00,0,B2,-1.12,50005.6,49941.5,87.9,100.6,6.03,254.5,32.7,49947.5,-0.19,32466,1.183,8.17,-92.1,25.061,3.2,11.6
10/23/2021,3:15:00,0,B2,-1.1,50003.6,49941.6,87.7,100.4,6.01,252.9,32.7,49947.4,-0.08,32466,1.175,8.17,-92.1,25.059,3.2,11.6
10/23/2021,3:30:00,0,B2,-1.07,50005.1,49939.4,87.8,100.5,6.02,255.2,32.7,49945.6,-0.1,32465,1.17,8.17,-92,25.062,3.2,11.6
10/23/2021,3:45:00,0,B2,-1.11,49999,49939.6,87.5,100.1,6,255.2,32.7,49945.1,-0.14,32464,1.174,8.17,-92,25.056,3.2,11.6
10/23/2021,4:00:00,0,B2,-1.1,49999,49942.4,87.5,100.1,6,255,32.7,49947.7,-0.08,32466,1.173,8.17,-92,25.054,3.2,11.6
10/23/2021,4:15:00,0,B2,-1.08,50001,49943.6,87.6,100.2,6,256.6,32.7,49948.9,-0.17,32467,1.167,8.17,-91.9,25.055,3.2,11.6
10/23/2021,4:30:00,0,B2,-1.07,50000.7,49939.7,87.5,100.2,6,252,32.7,49945.4,-0.12,32465,1.172,8.16,-91.9,25.058,3.2,11.6
10/23/2021,4:45:00,0,B2,-1.07,49997.3,49940.5,87.4,100,5.99,254,32.7,49945.8,-0.13,32465,1.169,8.16,-91.9,25.054,3.2,11.6
10/23/2021,5:00:00,0,B2,-1.07,49998.6,49938.5,87.4,100,5.99,254.2,32.7,49944.2,-0.08,32464,1.169,8.16,-91.8,25.057,3.2,11.6
10/23/2021,5:15:00,0,B2,-1.09,50000.6,49941.5,87.3,99.8,5.98,253.6,32.7,49947,-0.11,32466,1.176,8.16,-91.8,25.056,3.2,11.6
10/23/2021,5:30:00,0,B2,-1.1,49995.1,49941.5,86.8,99.3,5.95,254.3,32.7,49946.5,-0.16,32465,1.176,8.16,-91.7,25.051,3.2,11.6
10/23/2021,5:45:00,0,B2,-1.07,50018.7,49940.6,87.4,100,5.99,252.7,32.7,49947.9,-0.09,32466,1.174,8.16,-91.7,25.074,3.2,11.6
10/23/2021,6:00:00,0,B2,-1.05,50006.1,49942,87,99.5,5.96,255,32.7,49948,-0.18,32466,1.166,8.16,-91.6,25.061,3.2,11.6
10/23/2021,6:15:00,0,B2,-1.08,50018.9,49940.4,87.2,99.8,5.98,255.7,32.7,49947.7,-0.09,32466,1.169,8.16,-91.6,25.075,3.2,11.6
10/23/2021,6:30:00,0,B2,-1.05,50026.5,49942.7,87.2,99.7,5.97,249.2,32.7,49950.6,-0.08,32468,1.173,8.16,-91.6,25.08,3.2,11.6
10/23/2021,6:45:00,0,B2,-1.04,50024.6,49940.2,86.8,99.4,5.95,250.8,32.7,49948.1,-0.04,32466,1.17,8.16,-91.5,25.08,3.2,11.6
10/23/2021,7:00:00,0,B2,-1.01,50043.1,49941.8,87.1,99.6,5.97,251.8,32.7,49951.2,0.03,32468,1.169,8.16,-91.5,25.096,3.2,11.6
10/23/2021,7:15:00,0,B2,-1.05,50036.2,49947.9,87,99.6,5.96,247.6,32.7,49956.1,0.13,32471,1.174,8.16,-91.5,25.084,3.2,11.6
10/23/2021,7:30:00,0,B2,-1.01,50038.9,49937.7,87.2,99.8,5.97,251.5,32.7,49947.1,0.24,32466,1.172,8.16,-91.4,25.096,3.2,11.6
10/23/2021,7:45:00,0,B2,-1.03,50035.3,49942.1,87.2,99.7,5.97,251.5,32.7,49950.8,0.21,32468,1.177,8.16,-91.4,25.089,3.2,11.6
10/23/2021,8:00:00,0,B2,-1,50045.6,49941.5,87.4,100,5.99,252.7,32.7,49951.2,0.32,32468,1.176,8.16,-91.5,25.099,3.2,11.6
10/23/2021,8:15:00,0,B2,-1.03,50039.9,49938.1,87.6,100.3,6,252.1,32.7,49947.6,0.26,32466,1.177,8.16,-91.5,25.097,3.2,11.6
10/23/2021,8:30:00,0,B2,-1.02,50037.4,49944.5,88,100.7,6.03,253.8,32.7,49953.2,0.23,32470,1.176,8.16,-91.5,25.088,3.2,11.6
10/23/2021,8:45:00,0,B2,-1.02,50034.7,49944.6,88.4,101.1,6.06,254.6,32.7,49953.1,0.22,32469,1.18,8.16,-91.5,25.086,3.2,11.6
10/23/2021,9:00:00,0,B2,-1.05,50036.1,49944.6,88.5,101.3,6.06,255.3,32.7,49953.2,0.28,32470,1.183,8.16,-91.5,25.087,3.2,11.6
10/23/2021,9:15:00,0,B2,-1.01,50038.2,49946,88.9,101.8,6.09,257.1,32.7,49954.6,0.28,32470,1.173,8.16,-91.6,25.088,3.2,11.6
10/23/2021,9:30:00,0,B2,-0.99,50037.6,49943.1,89.4,102.3,6.13,258.8,32.7,49952,0.26,32469,1.165,8.16,-91.7,25.09,3.2,11.6
10/23/2021,9:45:00,0,B2,-1.04,50037.3,49943.1,89.7,102.6,6.15,259.6,32.7,49951.9,0.33,32469,1.178,8.16,-91.7,25.09,3.2,11.6
10/23/2021,10:00:00,0,B2,-1.04,50038.5,49945.1,89.9,102.9,6.16,258.6,32.7,49953.8,0.31,32470,1.18,8.16,-91.8,25.089,3.2,11.6
10/23/2021,10:15:00,0,B2,-1.04,50044.2,49942.5,90.5,103.6,6.2,256.8,32.7,49952,0.34,32469,1.178,8.16,-91.9,25.097,3.2,11.6
10/23/2021,10:30:00,0,B2,-1.05,50051.2,49945.1,90.7,103.8,6.22,258.7,32.7,49955.1,0.35,32471,1.181,8.17,-92,25.101,3.2,11.6
10/23/2021,10:45:00,0,B2,-1.06,50057.6,49944,91,104.1,6.23,260.4,32.7,49954.7,0.26,32471,1.179,8.17,-92,25.108,3.2,11.6
10/23/2021,11:00:00,0,B2,-1.05,50057.6,49942.7,91.4,104.6,6.26,259.9,32.7,49953.4,0.17,32470,1.179,8.17,-92.1,25.109,3.2,11.6
10/23/2021,11:15:00,0,B2,-1.09,50061.8,49945,91.8,105,6.29,261.8,32.7,49956,0.22,32471,1.18,8.17,-92.2,25.111,3.2,11.6
10/23/2021,11:30:00,0,B2,-1.08,50063.5,49942.8,91.9,105.1,6.29,261.4,32.7,49954.1,0.19,32470,1.184,8.17,-92.2,25.115,3.2,11.6
10/23/2021,11:45:00,0,B2,-1.01,50069.7,49942.7,92.5,105.8,6.33,258.8,32.7,49954.6,0.2,32471,1.174,8.17,-92.4,25.121,3.2,11.6
10/23/2021,12:00:00,0,B2,-1.01,50075.7,49942.5,92.5,105.8,6.33,253.7,32.7,49955,0.2,32471,1.169,8.17,-92.4,25.127,3.2,11.6
10/23/2021,12:15:00,0,B2,-1.07,50079.2,49944.5,93.2,106.6,6.38,256.3,32.7,49957.1,0.23,32472,1.173,8.18,-92.6,25.128,3.2,11.6
10/23/2021,12:30:00,0,B2,-1.05,50079.6,49942.8,92.8,106.2,6.35,259.1,32.7,49955.6,0.32,32471,1.181,8.18,-92.6,25.13,3.2,11.6
10/23/2021,12:45:00,0,B2,-1.01,50080,49939,92.9,106.3,6.36,261.6,32.7,49952.2,0.32,32469,1.165,8.18,-92.6,25.134,3.2,11.6
10/23/2021,13:00:00,0,B2,-1.02,50086.1,49939.7,93.2,106.7,6.38,262,32.7,49953.4,0.47,32470,1.165,8.18,-92.7,25.139,3.2,11.6
10/23/2021,13:15:00,0,B2,-1.08,50087.3,49939.6,93.4,106.9,6.39,262.8,32.7,49953.4,0.5,32470,1.183,8.18,-92.7,25.14,3.2,11.6
10/23/2021,13:30:00,0,B2,-1.05,50091.3,49938.2,93.8,107.3,6.42,261.4,32.7,49952.5,0.36,32469,1.174,8.18,-92.9,25.145,3.2,11.6
10/23/2021,13:45:00,0,B2,-1.08,50089.9,49936.5,93.7,107.3,6.42,254.6,32.7,49950.9,0.42,32468,1.174,8.18,-92.9,25.146,3.2,11.6
10/23/2021,14:00:00,0,B2,-1.09,50090.4,49937.6,93.7,107.3,6.42,255.4,32.7,49951.9,0.33,32469,1.184,8.18,-93,25.145,3.2,11.6
10/23/2021,14:15:00,0,B2,-1.02,50087.6,49938.6,93.8,107.3,6.42,261.1,32.7,49952.5,0.28,32469,1.174,8.18,-93,25.142,3.2,11.6
10/23/2021,14:30:00,0,B2,-1.05,50087.4,49936.7,93.9,107.5,6.43,261.4,32.7,49950.8,0.33,32468,1.171,8.18,-93,25.143,3.2,11.6
10/23/2021,14:45:00,0,B2,-1.08,50087.3,49937.4,93.6,107.1,6.41,259.6,32.7,49951.5,0.26,32468,1.18,8.18,-93.1,25.142,3.2,11.6
10/23/2021,15:00:00,0,B2,-1.05,50087.6,49935.2,93.7,107.2,6.41,260.4,32.7,49949.5,0.39,32467,1.177,8.19,-93.2,25.145,3.2,11.6
10/23/2021,15:15:00,0,B2,-1.05,50085.1,49936.1,93.6,107.1,6.4,262.7,32.7,49950.1,0.26,32468,1.172,8.19,-93.2,25.142,3.2,11.6
10/23/2021,15:30:00,0,B2,-1.02,50086.3,49935.2,93.5,106.9,6.4,260.6,32.7,49949.4,0.5,32467,1.165,8.19,-93.3,25.143,3.2,11.6
10/23/2021,15:45:00,0,B2,-1.04,50082.6,49937.3,93.5,107,6.4,262.9,32.7,49951,0.54,32468,1.172,8.19,-93.3,25.138,3.2,11.6
10/23/2021,16:00:00,0,B2,-1.06,50081.5,49935.4,93.4,106.9,6.39,259.9,32.7,49949,0.25,32467,1.176,8.19,-93.3,25.139,3.2,11.6
10/23/2021,16:15:00,0,B2,-1.05,50077.5,49935.1,93.3,106.8,6.39,261.2,32.7,49948.4,0.24,32466,1.174,8.19,-93.4,25.135,3.2,11.6
10/23/2021,16:30:00,0,B2,-1.01,50076,49936,93.2,106.6,6.38,262.7,32.7,49949.1,0.27,32467,1.167,8.19,-93.4,25.133,3.2,11.6
10/23/2021,16:45:00,0,B2,-1.05,50073.7,49936.3,93.1,106.5,6.37,264.4,32.7,49949.2,0.2,32467,1.169,8.19,-93.4,25.131,3.2,11.6
10/23/2021,17:00:00,0,B2,-1.02,50072.9,49937.7,93.1,106.5,6.37,261.5,32.7,49950.3,0.29,32468,1.169,8.19,-93.5,25.129,3.2,11.6
10/23/2021,17:15:00,0,B2,-0.99,50069.1,49935.9,92.9,106.3,6.36,259.1,32.7,49948.4,0.24,32466,1.166,8.19,-93.5,25.127,3.2,11.6
10/23/2021,17:30:00,0,B2,-1.02,50066.9,49936.5,92.7,106.1,6.35,259.6,32.7,49948.7,0.16,32467,1.165,8.19,-93.4,25.124,3.2,11.6
10/23/2021,17:45:00,0,B2,-1.01,50063.4,49936.6,92.5,105.9,6.33,259.9,32.7,49948.5,0.07,32467,1.166,8.19,-93.5,25.12,3.2,11.6
10/23/2021,18:00:00,0,B2,-1.02,50058.9,49936.4,92.4,105.7,6.33,262.2,32.7,49947.9,0.08,32466,1.169,8.19,-93.5,25.116,3.2,11.6
10/23/2021,18:15:00,0,B2,-1.02,50055.5,49936,92.2,105.5,6.31,255.2,32.7,49947.1,0.18,32466,1.166,8.19,-93.5,25.114,3.2,11.6
10/23/2021,18:30:00,0,B2,-1.09,50051.4,49937.9,92,105.3,6.3,259.8,32.7,49948.5,0.17,32467,1.175,8.19,-93.5,25.108,3.2,11.6
10/23/2021,18:45:00,0,B2,-1.06,50046.8,49937.7,91.8,105.1,6.29,252.8,32.7,49948,0.18,32466,1.177,8.19,-93.5,25.104,3.2,11.6
10/23/2021,19:00:00,0,B2,-1.09,50041.9,49937.1,91.6,104.8,6.27,257.1,32.7,49946.9,0.07,32465,1.175,8.19,-93.4,25.1,3.2,11.6
10/23/2021,19:15:00,0,B2,-1.09,50038.1,49940.4,91.4,104.6,6.26,259.6,32.7,49949.5,0,32467,1.182,8.19,-93.4,25.093,3.2,11.6
10/23/2021,19:30:00,0,B2,-1.08,50032.7,49937.4,91.2,104.4,6.25,253.9,32.7,49946.3,0.02,32465,1.179,8.19,-93.4,25.091,3.2,11.6
10/23/2021,19:45:00,0,B2,-1.05,50025.4,49940.9,90.8,103.9,6.23,257.3,32.7,49948.8,0.22,32467,1.179,8.19,-93.3,25.08,3.2,11.6
10/23/2021,20:00:00,0,B2,-1.05,50023.8,49941.5,90.8,103.9,6.22,259.2,32.7,49949.2,0.1,32467,1.172,8.19,-93.3,25.078,3.2,11.6
10/23/2021,20:15:00,0,B2,-1.05,50017.5,49941.2,90.7,103.7,6.21,260.8,32.7,49948.3,0.13,32466,1.165,8.19,-93.3,25.073,3.2,11.6
10/23/2021,20:30:00,0,B2,-1.09,50010.4,49941.5,90.5,103.6,6.21,259.2,32.7,49947.9,0.17,32466,1.178,8.19,-93.3,25.066,3.2,11.6
10/23/2021,20:45:00,0,B2,-1.09,50012.4,49943.3,90.2,103.3,6.19,256.8,32.7,49949.7,0.13,32467,1.179,8.19,-93.2,25.066,3.2,11.6
10/23/2021,21:00:00,0,B2,-1.07,50011,49945.2,90.1,103.1,6.18,256.1,32.7,49951.4,0.04,32468,1.174,8.19,-93.2,25.062,3.2,11.6
10/23/2021,21:15:00,0,B2,-1.06,50006.1,49943.6,89.9,102.9,6.17,257.4,32.7,49949.4,0.15,32467,1.173,8.19,-93.2,25.059,3.2,11.6
10/23/2021,21:30:00,0,B2,-1.01,49998.5,49944,89.7,102.6,6.15,258.1,32.7,49949.1,0.14,32467,1.168,8.18,-93.1,25.052,3.2,11.6
10/23/2021,21:45:00,0,B2,-1.06,50005.5,49942.3,89.7,102.6,6.15,258,32.7,49948.2,0.07,32466,1.169,8.18,-93.1,25.06,3.2,11.6
10/23/2021,22:00:00,0,B2,-1.08,50005.3,49943.2,89.5,102.4,6.14,258,32.7,49949,0.06,32467,1.173,8.18,-93,25.059,3.2,11.6
10/23/2021,22:15:00,0,B2,-1.01,50001.6,49942.6,89.3,102.2,6.12,257.1,32.7,49948.1,0.18,32466,1.164,8.18,-93,25.056,3.2,11.6
10/23/2021,22:30:00,0,B2,-1.03,50004.6,49941.8,89.3,102.1,6.12,255.9,32.7,49947.6,0.12,32466,1.166,8.18,-92.9,25.06,3.2,11.6
10/23/2021,22:45:00,0,B2,-1.07,49996.7,49944.5,88.8,101.6,6.09,248.4,32.7,49949.4,0.05,32467,1.165,8.18,-92.9,25.05,3.2,11.6
10/23/2021,23:00:00,0,B2,-1.04,49999.9,49943.6,88.8,101.6,6.09,252.9,32.7,49948.9,0.1,32467,1.172,8.18,-92.8,25.053,3.2,11.6
10/23/2021,23:15:00,0,B2,-1.09,50002.8,49943,88.7,101.5,6.08,255.3,32.7,49948.5,-0.03,32467,1.181,8.18,-92.8,25.057,3.2,11.6
10/23/2021,23:30:00,0,B2,-1.07,50007.2,49941.8,88.8,101.6,6.09,253.3,32.7,49947.9,0.07,32466,1.174,8.18,-92.8,25.062,3.2,11.6
10/23/2021,23:45:00,0,B2,-1.03,50003.5,49941.7,88.6,101.4,6.07,251.7,32.7,49947.5,0.1,32466,1.169,8.18,-92.7,25.059,3.2,11.6
10/24/2021,0:00:00,0,B2,-1.08,50003.1,49942.9,88.3,101,6.05,254.1,32.7,49948.5,-0.03,32467,1.175,8.18,-92.7,25.057,3.2,11.6
10/24/2021,0:15:00,0,B2,-1.11,50005.8,49941.7,88.5,101.2,6.06,255,32.7,49947.7,0.01,32466,1.181,8.18,-92.7,25.061,3.2,11.6
10/24/2021,0:30:00,0,B2,-1.05,50002.3,49944.8,88.2,101,6.05,255.6,32.7,49950.2,0.06,32468,1.166,8.18,-92.6,25.055,3.2,11.6
10/24/2021,0:45:00,0,B2,-1.05,50011.4,49946.3,88.1,100.8,6.04,255.2,32.7,49952.4,-0.05,32469,1.167,8.18,-92.6,25.062,3.2,11.6
10/24/2021,1:00:00,0,B2,-1.07,50008.5,49941.4,88.2,100.9,6.04,253,32.7,49947.7,0.04,32466,1.173,8.18,-92.6,25.064,3.2,11.6
10/24/2021,1:15:00,0,B2,-1.09,50008.6,49943.1,88.1,100.8,6.04,254.6,32.7,49949.2,-0.03,32467,1.175,8.17,-92.5,25.062,3.2,11.6
10/24/2021,1:30:00,0,B2,-1.07,50010.7,49947,88.1,100.8,6.04,251.4,32.7,49952.9,-0.02,32469,1.173,8.17,-92.5,25.061,3.2,11.6
10/24/2021,1:45:00,0,B2,-1.04,50001.1,49944.3,88,100.7,6.03,253.6,32.7,49949.7,-0.05,32467,1.165,8.17,-92.4,25.054,3.2,11.6
10/24/2021,2:00:00,0,B2,-1.07,50007.1,49940.5,87.9,100.6,6.02,254.7,32.7,49946.7,0.02,32465,1.17,8.17,-92.4,25.063,3.2,11.6
10/24/2021,2:15:00,0,B2,-1.08,50003.7,49943.4,87.6,100.3,6.01,253.9,32.7,49949,0.01,32467,1.174,8.17,-92.3,25.057,3.2,11.6
10/24/2021,2:30:00,0,B2,-1.06,50008.3,49944.1,87.6,100.3,6.01,253.6,32.7,49950.1,0.04,32468,1.17,8.17,-92.3,25.061,3.2,11.6
10/24/2021,2:45:00,0,B2,-1.03,49995.8,49946.3,87.4,99.9,5.99,252.8,32.7,49951,0.1,32468,1.165,8.17,-92.2,25.047,3.2,11.6
10/24/2021,3:00:00,0,B2,-1.1,50004.8,49944.1,87.5,100.1,6,253,32.7,49949.8,-0.07,32467,1.173,8.17,-92.2,25.058,3.2,11.6
10/24/2021,3:15:00,0,B2,-1.1,50003.8,49944.4,87.4,100.1,5.99,254.1,32.7,49950,0.02,32467,1.184,8.17,-92.1,25.056,3.2,11.6
10/24/2021,3:30:00,0,B2,-1.08,50004.5,49942,87.6,100.2,6,255,32.7,49947.9,0.06,32466,1.174,8.17,-92.1,25.059,3.2,11.6
10/24/2021,3:45:00,0,B2,-1.1,49996.5,49941.1,87.2,99.8,5.98,252.8,32.7,49946.2,-0.01,32465,1.175,8.17,-92,25.053,3.2,11.6
10/24/2021,4:00:00,0,B2,-1.07,50016.6,49943.2,87.4,100,5.99,254.6,32.7,49950.1,-0.04,32468,1.174,8.17,-92.1,25.07,3.2,11.6
10/24/2021,4:15:00,0,B2,-1.09,50017.4,49943.9,87.3,99.9,5.99,255.3,32.7,49950.8,-0.03,32468,1.172,8.17,-92,25.07,3.2,11.6
10/24/2021,4:30:00,0,B2,-1.1,50014.5,49943.2,87.2,99.8,5.98,255.1,32.7,49949.9,-0.07,32467,1.179,8.17,-92,25.068,3.2,11.6
10/24/2021,4:45:00,0,B2,-1.1,50014.9,49944.5,87.2,99.8,5.98,252.7,32.7,49951.1,-0.05,32468,1.175,8.16,-91.9,25.067,3.2,11.6
10/24/2021,5:00:00,0,B2,-1.06,50020.4,49943.6,87.3,99.9,5.99,251.8,32.7,49950.8,-0.05,32468,1.173,8.16,-91.9,25.073,3.2,11.6
10/24/2021,5:15:00,0,B2,-1.08,50010.2,49943.3,87.3,99.8,5.98,250.7,32.7,49949.6,-0.01,32467,1.172,8.16,-91.9,25.064,3.2,11.6
10/24/2021,5:30:00,0,B2,-1.07,50001.3,49945.9,86.9,99.4,5.96,251.4,32.7,49951,-0.02,32468,1.172,8.16,-91.8,25.053,3.2,11.6
10/24/2021,5:45:00,0,B2,-1.03,50024.3,49944,87.2,99.7,5.97,251.4,32.7,49951.5,-0.01,32468,1.169,8.16,-91.8,25.076,3.2,11.6
10/24/2021,6:00:00,0,B2,-1.06,50026,49943.9,87.2,99.8,5.97,252,32.7,49951.6,0,32469,1.176,8.16,-91.7,25.078,3.2,11.6
10/24/2021,6:15:00,0,B2,-1.06,50025,49941.3,87.1,99.7,5.97,253.2,32.7,49949.2,0.02,32467,1.179,8.16,-91.7,25.079,3.2,11.6
10/24/2021,6:30:00,0,B2,-1,50025.1,49951.2,86.8,99.3,5.95,253.6,32.71,49958.1,0.08,32473,1.17,8.16,-91.6,25.07,3.2,11.6
10/24/2021,6:45:00,0,B2,-0.98,50012.5,49942.8,86.8,99.3,5.95,249.3,32.7,49949.3,0.22,32467,1.165,8.16,-91.6,25.066,3.2,11.6
10/24/2021,7:00:00,0,B2,-1.01,50035.6,49943.4,87,99.5,5.96,251.1,32.7,49952,0.48,32469,1.178,8.16,-91.6,25.088,3.2,11.6
10/24/2021,7:15:00,0,B2,-0.97,50041.5,49947.4,86.9,99.4,5.95,248.7,32.7,49956.2,0.36,32472,1.176,8.16,-91.5,25.089,3.2,11.6
10/24/2021,7:30:00,0,B2,-0.97,50038,49944.7,86.9,99.5,5.96,249.4,32.7,49953.4,0.41,32470,1.172,8.16,-91.5,25.089,3.2,11.6
10/24/2021,7:45:00,0,B2,-0.93,50035.5,49941.6,87.2,99.7,5.97,249.2,32.7,49950.4,0.54,32468,1.169,8.16,-91.5,25.089,3.2,11.6
10/24/2021,8:00:00,0,B2,-0.98,50048,49943.1,87.3,99.9,5.98,249.8,32.7,49952.9,0.42,32469,1.165,8.16,-91.5,25.1,3.2,11.6
10/24/2021,8:15:00,0,B2,-0.99,50043.2,49946.6,87.5,100.2,6,248.2,32.7,49955.7,0.44,32471,1.179,8.16,-91.5,25.092,3.2,11.6
10/24/2021,8:30:00,0,B2,-0.96,50038.9,49942.3,87.7,100.4,6.01,250.5,32.7,49951.3,0.32,32468,1.174,8.16,-91.5,25.092,3.2,11.6
10/24/2021,8:45:00,0,B2,-0.99,50034.1,49945.6,88.2,101,6.05,251.4,32.7,49953.9,0.46,32470,1.173,8.16,-91.6,25.084,3.2,11.6
10/24/2021,9:00:00,0,B2,-0.96,50031.8,49941,88.4,101.2,6.06,248.8,32.7,49949.5,0.37,32467,1.17,8.16,-91.6,25.086,3.2,11.6
10/24/2021,9:15:00,0,B2,-0.95,50029.9,49941.1,88.8,101.6,6.08,252.3,32.7,49949.4,0.39,32467,1.169,8.16,-91.6,25.084,3.2,11.6
10/24/2021,9:30:00,0,B2,-0.97,50029.4,49938.8,89.4,102.3,6.13,254.5,32.7,49947.3,0.53,32466,1.169,8.16,-91.7,25.086,3.2,11.6
10/24/2021,9:45:00,0,B2,-0.94,50032,49940,89.6,102.5,6.14,252.2,32.7,49948.6,0.41,32467,1.165,8.16,-91.8,25.087,3.2,11.6
10/24/2021,10:00:00,0,B2,-1.02,50034.2,49938.8,89.9,102.9,6.16,250.6,32.7,49947.7,0.37,32466,1.173,8.16,-91.8,25.091,3.2,11.6
10/24/2021,10:15:00,0,B2,-1.02,50042.3,49941.6,90.8,103.9,6.22,252.7,32.7,49951,0.49,32468,1.174,8.17,-92,25.096,3.2,11.6
10/24/2021,10:30:00,0,B2,-0.98,50040.3,49935.3,90.8,103.9,6.22,256.8,32.7,49945.2,0.51,32464,1.168,8.17,-92,25.1,3.2,11.6
10/24/2021,10:45:00,0,B2,-1.05,50045.3,49936.6,91,104.2,6.24,258.3,32.7,49946.7,0.38,32465,1.182,8.17,-92,25.103,3.2,11.6
10/24/2021,11:00:00,0,B2,-1,50050.4,49936.1,91.2,104.4,6.25,258.4,32.7,49946.8,0.53,32465,1.177,8.17,-92.1,25.109,3.2,11.6
10/24/2021,11:15:00,0,B2,-1,50061.7,49934.4,91.9,105.2,6.29,256.8,32.7,49946.3,0.39,32465,1.172,8.17,-92.2,25.121,3.2,11.6
10/24/2021,11:30:00,0,B2,-1.02,50063.2,49931.3,92.1,105.3,6.3,257.4,32.69,49943.7,0.48,32463,1.175,8.17,-92.3,25.125,3.2,11.6
10/24/2021,11:45:00,0,B2,-0.99,50067.9,49933.3,92.4,105.7,6.33,259.1,32.69,49945.9,0.38,32465,1.171,8.17,-92.4,25.128,3.2,11.6
10/24/2021,12:00:00,0,B2,-1.01,50076.4,49932.4,93.1,106.5,6.37,260,32.69,49945.9,0.38,32465,1.178,8.17,-92.5,25.137,3.2,11.6
10/24/2021,12:15:00,0,B2,-1.05,50080.1,49932.3,93,106.4,6.37,260.5,32.69,49946.2,0.28,32465,1.179,8.18,-92.6,25.14,3.2,11.6
10/24/2021,12:30:00,0,B2,-1.04,50077.5,49931.4,92.8,106.2,6.36,261,32.69,49945,0.47,32464,1.181,8.18,-92.6,25.139,3.2,11.6
10/24/2021,12:45:00,0,B2,-1.01,50083.1,49930.7,93.3,106.8,6.39,260.3,32.69,49945,0.46,32464,1.178,8.18,-92.7,25.145,3.2,11.6
10/24/2021,13:00:00,0,B2,-1.03,50082.4,49932.2,93.2,106.6,6.38,257.4,32.69,49946.3,0.58,32465,1.175,8.18,-92.7,25.143,3.2,11.6
10/24/2021,13:15:00,0,B2,-1.01,50087.8,49928.3,93.9,107.5,6.43,260.1,32.69,49943.3,0.53,32463,1.169,8.18,-92.9,25.152,3.2,11.6
10/24/2021,13:30:00,0,B2,-1.05,50082.2,49927.8,93.6,107.1,6.41,260.3,32.69,49942.3,0.44,32462,1.174,8.18,-92.9,25.147,3.2,11.6
10/24/2021,13:45:00,0,B2,-1.02,50077.8,49928,93.5,107,6.4,262,32.69,49942,0.44,32462,1.178,8.18,-93,25.142,3.2,11.6
10/24/2021,14:00:00,0,B2,-1.02,50078.5,49930.1,93.6,107.1,6.41,263.1,32.69,49944,0.42,32464,1.172,8.18,-93,25.141,3.2,11.6
10/24/2021,14:15:00,0,B2,-0.99,50083,49928.2,93.9,107.5,6.43,257.3,32.69,49942.7,0.45,32463,1.168,8.18,-93.1,25.147,3.2,11.6
10/24/2021,14:30:00,0,B2,-1.03,50079.9,49926.7,93.8,107.3,6.42,258.9,32.69,49941.1,0.34,32462,1.17,8.18,-93.1,25.146,3.2,11.6
10/24/2021,14:45:00,0,B2,-1.05,50080.4,49928.5,93.8,107.3,6.42,257.9,32.69,49942.7,0.38,32463,1.177,8.19,-93.2,25.144,3.2,11.6
10/24/2021,15:00:00,0,B2,-1.02,50079,49926.2,93.8,107.3,6.42,258.2,32.69,49940.5,0.39,32461,1.172,8.19,-93.2,25.145,3.2,11.6
10/24/2021,15:15:00,0,B2,-0.99,50078.8,49927.8,93.7,107.2,6.42,261.1,32.69,49942,0.44,32462,1.165,8.19,-93.3,25.143,3.2,11.6
10/24/2021,15:30:00,0,B2,-1.07,50077.6,49928.6,93.6,107.1,6.41,261,32.69,49942.6,0.37,32463,1.175,8.19,-93.3,25.142,3.2,11.6
10/24/2021,15:45:00,0,B2,-1.04,50074.9,49924.6,93.5,107,6.4,259.3,32.69,49938.7,0.33,32460,1.174,8.19,-93.3,25.143,3.2,11.6
10/24/2021,16:00:00,0,B2,-1.05,50075.7,49927.4,93.3,106.8,6.39,259.9,32.69,49941.3,0.41,32462,1.173,8.19,-93.3,25.141,3.2,11.6
10/24/2021,16:15:00,0,B2,-1,50074.6,49925,93.4,106.8,6.39,256.9,32.69,49939,0.41,32460,1.172,8.19,-93.4,25.142,3.2,11.6
10/24/2021,16:30:00,0,B2,-1.07,50074.3,49927.2,93.1,106.5,6.37,259.8,32.69,49941,0.35,32462,1.176,8.19,-93.4,25.14,3.2,11.6
10/24/2021,16:45:00,0,B2,-1.08,50073.4,49926.8,93,106.4,6.37,260.7,32.69,49940.5,0.22,32461,1.184,8.19,-93.4,25.139,3.2,11.6
10/24/2021,17:00:00,0,B2,-1.02,50071.8,49925.8,92.8,106.2,6.35,260.4,32.69,49939.5,0.26,32461,1.174,8.19,-93.4,25.139,3.2,11.6
10/24/2021,17:15:00,0,B2,-0.96,50068.5,49925.4,92.8,106.2,6.35,261,32.69,49938.8,0.35,32460,1.165,8.19,-93.4,25.136,3.2,11.6
10/24/2021,17:30:00,0,B2,-1.05,50068.8,49924.2,92.6,105.9,6.34,257.7,32.69,49937.7,0.27,32460,1.169,8.19,-93.4,25.137,3.2,11.6
10/24/2021,17:45:00,0,B2,-1.09,50065.6,49925.1,92.5,105.8,6.33,259.1,32.69,49938.3,0.28,32460,1.182,8.19,-93.4,25.133,3.2,11.6
10/24/2021,18:00:00,0,B2,-1.07,50063.5,49924.5,92.3,105.6,6.32,259,32.69,49937.5,0.13,32459,1.184,8.19,-93.5,25.132,3.2,11.6
10/24/2021,18:15:00,0,B2,-1.02,50062.6,49925.6,92.1,105.4,6.31,255.7,32.69,49938.4,0.26,32460,1.175,8.19,-93.4,25.13,3.2,11.6
10/24/2021,18:30:00,0,B2,-0.98,50056.8,49925.3,91.9,105.1,6.29,255.2,32.69,49937.6,0.14,32459,1.166,8.19,-93.4,25.125,3.2,11.6
10/24/2021,18:45:00,0,B2,-1.02,50057.8,49927.3,91.8,105,6.28,255.4,32.69,49939.5,0.3,32461,1.166,8.19,-93.4,25.124,3.2,11.6
10/24/2021,19:00:00,0,B2,-1.05,50052.6,49925.4,91.6,104.8,6.27,258.6,32.69,49937.3,0.18,32459,1.173,8.19,-93.4,25.121,3.2,11.6
10/24/2021,19:15:00,0,B2,-1.06,50050.1,49927.4,91.4,104.5,6.26,256.8,32.69,49938.9,0.21,32460,1.176,8.19,-93.3,25.117,3.2,11.6
10/24/2021,19:30:00,0,B2,-1.04,50045.7,49926.5,91.2,104.3,6.24,256.8,32.69,49937.7,0.44,32459,1.174,8.19,-93.3,25.113,3.2,11.6
10/24/2021,19:45:00,0,B2,-1.06,50040.5,49926.6,91,104.2,6.24,255.7,32.69,49937.3,0.24,32459,1.177,8.19,-93.3,25.108,3.2,11.6
10/24/2021,20:00:00,0,B2,-1,50035.6,49926.2,90.9,104,6.23,258,32.69,49936.4,0.2,32459,1.169,8.19,-93.3,25.104,3.2,11.6
10/24/2021,20:15:00,0,B2,-1.09,50032,49926.5,90.7,103.8,6.21,254.2,32.69,49936.4,0.08,32459,1.173,8.19,-93.2,25.1,3.2,11.6
10/24/2021,20:30:00,0,B2,-1.07,50028.4,49927.1,90.6,103.7,6.21,253.3,32.69,49936.6,0.24,32459,1.175,8.19,-93.2,25.096,3.2,11.6
10/24/2021,20:45:00,0,B2,-1.02,50023.7,49929.2,90.5,103.5,6.2,253.4,32.69,49938,0.12,32460,1.166,8.19,-93.2,25.09,3.2,11.6
10/24/2021,21:00:00,0,B2,-1.08,50018.2,49929.8,90.3,103.3,6.19,256,32.69,49938.1,0.23,32460,1.175,8.19,-93.1,25.084,3.2,11.6
10/24/2021,21:15:00,0,B2,-1.05,50014.8,49929.2,90.1,103.1,6.18,254,32.69,49937.2,0.14,32459,1.173,8.18,-93.1,25.081,3.2,11.6
10/24/2021,21:30:00,0,B2,-0.98,50007.3,49928.7,90.1,103.1,6.17,254.6,32.69,49936,0.35,32458,1.165,8.18,-93.1,25.075,3.2,11.6
10/24/2021,21:45:00,0,B2,-1.06,50003.2,49930.4,89.9,102.8,6.16,255.8,32.69,49937.2,0.1,32459,1.175,8.18,-93,25.069,3.2,11.6
10/24/2021,22:00:00,0,B2,-1.06,50000.6,49931.6,89.8,102.8,6.16,256.7,32.69,49938,0.07,32460,1.174,8.18,-93,25.066,3.2,11.6
10/24/2021,22:15:00,0,B2,-1.06,49990.3,49930.3,89.5,102.4,6.13,238.4,32.69,49935.9,0.14,32458,1.173,8.18,-92.9,25.057,3.2,11.6
10/24/2021,22:30:00,0,B2,-1.05,49993.3,49930.5,89.5,102.4,6.13,250.5,32.69,49936.3,0.13,32459,1.171,8.18,-92.9,25.06,3.2,11.6
10/24/2021,22:45:00,0,B2,-1.02,49992.9,49929.3,89.4,102.3,6.13,254,32.69,49935.2,0.09,32458,1.168,8.18,-92.9,25.06,3.2,11.6
10/24/2021,23:00:00,0,B2,-1,49985,49930.8,89.3,102.1,6.12,254.6,32.69,49935.9,0.16,32458,1.167,8.18,-92.8,25.052,3.2,11.6
10/24/2021,23:15:00,0,B2,-1.06,49993.4,49930.3,89.2,102.1,6.12,255.7,32.69,49936.2,0.1,32459,1.174,8.18,-92.8,25.06,3.2,11.6
10/24/2021,23:30:00,0,B2,-1.07,49989.5,49929.3,89,101.9,6.1,255.9,32.69,49934.9,0.1,32458,1.174,8.18,-92.8,25.057,3.2,11.6
10/24/2021,23:45:00,0,B2,-1.06,49985.7,49927.7,88.9,101.7,6.09,255,32.69,49933.1,0.1,32457,1.175,8.18,-92.7,25.055,3.2,11.6
10/25/2021,0:00:00,0,B2,-1.04,49984,49929.4,88.7,101.5,6.08,254.9,32.69,49934.5,0.08,32457,1.174,8.18,-92.7,25.052,3.2,11.6
10/25/2021,0:15:00,0,B2,-1.06,49987,49930.4,88.8,101.6,6.09,254.5,32.69,49935.7,0.11,32458,1.177,8.18,-92.6,25.054,3.2,11.6
10/25/2021,0:30:00,0,B2,-1.07,49992.3,49931.4,88.7,101.5,6.08,253.2,32.69,49937,0.11,32459,1.178,8.18,-92.6,25.058,3.2,11.6
10/25/2021,0:45:00,0,B2,-1.06,49986.2,49931.9,88.6,101.3,6.07,252.4,32.69,49937,0.09,32459,1.173,8.17,-92.5,25.052,3.2,11.6
10/25/2021,1:00:00,0,B2,-1.01,49986.2,49932.9,88.6,101.4,6.07,250.6,32.69,49937.9,0.18,32460,1.169,8.17,-92.5,25.051,3.2,11.6
10/25/2021,1:15:00,0,B2,-1.04,49978.1,49929.5,88.4,101.1,6.06,253.1,32.69,49934.1,0.05,32457,1.168,8.17,-92.4,25.046,3.2,11.6
10/25/2021,1:30:00,0,B2,-1.08,49986.4,49932.4,88.2,100.9,6.05,254.7,32.69,49937.4,0.18,32459,1.174,8.17,-92.4,25.051,3.2,11.6
10/25/2021,1:45:00,0,B2,-1.09,49982,49932,88.1,100.8,6.04,250.5,32.69,49936.7,0.11,32459,1.18,8.17,-92.3,25.048,3.2,11.6
10/25/2021,2:00:00,0,B2,-1.03,49984.5,49932.1,88.3,101,6.05,252.4,32.69,49937,0.14,32459,1.169,8.17,-92.3,25.05,3.2,11.6
10/25/2021,2:15:00,0,B2,-1.02,49993.8,49932.6,88.2,100.9,6.05,254.3,32.69,49938.3,0.08,32460,1.169,8.17,-92.3,25.058,3.2,11.6
10/25/2021,2:30:00,0,B2,-1.02,49993.3,49930.2,88,100.6,6.03,250.7,32.69,49936.1,0.05,32458,1.165,8.17,-92.2,25.06,3.2,11.6
10/25/2021,2:45:00,0,B2,-1.04,49996.6,49934.1,88.1,100.8,6.04,253.1,32.69,49940,-0.01,32461,1.166,8.17,-92.2,25.059,3.2,11.6
10/25/2021,3:00:00,0,B2,-1.09,49990.5,49931.8,88,100.7,6.03,250,32.69,49937.3,0,32459,1.174,8.17,-92.2,25.056,3.2,11.6
10/25/2021,3:15:00,0,B2,-1.09,49997.9,49931.8,88,100.6,6.03,251.5,32.69,49938,-0.04,32460,1.182,8.17,-92.1,25.063,3.2,11.6
10/25/2021,3:30:00,0,B2,-1.04,49994.5,49933.3,87.7,100.3,6.01,250.6,32.69,49939,0.09,32460,1.172,8.17,-92.1,25.058,3.2,11.6
10/25/2021,3:45:00,0,B2,-1.07,49987.1,49930.1,87.7,100.4,6.01,252.7,32.69,49935.4,0.08,32458,1.18,8.17,-92,25.054,3.2,11.6
10/25/2021,4:00:00,0,B2,-1.08,49987.7,49929.2,87.7,100.3,6.01,252.8,32.69,49934.7,0.03,32458,1.183,8.16,-91.9,25.056,3.2,11.6
10/25/2021,4:15:00,0,B2,-1.06,49997.7,49930.4,87.8,100.4,6.02,252,32.69,49936.7,-0.03,32459,1.174,8.17,-92,25.064,3.2,11.6
10/25/2021,4:30:00,0,B2,-1.01,49990.8,49930.4,87.7,100.3,6.01,251.5,32.69,49936,0.12,32458,1.164,8.16,-91.9,25.057,3.2,11.6
10/25/2021,4:45:00,0,B2,-1.07,49996.6,49930.8,87.5,100.2,6,253.6,32.69,49937,-0.04,32459,1.177,8.16,-91.9,25.063,3.2,11.6
10/25/2021,5:00:00,0,B2,-1.08,49998.3,49931,87.7,100.3,6.01,253.3,32.69,49937.3,-0.03,32459,1.177,8.16,-91.9,25.064,3.2,11.6
10/25/2021,5:15:00,0,B2,-1.06,49986.9,49931.2,87.5,100.1,6,254,32.69,49936.5,0.01,32459,1.176,8.16,-91.8,25.053,3.2,11.6
10/25/2021,5:30:00,0,B2,-1.05,50006.1,49936.3,87.5,100.1,6,254.6,32.69,49942.8,0.02,32463,1.171,8.16,-91.8,25.066,3.2,11.6
10/25/2021,5:45:00,0,B2,-1,50007.1,49931.5,87.5,100.2,6,254.2,32.69,49938.6,-0.05,32460,1.165,8.16,-91.7,25.072,3.2,11.6
10/25/2021,6:00:00,0,B2,-1.07,49992.4,49930.2,87.4,100,5.99,253,32.69,49936,0.1,32458,1.174,8.16,-91.7,25.059,3.2,11.6
10/25/2021,6:15:00,0,B2,-1.04,50008.6,49932.3,87.4,100.1,5.99,254,32.69,49939.4,0.06,32461,1.174,8.16,-91.6,25.073,3.2,11.6
10/25/2021,6:30:00,0,B2,-0.95,49990.5,49933.3,87.2,99.8,5.98,254.3,32.69,49938.6,0.22,32460,1.165,8.16,-91.6,25.054,3.2,11.6
10/25/2021,6:45:00,0,B2,-1.01,49997.4,49931.3,87.2,99.8,5.98,252.4,32.69,49937.5,0.32,32459,1.169,8.16,-91.5,25.063,3.2,11.6
10/25/2021,7:00:00,0,B2,-1.03,50009.1,49931.3,87.5,100.1,6,251.2,32.69,49938.6,0.34,32460,1.176,8.16,-91.5,25.074,3.2,11.6
10/25/2021,7:15:00,0,B2,-1.02,50024.7,49931.4,87.4,100,5.99,250,32.69,49940.1,0.29,32461,1.181,8.16,-91.5,25.089,3.2,11.6
10/25/2021,7:30:00,0,B2,-0.93,50025.6,49933.6,87.5,100.1,5.99,251.3,32.69,49942.2,0.41,32462,1.168,8.16,-91.4,25.087,3.2,11.6
10/25/2021,7:45:00,0,B2,-0.95,50024.5,49931.6,87.6,100.2,6,251.3,32.69,49940.3,0.48,32461,1.167,8.16,-91.4,25.088,3.2,11.6
10/25/2021,8:00:00,0,B2,-1,50026.7,49932.9,87.7,100.4,6.01,250.3,32.69,49941.7,0.46,32462,1.182,8.15,-91.4,25.089,3.2,11.6
10/25/2021,8:15:00,0,B2,-0.98,50025.3,49932,87.9,100.6,6.02,250.4,32.69,49940.7,0.31,32461,1.174,8.16,-91.4,25.089,3.2,11.6
10/25/2021,8:30:00,0,B2,-0.92,50008.9,49928.1,88.2,101,6.05,249.8,32.69,49935.7,4.68,32458,1.169,8.16,-91.5,25.077,3.2,11.6
10/25/2021,8:45:00,0,B2,-1,50015.2,49932,88.5,101.3,6.07,251.6,32.69,49939.7,0.42,32461,1.173,8.16,-91.5,25.079,3.2,11.6
10/25/2021,9:00:00,0,B2,-0.98,50021.7,49931.9,88.9,101.7,6.09,253.7,32.69,49940.3,0.54,32461,1.175,8.16,-91.6,25.085,3.2,11.6
10/25/2021,9:15:00,0,B2,-1.01,50019.8,49934.4,89.3,102.1,6.12,254.1,32.69,49942.4,0.41,32463,1.174,8.16,-91.6,25.081,3.2,11.6
10/25/2021,9:30:00,0,B2,-0.99,50019.1,49930.9,89.5,102.4,6.13,255,32.69,49939.1,0.3,32460,1.174,8.16,-91.6,25.084,3.2,11.6
10/25/2021,9:45:00,0,B2,-0.98,50025.5,49929.7,90,102.9,6.16,251,32.69,49938.6,0.46,32460,1.174,8.16,-91.7,25.091,3.2,11.6
10/25/2021,10:00:00,0,B2,-1,50028.1,49927.8,90.8,103.9,6.22,254.6,32.69,49937.2,0.51,32459,1.18,8.16,-91.8,25.095,3.2,11.6
10/25/2021,10:15:00,0,B2,-0.99,50034.4,49928.2,91.3,104.4,6.25,255.5,32.69,49938.2,0.4,32460,1.176,8.16,-92,25.101,3.2,11.6
10/25/2021,10:30:00,0,B2,-0.97,50035.8,49928.7,90.9,104.1,6.23,256.6,32.69,49938.7,0.56,32460,1.169,8.16,-91.9,25.102,3.2,11.6
10/25/2021,10:45:00,0,B2,-0.98,50052.1,49929.8,92.1,105.4,6.31,251.8,32.69,49941.3,0.33,32462,1.166,8.17,-92.1,25.116,3.2,11.6
10/25/2021,11:00:00,0,B2,-1,50059.5,49928.4,92.5,105.8,6.33,253.8,32.69,49940.7,0.49,32461,1.17,8.17,-92.2,25.125,3.2,11.6
10/25/2021,11:15:00,0,B2,-1,50062.7,49929.7,92.1,105.3,6.3,254.5,32.69,49942.1,0.52,32462,1.172,8.17,-92.2,25.126,3.2,11.6
10/25/2021,11:30:00,0,B2,-0.97,50066.3,49924.1,92.1,105.4,6.31,255.6,32.69,49937.4,1.28,32459,1.173,8.17,-92.2,25.135,3.2,11.6
10/25/2021,11:45:00,0,B2,-1.03,50077.9,49926.7,92.6,106,6.34,254.2,32.69,49940.9,0.38,32462,1.178,8.17,-92.3,25.144,3.2,11.6
10/25/2021,12:00:00,0,B2,-1.04,50066.3,49925.3,92.6,106,6.34,257,32.69,49938.5,0.63,32460,1.183,8.17,-92.4,25.134,3.2,11.6
10/25/2021,12:15:00,0,B2,-1.03,50072.5,49926.2,93.1,106.5,6.37,254.2,32.69,49939.9,0.49,32461,1.18,8.17,-92.5,25.139,3.2,11.6
10/25/2021,12:30:00,0,B2,-1.01,50065.6,49925.8,93.3,106.7,6.39,258.7,32.69,49938.9,0.61,32460,1.169,8.18,-92.6,25.133,3.2,11.6
10/25/2021,12:45:00,0,B2,-1.01,50070.2,49926.1,93.8,107.3,6.42,259,32.69,49939.6,0.47,32461,1.165,8.18,-92.7,25.137,3.2,11.6
10/25/2021,13:00:00,0,B2,-1.05,50061.8,49925.8,93.7,107.2,6.41,260.2,32.69,49938.5,0.54,32460,1.184,8.18,-92.7,25.129,3.2,11.6
10/25/2021,13:15:00,0,B2,-1.01,50062.7,49926,94,107.6,6.44,261.4,32.69,49938.8,0.49,32460,1.174,8.18,-92.9,25.13,3.2,11.6
10/25/2021,13:30:00,0,B2,-0.96,50057.9,49923.1,94,107.5,6.43,260.8,32.69,49935.7,0.59,32458,1.167,8.18,-92.9,25.128,3.2,11.6
10/25/2021,13:45:00,0,B2,-1.03,50059.3,49923.7,94.2,107.8,6.45,257.1,32.69,49936.4,0.49,32459,1.171,8.18,-93,25.129,3.2,11.6
10/25/2021,14:00:00,0,B2,-1.03,50060.8,49925.2,94.4,108,6.47,256.9,32.69,49937.9,0.46,32460,1.178,8.18,-93.1,25.129,3.2,11.6
10/25/2021,14:15:00,0,B2,-1,50051.7,49921.6,94.3,107.9,6.46,258.3,32.69,49933.8,0.44,32457,1.182,8.18,-93.1,25.124,3.2,11.6
10/25/2021,14:30:00,0,B2,-1.06,50060.5,49923,94.7,108.3,6.48,259.6,32.69,49935.9,0.45,32458,1.184,8.19,-93.3,25.131,3.2,11.6
10/25/2021,14:45:00,0,B2,-1,50056.3,49920.5,94.2,107.8,6.45,259.3,32.69,49933.2,0.41,32457,1.175,8.19,-93.3,25.129,3.2,11.6
10/25/2021,15:00:00,0,B2,-1.04,50057.3,49920.9,94.2,107.8,6.45,259.5,32.69,49933.6,0.28,32457,1.17,8.19,-93.3,25.13,3.2,11.6
10/25/2021,15:15:00,0,B2,-1.03,50058.1,49921,94.1,107.7,6.45,259.3,32.69,49933.9,0.49,32457,1.177,8.19,-93.3,25.13,3.2,11.6
10/25/2021,15:30:00,0,B2,-0.98,50058.1,49920.5,94,107.5,6.43,259.8,32.69,49933.3,0.38,32457,1.168,8.19,-93.4,25.131,3.2,11.6
10/25/2021,15:45:00,0,B2,-1.03,50056.3,49920.4,93.8,107.3,6.42,260.4,32.69,49933.2,0.37,32457,1.173,8.19,-93.3,25.129,3.2,11.6
10/25/2021,16:00:00,0,B2,-1.03,50057.5,49920.3,93.7,107.3,6.42,260.9,32.69,49933.2,0.39,32457,1.182,8.19,-93.4,25.13,3.2,11.6
10/25/2021,16:15:00,0,B2,-1.01,50057.7,49918.8,93.4,106.9,6.4,259.2,32.68,49931.8,0.35,32456,1.172,8.19,-93.4,25.132,3.2,11.6
10/25/2021,16:30:00,0,B2,-1.06,50058.8,49919.1,93.3,106.7,6.39,261.5,32.68,49932.2,0.29,32456,1.175,8.19,-93.4,25.133,3.2,11.6
10/25/2021,16:45:00,0,B2,-1.04,50058.5,49918.5,93.1,106.5,6.37,258.4,32.68,49931.6,0.41,32456,1.184,8.19,-93.4,25.133,3.2,11.6
10/25/2021,17:00:00,0,B2,-1.05,50057.3,49918.7,92.9,106.3,6.36,257.8,32.68,49931.7,0.33,32456,1.181,8.19,-93.4,25.132,3.2,11.6
10/25/2021,17:15:00,0,B2,-1.04,50058.4,49919.6,92.7,106,6.34,256.1,32.69,49932.6,0.24,32456,1.178,8.19,-93.4,25.132,3.2,11.6
10/25/2021,17:30:00,0,B2,-1.05,50055.7,49917.8,92.5,105.8,6.33,259.4,32.68,49930.8,0.3,32455,1.18,8.19,-93.4,25.131,3.2,11.6
10/25/2021,17:45:00,0,B2,-1.05,50055.8,49919.4,92.3,105.7,6.32,258,32.68,49932.1,0.27,32456,1.179,8.19,-93.4,25.13,3.2,11.6
10/25/2021,18:00:00,0,B2,-1.06,50057,49918.7,92.1,105.3,6.3,257,32.68,49931.7,0.26,32456,1.183,8.19,-93.3,25.131,3.2,11.6
10/25/2021,18:15:00,0,B2,-1.05,50054.3,49916.8,91.9,105.2,6.29,257.9,32.68,49929.7,0.26,32454,1.175,8.19,-93.4,25.131,3.2,11.6
10/25/2021,18:30:00,0,B2,-1.02,50052,49916.6,91.7,105,6.28,257.5,32.68,49929.3,0.25,32454,1.168,8.19,-93.3,25.129,3.2,11.6
10/25/2021,18:45:00,0,B2,-1.02,50052.1,49918.3,91.6,104.8,6.27,255.2,32.68,49930.8,0.22,32455,1.165,8.19,-93.3,25.127,3.2,11.6
10/25/2021,19:00:00,0,B2,-1.02,50048,49919.7,91.3,104.5,6.25,258.2,32.68,49931.7,0.19,32456,1.174,8.19,-93.3,25.122,3.2,11.6
10/25/2021,19:15:00,0,B2,-0.99,50044.2,49918.4,91.1,104.2,6.24,255.2,32.68,49930.2,0.36,32455,1.177,8.19,-93.2,25.12,3.2,11.6
10/25/2021,19:30:00,0,B2,-1.02,50043.1,49920.2,91,104.1,6.23,257.1,32.68,49931.7,0.43,32456,1.175,8.19,-93.2,25.117,3.2,11.6
10/25/2021,19:45:00,0,B2,-1.04,50042,49919.4,90.8,103.9,6.22,254.3,32.68,49930.9,0.15,32455,1.178,8.19,-93.2,25.116,3.2,11.6
10/25/2021,20:00:00,0,B2,-1.06,50038.1,49918.2,90.7,103.8,6.21,227.6,32.68,49929.5,0.19,32454,1.179,8.19,-93.2,25.114,3.2,11.6
10/25/2021,20:15:00,0,B2,-1.05,50036.9,49920.4,90.4,103.5,6.19,245.6,32.68,49931.3,0.22,32455,1.177,8.18,-93.1,25.111,3.2,11.6
10/25/2021,20:30:00,0,B2,-0.99,50030,49920.7,90.2,103.2,6.18,251.2,32.68,49930.9,0.36,32455,1.166,8.18,-93.1,25.104,3.2,11.6
10/25/2021,20:45:00,0,B2,-1.04,50029.2,49922,90,103,6.16,254,32.69,49932,0.2,32456,1.166,8.18,-93,25.102,3.2,11.6
10/25/2021,21:00:00,0,B2,-1.08,50027.3,49919.9,90,103,6.16,251.6,32.68,49929.9,0.16,32454,1.182,8.18,-93,25.102,3.2,11.6
10/25/2021,21:15:00,0,B2,-1.08,50022.1,49921.9,89.8,102.8,6.16,253.9,32.68,49931.3,0.19,32455,1.182,8.18,-93,25.095,3.2,11.6
10/25/2021,21:30:00,0,B2,-1.06,50017.9,49923.4,89.7,102.6,6.14,251.2,32.69,49932.2,0.32,32456,1.179,8.18,-93,25.09,3.2,11.6
10/25/2021,21:45:00,0,B2,-1.04,50015.3,49923.4,89.5,102.5,6.14,253.7,32.69,49932,0.17,32456,1.172,8.18,-92.9,25.087,3.2,11.6
10/25/2021,22:00:00,0,B2,-1.04,50010.9,49921.5,89.4,102.3,6.13,254.1,32.68,49929.9,0.15,32454,1.169,8.18,-92.9,25.085,3.2,11.6
10/25/2021,22:15:00,0,B2,-1.04,50008.7,49922.8,89.4,102.3,6.13,255,32.68,49930.8,0.14,32455,1.174,8.18,-92.9,25.082,3.2,11.6
10/25/2021,22:30:00,0,B2,-1.05,50004.3,49922.6,89.3,102.2,6.12,253.4,32.68,49930.3,0.1,32455,1.17,8.18,-92.8,25.078,3.2,11.6
10/25/2021,22:45:00,0,B2,-1.08,50001.8,49922.1,89,101.9,6.1,254.7,32.68,49929.5,0.14,32454,1.182,8.18,-92.7,25.076,3.2,11.6
10/25/2021,23:00:00,0,B2,-1.07,50000.8,49924.6,89,101.8,6.1,254.3,32.69,49931.7,0.15,32456,1.179,8.18,-92.7,25.072,3.2,11.6
10/25/2021,23:15:00,0,B2,-1.08,49994.3,49925,88.9,101.8,6.1,253.3,32.69,49931.5,0.12,32455,1.181,8.18,-92.7,25.066,3.2,11.6
10/25/2021,23:30:00,0,B2,-1.05,49992.2,49924.9,88.8,101.6,6.09,251.1,32.69,49931.2,0.07,32455,1.174,8.18,-92.6,25.064,3.2,11.6
10/25/2021,23:45:00,0,B2,-1.05,49983.2,49925.9,88.5,101.3,6.07,250.8,32.69,49931.2,0.13,32455,1.175,8.18,-92.6,25.055,3.2,11.6
10/26/2021,0:00:00,0,B2,-1.06,49985.2,49926,88.7,101.4,6.08,251.7,32.69,49931.5,0.11,32455,1.175,8.18,-92.6,25.056,3.2,11.6
10/26/2021,0:15:00,0,B2,-1.06,49986.3,49926,88.6,101.4,6.08,252,32.69,49931.7,0.03,32456,1.175,8.17,-92.5,25.057,3.2,11.6
10/26/2021,0:30:00,0,B2,-1.06,49984.8,49925.1,88.4,101.2,6.06,253.6,32.69,49930.7,0.08,32455,1.174,8.17,-92.5,25.057,3.2,11.6
10/26/2021,0:45:00,0,B2,-1.06,49981.2,49924.2,88.2,101,6.05,249.7,32.68,49929.6,0.11,32454,1.175,8.17,-92.4,25.054,3.2,11.6
10/26/2021,1:00:00,0,B2,-1.06,49980,49925.4,88.2,100.9,6.05,248.9,32.69,49930.5,0.03,32455,1.176,8.17,-92.4,25.052,3.2,11.6
10/26/2021,1:15:00,0,B2,-1.04,49983.4,49924.6,88.2,100.9,6.05,249,32.68,49930.1,0.04,32455,1.175,8.17,-92.4,25.056,3.2,11.6
10/26/2021,1:30:00,0,B2,-1.07,49980.4,49924.3,88.1,100.8,6.04,251.4,32.68,49929.5,0.08,32454,1.176,8.17,-92.3,25.053,3.2,11.6
10/26/2021,1:45:00,0,B2,-1.03,49984.8,49927.1,88,100.7,6.03,251.5,32.69,49932.5,0.07,32456,1.171,8.17,-92.3,25.055,3.2,11.6
10/26/2021,2:00:00,0,B2,-1.02,49975,49922.7,87.8,100.5,6.02,249,32.68,49927.6,0.08,32453,1.167,8.17,-92.2,25.05,3.2,11.6
10/26/2021,2:15:00,0,B2,-1.01,49988.9,49926.4,87.9,100.6,6.03,252.5,32.69,49932.3,0.06,32456,1.164,8.17,-92.2,25.059,3.2,11.6
10/26/2021,2:30:00,0,B2,-1.02,49978.7,49927.1,87.8,100.5,6.02,253.2,32.69,49931.9,0.2,32456,1.171,8.17,-92.2,25.049,3.2,11.6
10/26/2021,2:45:00,0,B2,-1.04,49986.3,49924.6,87.8,100.5,6.02,251.6,32.69,49930.4,0.11,32455,1.172,8.17,-92.1,25.059,3.2,11.6
10/26/2021,3:00:00,0,B2,-1.06,49991.4,49924.8,87.8,100.5,6.02,251.6,32.69,49931.1,0.05,32455,1.174,8.17,-92.1,25.063,3.2,11.6
10/26/2021,3:15:00,0,B2,-1.04,49991.2,49924.9,87.7,100.3,6.01,252.2,32.69,49931.1,0,32455,1.174,8.17,-92,25.063,3.2,11.6
10/26/2021,3:30:00,0,B2,-1.05,49983.8,49924.9,87.5,100.1,6,253.4,32.69,49930.4,0.05,32455,1.173,8.17,-92,25.056,3.2,11.6
10/26/2021,3:45:00,0,B2,-1.03,49994.4,49929,87.6,100.2,6,252.4,32.69,49935.1,0.13,32458,1.165,8.17,-92,25.062,3.2,11.6
10/26/2021,4:00:00,0,B2,-1.05,49983.5,49924.7,87.5,100.1,6,251,32.68,49930.2,0.06,32455,1.171,8.16,-91.9,25.056,3.2,11.6
10/26/2021,4:15:00,0,B2,-0.98,49974.1,49927.3,87.2,99.7,5.98,247.9,32.69,49931.6,0.26,32456,1.165,8.16,-91.8,25.044,3.2,11.6
10/26/2021,4:30:00,0,B2,-1.04,49995.5,49929.5,87.5,100.1,6,249.7,32.69,49935.7,0.03,32458,1.172,8.16,-91.8,25.063,3.2,11.6
10/26/2021,4:45:00,0,B2,-1.06,49984.1,49926.3,87.3,99.9,5.99,252.7,32.69,49931.7,0.08,32456,1.177,8.16,-91.8,25.055,3.2,11.6
10/26/2021,5:00:00,0,B2,-1.06,49983.9,49926.7,87.2,99.8,5.98,252.6,32.69,49932.1,0.03,32456,1.181,8.16,-91.7,25.054,3.2,11.6
10/26/2021,5:15:00,0,B2,-1.06,49992.6,49926.7,87.3,99.9,5.98,249.5,32.69,49932.9,-0.01,32456,1.179,8.16,-91.7,25.063,3.2,11.6
10/26/2021,5:30:00,0,B2,-1.05,49999.4,49927.8,87.4,100,5.99,249.5,32.69,49934.5,0.03,32457,1.177,8.16,-91.7,25.068,3.2,11.6
10/26/2021,5:45:00,0,B2,-1.07,49998.9,49927.4,87.3,99.9,5.98,251,32.69,49934.1,0.02,32457,1.177,8.16,-91.6,25.068,3.2,11.6
10/26/2021,6:00:00,0,B2,-1.01,49990,49928.5,87.2,99.8,5.98,252.2,32.69,49934.2,0.15,32457,1.169,8.16,-91.6,25.059,3.2,11.6
10/26/2021,6:15:00,0,B2,-1,49994.2,49922.1,87.2,99.7,5.97,252.6,32.68,49928.8,0.17,32454,1.167,8.16,-91.6,25.069,3.2,11.6
10/26/2021,6:30:00,0,B2,-1.03,49992.8,49928.2,86.9,99.4,5.96,251.9,32.69,49934.3,0.15,32457,1.176,8.16,-91.5,25.061,3.2,11.6
10/26/2021,6:45:00,0,B2,-1.03,49996.7,49929.4,87.2,99.7,5.97,252.2,32.69,49935.7,0.12,32458,1.18,8.16,-91.5,25.064,3.2,11.6
10/26/2021,7:00:00,0,B2,-1.03,50019.4,49927,87.2,99.8,5.98,250.7,32.69,49935.7,0.14,32458,1.184,8.16,-91.4,25.088,3.2,11.6
10/26/2021,7:15:00,0,B2,-0.99,50002.7,49927.9,86.9,99.5,5.96,249.9,32.69,49934.9,0.24,32458,1.179,8.16,-91.4,25.071,3.2,11.6
10/26/2021,7:30:00,0,B2,-0.91,49990.8,49916.1,86.8,99.4,5.95,248.9,32.68,49923.1,0.53,32450,1.175,8.15,-91.3,25.071,3.2,11.6
10/26/2021,7:45:00,0,B2,-0.92,50012,49924.3,87.1,99.6,5.97,247.2,32.69,49932.5,0.44,32456,1.168,8.15,-91.3,25.083,3.2,11.6
10/26/2021,8:00:00,0,B2,-0.93,50016.5,49930.5,86.9,99.5,5.96,247.5,32.69,49938.6,0.36,32460,1.169,8.15,-91.3,25.082,3.2,11.6
10/26/2021,8:15:00,0,B2,-0.9,50006.5,49928.7,87,99.5,5.96,248.3,32.69,49936,0.57,32458,1.165,8.15,-91.2,25.074,3.2,11.6
10/26/2021,8:30:00,0,B2,-0.88,50006.7,49925.4,87,99.6,5.97,249.3,32.69,49933.1,0.73,32456,1.179,8.15,-91.2,25.077,3.2,11.6
10/26/2021,8:45:00,0,B2,-0.92,50015.7,49931.4,87,99.6,5.96,250.1,32.69,49939.3,0.46,32461,1.179,8.15,-91.2,25.08,3.2,11.6
10/26/2021,9:00:00,0,B2,-0.92,50001.4,49926.6,87.1,99.6,5.97,248,32.69,49933.6,0.64,32457,1.182,8.15,-91.1,25.071,3.2,11.6
10/26/2021,9:15:00,0,B2,-0.92,50000.7,49921.2,87.3,99.8,5.98,248.1,32.68,49928.6,0.67,32454,1.184,8.15,-91.1,25.075,3.2,11.6
10/26/2021,9:30:00,0,B2,-0.89,50008.4,49925.2,87.6,100.2,6,246.9,32.69,49933,0.74,32456,1.182,8.15,-91.1,25.079,3.2,11.6
10/26/2021,9:45:00,0,B2,-0.94,50019.7,49927.4,87.9,100.6,6.03,246.8,32.69,49936.1,0.7,32458,1.174,8.15,-91.2,25.088,3.2,11.6
10/26/2021,10:00:00,0,B2,-0.92,50024.4,49927.6,88.2,100.9,6.04,247.6,32.69,49936.7,0.67,32459,1.167,8.15,-91.2,25.092,3.2,11.6
10/26/2021,10:15:00,0,B2,-0.94,50023.6,49927,88.7,101.5,6.08,249.2,32.69,49936.1,0.64,32458,1.169,8.15,-91.3,25.092,3.2,11.6
10/26/2021,10:30:00,0,B2,-0.95,50025.4,49926.6,89.2,102,6.11,251.9,32.69,49935.9,0.52,32458,1.17,8.15,-91.3,25.094,3.2,11.6
10/26/2021,10:45:00,0,B2,-0.94,50025.1,49924.5,90,103,6.17,250.1,32.69,49933.9,0.67,32457,1.174,8.16,-91.5,25.096,3.2,11.6
10/26/2021,11:00:00,0,B2,-0.96,50031.3,49921.8,90.4,103.5,6.19,253.1,32.69,49932.1,0.65,32456,1.171,8.16,-91.5,25.104,3.2,11.6
10/26/2021,11:15:00,0,B2,-0.98,50035.5,49927.2,90.5,103.6,6.2,253.6,32.69,49937.3,0.47,32459,1.175,8.16,-91.6,25.103,3.2,11.6
10/26/2021,11:30:00,0,B2,-0.96,50033.4,49924.3,90.4,103.4,6.19,254.7,32.69,49934.5,0.6,32457,1.175,8.16,-91.6,25.104,3.2,11.6
10/26/2021,11:45:00,0,B2,-0.94,50041.9,49922.2,91.1,104.3,6.24,255,32.69,49933.4,0.25,32457,1.174,8.16,-91.7,25.114,3.2,11.6
10/26/2021,12:00:00,0,B2,-0.97,50045.6,49923,91.1,104.2,6.24,253.4,32.69,49934.5,0.62,32457,1.176,8.16,-91.7,25.117,3.2,11.6
10/26/2021,12:15:00,0,B2,-0.99,50046.7,49923.5,91.5,104.7,6.27,255.3,32.69,49935.1,0.48,32458,1.179,8.16,-91.8,25.117,3.2,11.6
10/26/2021,12:30:00,0,B2,-1,50053.7,49921.7,92.3,105.6,6.32,254.6,32.69,49934.1,0.58,32457,1.178,8.16,-91.9,25.125,3.2,11.6
10/26/2021,12:45:00,0,B2,-1,50058.3,49920.6,92,105.2,6.3,253.9,32.69,49933.5,0.46,32457,1.183,8.16,-92,25.131,3.2,11.6
10/26/2021,13:00:00,0,B2,-1.01,50059.5,49922.4,92.3,105.7,6.32,255,32.69,49935.3,0.39,32458,1.174,8.17,-92,25.13,3.2,11.6
10/26/2021,13:15:00,0,B2,-0.98,50061,49922.5,92.3,105.7,6.32,257.1,32.69,49935.5,0.51,32458,1.174,8.17,-92.1,25.132,3.2,11.6
10/26/2021,13:30:00,0,B2,-0.97,50063.6,49922.4,93.1,106.5,6.37,254.6,32.69,49935.6,0.44,32458,1.171,8.17,-92.2,25.134,3.2,11.6
10/26/2021,13:45:00,0,B2,-0.98,50067.1,49924.2,93,106.4,6.37,254.5,32.69,49937.6,0.85,32459,1.174,8.17,-92.3,25.136,3.2,11.6
10/26/2021,14:00:00,0,B2,-0.98,50064.9,49921.1,92.7,106.1,6.35,257.6,32.69,49934.6,0.47,32457,1.173,8.17,-92.3,25.137,3.2,11.6
10/26/2021,14:15:00,0,B2,-1,50066.3,49922.1,93,106.4,6.36,257.2,32.69,49935.6,0.43,32458,1.176,8.17,-92.4,25.137,3.2,11.6
10/26/2021,14:30:00,0,B2,-0.98,50069.6,49919.5,93,106.4,6.37,256.4,32.69,49933.5,0.59,32457,1.175,8.17,-92.4,25.143,3.2,11.6
10/26/2021,14:45:00,0,B2,-0.96,50065.2,49922.7,93.1,106.5,6.37,257.9,32.69,49936,0.58,32458,1.173,8.17,-92.4,25.135,3.2,11.6
10/26/2021,15:00:00,0,B2,-0.96,50066.3,49922.6,93,106.4,6.37,254.9,32.69,49936.1,0.51,32458,1.171,8.17,-92.5,25.137,3.2,11.6
10/26/2021,15:15:00,0,B2,-1.01,50063.9,49921.9,92.9,106.3,6.36,257.1,32.69,49935.2,0.39,32458,1.177,8.17,-92.5,25.135,3.2,11.6
10/26/2021,15:30:00,0,B2,-1,50062,49923.5,92.9,106.3,6.36,258.3,32.69,49936.5,0.35,32459,1.179,8.18,-92.6,25.132,3.2,11.6
10/26/2021,15:45:00,0,B2,-1.01,50057.5,49922.9,92.9,106.3,6.36,256.3,32.69,49935.5,0.4,32458,1.174,8.18,-92.6,25.128,3.2,11.6
10/26/2021,16:00:00,0,B2,-1.02,50056.4,49923.7,92.8,106.2,6.35,257,32.69,49936.1,0.34,32458,1.175,8.18,-92.6,25.126,3.2,11.6
10/26/2021,16:15:00,0,B2,-1.03,50053.1,49922.5,92.8,106.1,6.35,256.5,32.69,49934.8,0.37,32458,1.178,8.18,-92.7,25.124,3.2,11.6
10/26/2021,16:30:00,0,B2,-1,50051.4,49924.9,92.7,106,6.35,257.8,32.69,49936.7,0.46,32459,1.171,8.18,-92.7,25.12,3.2,11.6
10/26/2021,16:45:00,0,B2,-1.03,50046.2,49925.4,92.6,105.9,6.34,257.8,32.69,49936.7,0.41,32459,1.176,8.18,-92.7,25.115,3.2,11.6
10/26/2021,17:00:00,0,B2,-1.01,50041.4,49925,92.5,105.9,6.34,250.6,32.69,49935.9,0.28,32458,1.176,8.18,-92.7,25.111,3.2,11.6
10/26/2021,17:15:00,0,B2,-0.98,50037.5,49925.7,92.6,105.9,6.34,251.7,32.69,49936.2,0.29,32459,1.172,8.18,-92.7,25.106,3.2,11.6
10/26/2021,17:30:00,0,B2,-0.93,50033.2,49926.5,92.3,105.6,6.32,253.9,32.69,49936.5,0.45,32459,1.166,8.18,-92.7,25.101,3.2,11.6
10/26/2021,17:45:00,0,B2,-1,50031,49926.5,92.2,105.5,6.32,253.3,32.69,49936.3,0.2,32459,1.168,8.18,-92.7,25.099,3.2,11.6
10/26/2021,18:00:00,0,B2,-0.99,50024.3,49926.8,92.1,105.3,6.31,252.7,32.69,49935.9,0.34,32458,1.175,8.18,-92.7,25.093,3.2,11.6
10/26/2021,18:15:00,0,B2,-1.06,50016.6,49926.8,91.9,105.1,6.29,252.5,32.69,49935.2,0.25,32458,1.181,8.18,-92.7,25.085,3.2,11.6
10/26/2021,18:30:00,0,B2,-1,50013.4,49927.7,91.7,104.9,6.28,253.9,32.69,49935.7,0.21,32458,1.172,8.18,-92.7,25.081,3.2,11.6
10/26/2021,18:45:00,0,B2,-1.04,50004.9,49928.3,91.5,104.7,6.27,254.7,32.69,49935.5,0.26,32458,1.173,8.18,-92.7,25.073,3.2,11.6
10/26/2021,19:00:00,0,B2,-1.03,49992.7,49929.6,91.4,104.6,6.26,256.3,32.69,49935.5,0.21,32458,1.177,8.18,-92.7,25.06,3.2,11.6
10/26/2021,19:15:00,0,B2,-1.01,50001.3,49929.1,91.3,104.4,6.26,252.9,32.69,49935.8,0.17,32458,1.173,8.18,-92.6,25.069,3.2,11.6
10/26/2021,19:30:00,0,B2,-1,49998.8,49930.9,91.1,104.3,6.25,250.2,32.69,49937.2,0.15,32459,1.165,8.18,-92.6,25.065,3.2,11.6
10/26/2021,19:45:00,0,B2,-1.02,49994.6,49931.1,90.9,104,6.23,252.4,32.69,49937,0.18,32459,1.174,8.18,-92.6,25.06,3.2,11.6
10/26/2021,20:00:00,0,B2,-1.06,49998.4,49929.7,90.7,103.8,6.22,254.2,32.69,49936.1,0.12,32458,1.181,8.17,-92.5,25.065,3.2,11.6
10/26/2021,20:15:00,0,B2,-1.07,49998.8,49931.4,90.6,103.6,6.21,254.2,32.69,49937.8,0.13,32460,1.18,8.17,-92.5,25.064,3.2,11.6
10/26/2021,20:30:00,0,B2,-1.05,49981.4,49931.7,90.3,103.3,6.19,252.5,32.69,49936.4,0.14,32459,1.179,8.17,-92.5,25.047,3.2,11.6
10/26/2021,20:45:00,0,B2,-1.03,49991.3,49929.5,90.2,103.3,6.19,253.6,32.69,49935.3,0.25,32458,1.178,8.17,-92.4,25.059,3.2,11.6
10/26/2021,21:00:00,0,B2,-1.05,49987.9,49930,90.1,103.1,6.18,250.4,32.69,49935.4,0.09,32458,1.179,8.17,-92.4,25.055,3.2,11.6
10/26/2021,21:15:00,0,B2,-1.03,49992.8,49932,90,103,6.17,250.8,32.69,49937.7,0.21,32460,1.174,8.17,-92.4,25.058,3.2,11.6
10/26/2021,21:30:00,0,B2,-1.02,50012.1,49931.6,89.9,102.8,6.16,249.9,32.69,49939.2,0.12,32460,1.165,8.17,-92.3,25.076,3.2,11.6
10/26/2021,21:45:00,0,B2,-1.03,49996.5,49927.7,89.5,102.4,6.14,249.3,32.69,49934.1,0.09,32457,1.172,8.17,-92.3,25.065,3.2,11.6
10/26/2021,22:00:00,0,B2,-1,50014.1,49930.2,89.7,102.6,6.15,249.2,32.69,49938,0.19,32460,1.169,8.17,-92.3,25.08,3.2,11.6
10/26/2021,22:15:00,0,B2,-1.03,50020,49931,89.5,102.4,6.13,250.7,32.69,49939.3,0.1,32461,1.17,8.17,-92.2,25.085,3.2,11.6
10/26/2021,22:30:00,0,B2,-1.01,50010.6,49930.6,89.3,102.2,6.12,252.1,32.69,49938.1,0.22,32460,1.167,8.17,-92.2,25.076,3.2,11.6
10/26/2021,22:45:00,0,B2,-1.01,50013.7,49932.5,89.1,102,6.11,250,32.69,49940.1,0.13,32461,1.167,8.17,-92.1,25.077,3.2,11.6
10/26/2021,23:00:00,0,B2,-0.96,50010.4,49931.3,89.2,102,6.11,248,32.69,49938.7,0.26,32460,1.165,8.17,-92.1,25.075,3.2,11.6
10/26/2021,23:15:00,0,B2,-1.04,50014,49930.6,89.1,101.9,6.1,248.2,32.69,49938.4,0.07,32460,1.173,8.17,-92.1,25.079,3.2,11.6
10/26/2021,23:30:00,0,B2,-1.05,50001.7,49929.4,88.7,101.5,6.08,247.5,32.69,49936.2,0.14,32459,1.179,8.17,-92,25.069,3.2,11.6
10/26/2021,23:45:00,0,B2,-1.06,50009.1,49928.6,88.7,101.4,6.08,248.7,32.69,49936.1,0.08,32458,1.176,8.17,-92,25.076,3.2,11.6
10/27/2021,0:00:00,0,B2,-1.05,50017.2,49930.1,88.8,101.6,6.08,247.8,32.69,49938.3,0.13,32460,1.177,8.17,-92,25.083,3.2,11.6
10/27/2021,0:15:00,0,B2,-1.03,50001.5,49930.4,88.5,101.3,6.07,248.4,32.69,49937,0.11,32459,1.174,8.16,-91.9,25.068,3.2,11.6
10/27/2021,0:30:00,0,B2,-1.04,50019.4,49933.4,88.6,101.4,6.07,250.2,32.69,49941.4,0.1,32462,1.174,8.16,-91.9,25.082,3.2,11.6
10/27/2021,0:45:00,0,B2,-1.02,50008.3,49932.4,88.5,101.3,6.07,251,32.69,49939.5,0.1,32461,1.171,8.16,-91.8,25.072,3.2,11.6
10/27/2021,1:00:00,0,B2,-1.03,50014.6,49933.6,88.4,101.2,6.06,248.4,32.69,49941.2,0.05,32462,1.173,8.16,-91.8,25.077,3.2,11.6
10/27/2021,1:15:00,0,B2,-1.03,50008.6,49929.3,88.3,101.1,6.05,248.5,32.69,49936.7,0.06,32459,1.173,8.16,-91.7,25.075,3.2,11.6
10/27/2021,1:30:00,0,B2,-0.99,50012.9,49932.8,88.3,101,6.05,249,32.69,49940.3,0.05,32461,1.165,8.16,-91.7,25.076,3.2,11.6
10/27/2021,1:45:00,0,B2,-1.03,50014.4,49930.6,88.3,101,6.05,246.9,32.69,49938.4,0.07,32460,1.165,8.16,-91.7,25.08,3.2,11.6
10/27/2021,2:00:00,0,B2,-1.03,50013.3,49930.9,88.2,100.9,6.04,248.6,32.69,49938.6,0,32460,1.173,8.16,-91.6,25.078,3.2,11.6
10/27/2021,2:15:00,0,B2,-1.08,50006.8,49929.3,88.2,100.9,6.04,242.8,32.69,49936.6,0.04,32459,1.18,8.16,-91.6,25.074,3.2,11.6
10/27/2021,2:30:00,0,B2,-1.03,50026,49935.9,88.1,100.8,6.03,245.9,32.69,49944.4,0.03,32464,1.174,8.16,-91.6,25.086,3.2,11.6
10/27/2021,2:45:00,0,B2,-1.06,50012.6,49929.3,88,100.7,6.03,242.1,32.69,49937.1,0.09,32459,1.174,8.16,-91.5,25.079,3.2,11.6
10/27/2021,3:00:00,0,B2,-1.08,50018.5,49935.6,87.8,100.4,6.01,240.1,32.69,49943.3,-0.04,32463,1.183,8.16,-91.4,25.079,3.2,11.6
10/27/2021,3:15:00,0,B2,-1.02,50002.8,49931.4,87.5,100.1,6,245.4,32.69,49938,0.06,32460,1.173,8.16,-91.4,25.068,3.2,11.6
10/27/2021,3:30:00,0,B2,-1.02,50021.9,49937.4,87.9,100.6,6.02,246.9,32.7,49945.3,0.06,32464,1.171,8.16,-91.4,25.08,3.2,11.6
10/27/2021,3:45:00,0,B2,-1.05,50011.7,49931.4,87.6,100.2,6,245.8,32.69,49938.9,0.01,32460,1.175,8.15,-91.4,25.076,3.2,11.6
10/27/2021,4:00:00,0,B2,-1.07,50010.7,49932.3,87.5,100.2,6,246,32.69,49939.6,-0.01,32461,1.178,8.15,-91.3,25.075,3.2,11.6
10/27/2021,4:15:00,0,B2,-1.08,50033.9,49934.4,87.9,100.5,6.02,245.5,32.69,49943.7,-0.03,32463,1.183,8.15,-91.3,25.095,3.2,11.6
10/27/2021,4:30:00,0,B2,-1.06,50014.7,49932.6,87.7,100.3,6.01,246.7,32.69,49940.3,-0.01,32461,1.177,8.15,-91.2,25.078,3.2,11.6
10/27/2021,4:45:00,0,B2,-1.05,50020.6,49932.1,87.7,100.3,6.01,242.4,32.69,49940.4,-0.02,32461,1.173,8.15,-91.2,25.084,3.2,11.6
10/27/2021,5:00:00,0,B2,-1.05,50017.4,49934.2,87.6,100.2,6,245.6,32.69,49942,0,32462,1.176,8.15,-91.2,25.079,3.2,11.6
10/27/2021,5:15:00,0,B2,-1.04,50031.7,49935.1,87.6,100.3,6,244.8,32.69,49944.1,-0.03,32464,1.177,8.15,-91.1,25.092,3.2,11.6
10/27/2021,5:30:00,0,B2,-1.01,50022.9,49930.4,87.5,100.1,6,245.1,32.69,49939,0.17,32460,1.171,8.15,-91.1,25.088,3.2,11.6
10/27/2021,5:45:00,0,B2,-1.08,50030.1,49932.9,87.6,100.2,6,246,32.69,49942,0.02,32462,1.175,8.15,-91.1,25.092,3.2,11.6
10/27/2021,6:00:00,0,B2,-1.05,50019.9,49930.9,87.3,99.9,5.99,247.1,32.69,49939.2,0.05,32460,1.184,8.15,-91,25.085,3.2,11.6
10/27/2021,6:15:00,0,B2,-1.06,50037.9,49935.1,87.6,100.2,6,248,32.69,49944.7,0.04,32464,1.181,8.15,-91,25.098,3.2,11.6
10/27/2021,6:30:00,0,B2,-1.03,50027.7,49932.1,87.4,100,5.99,246.4,32.69,49941,0.04,32462,1.175,8.15,-90.9,25.091,3.2,11.6
10/27/2021,6:45:00,0,B2,-0.95,50041.4,49936.1,87.4,100,5.98,237.9,32.7,49946,0.09,32465,1.165,8.15,-90.9,25.1,3.2,11.6
10/27/2021,7:00:00,0,B2,-0.92,50027,49931.3,87.4,100.1,5.99,241.6,32.69,49940.3,0.5,32461,1.165,8.15,-90.9,25.091,3.2,11.6
10/27/2021,7:15:00,0,B2,-1.01,50040.9,49930.4,87.5,100.1,5.99,241.4,32.69,49940.8,0.28,32461,1.183,8.15,-90.8,25.105,3.2,11.6
10/27/2021,7:30:00,0,B2,-1,50044.8,49938,87.6,100.2,6,241.3,32.7,49948,0.36,32466,1.182,8.15,-90.8,25.101,3.2,11.6
10/27/2021,7:45:00,0,B2,-1.02,50047.3,49929.3,87.6,100.2,6,242.9,32.69,49940.4,0.35,32461,1.182,8.15,-90.8,25.112,3.2,11.6
10/27/2021,8:00:00,0,B2,-0.94,50035.3,49934.6,87.7,100.3,6.01,244.1,32.69,49944.1,0.48,32464,1.165,8.14,-90.8,25.096,3.2,11.6
10/27/2021,8:15:00,0,B2,-0.9,50033.9,49929.2,88.1,100.8,6.03,240.1,32.69,49939,0.53,32460,1.166,8.15,-90.8,25.099,3.2,11.6
10/27/2021,8:30:00,0,B2,-0.93,50040.8,49934.5,88.3,101.1,6.05,242.4,32.69,49944.4,0.41,32464,1.169,8.15,-90.8,25.101,3.2,11.6
10/27/2021,8:45:00,0,B2,-0.98,50040.8,49932.5,88.5,101.3,6.06,244.5,32.69,49942.7,0.47,32463,1.176,8.15,-90.8,25.103,3.2,11.6
10/27/2021,9:00:00,0,B2,-0.93,50030.4,49932.6,89.1,101.9,6.1,248.3,32.69,49941.7,0.38,32462,1.168,8.15,-90.9,25.093,3.2,11.6
10/27/2021,9:15:00,0,B2,-0.98,50033.1,49933.5,89.6,102.5,6.14,247.8,32.69,49942.8,0.4,32463,1.173,8.15,-91,25.095,3.2,11.6
10/27/2021,9:30:00,0,B2,-0.94,50029.5,49930.5,90,103,6.17,247.3,32.69,49939.8,0.49,32461,1.174,8.15,-91.1,25.094,3.2,11.6
10/27/2021,9:45:00,0,B2,-0.96,50027.7,49930.3,90.1,103.1,6.17,249.9,32.69,49939.4,0.44,32461,1.165,8.15,-91.1,25.093,3.2,11.6
10/27/2021,10:00:00,0,B2,-0.94,50027,49933.2,90.6,103.6,6.21,249.5,32.69,49942,0.49,32462,1.169,8.15,-91.1,25.089,3.2,11.6
10/27/2021,10:15:00,0,B2,-0.93,50030.8,49930.9,91.3,104.5,6.26,250.6,32.69,49940.2,0.44,32461,1.165,8.15,-91.3,25.095,3.2,11.6
10/27/2021,10:30:00,0,B2,-0.98,50031.9,49928.6,91.5,104.6,6.27,251.4,32.69,49938.2,0.3,32460,1.169,8.15,-91.3,25.098,3.2,11.6
10/27/2021,10:45:00,0,B2,-0.98,50036.2,49929.9,91.9,105.2,6.3,250.6,32.69,49939.8,0.42,32461,1.174,8.16,-91.4,25.101,3.2,11.6
10/27/2021,11:00:00,0,B2,-0.92,50032.9,49928.3,92.1,105.3,6.31,251.9,32.69,49938,0.46,32460,1.167,8.16,-91.5,25.099,3.2,11.6
10/27/2021,11:15:00,0,B2,-1,50032.8,49926,92.2,105.5,6.31,250.2,32.69,49936,0.41,32458,1.171,8.16,-91.5,25.102,3.2,11.6
10/27/2021,11:30:00,0,B2,-1.03,50040.7,49924.9,92.8,106.2,6.36,251.5,32.69,49935.7,0.37,32458,1.177,8.16,-91.7,25.11,3.2,11.6
10/27/2021,11:45:00,0,B2,-0.99,50041,49924.4,92.9,106.3,6.37,252.1,32.69,49935.4,0.43,32458,1.181,8.16,-91.7,25.111,3.2,11.6
10/27/2021,12:00:00,0,B2,-1.01,50048.6,49926.2,93.2,106.6,6.38,249.1,32.69,49937.6,0.33,32459,1.183,8.16,-91.8,25.116,3.2,11.6
10/27/2021,12:15:00,0,B2,-0.99,50047.3,49923.4,93.3,106.7,6.39,251.4,32.69,49935,0.54,32458,1.174,8.16,-91.8,25.118,3.2,11.6
10/27/2021,12:30:00,0,B2,-0.97,50050.5,49923.3,93.5,107,6.4,252,32.69,49935.2,0.46,32458,1.169,8.17,-92,25.121,3.2,11.6
10/27/2021,12:45:00,0,B2,-0.97,50051.3,49922.7,93.7,107.3,6.42,253.5,32.69,49934.8,0.69,32458,1.172,8.17,-92.1,25.122,3.2,11.6
10/27/2021,13:00:00,0,B2,-0.94,50051.4,49921.1,93.9,107.4,6.43,254.6,32.69,49933.3,0.5,32457,1.166,8.17,-92.1,25.124,3.2,11.6
10/27/2021,13:15:00,0,B2,-0.97,50055.6,49922.2,94,107.6,6.44,254.9,32.69,49934.7,0.62,32458,1.172,8.17,-92.2,25.127,3.2,11.6
10/27/2021,13:30:00,0,B2,-1,50055,49921.3,93.9,107.4,6.43,255.6,32.69,49933.8,0.44,32457,1.175,8.17,-92.2,25.127,3.2,11.6
10/27/2021,13:45:00,0,B2,-0.99,50054.3,49918.6,94.2,107.8,6.45,252,32.68,49931.3,0.41,32455,1.173,8.17,-92.3,25.129,3.2,11.6
10/27/2021,14:00:00,0,B2,-0.99,50057.6,49920.6,94.2,107.8,6.45,244.1,32.69,49933.5,0.38,32457,1.173,8.17,-92.4,25.13,3.2,11.6
10/27/2021,14:15:00,0,B2,-0.95,50056.2,49920.2,94.1,107.7,6.44,251.2,32.69,49932.9,0.36,32456,1.166,8.17,-92.4,25.129,3.2,11.6
10/27/2021,14:30:00,0,B2,-1.01,50058,49919.1,94.1,107.7,6.44,250.6,32.68,49932.1,0.39,32456,1.174,8.17,-92.5,25.132,3.2,11.6
10/27/2021,14:45:00,0,B2,-1,50054.3,49920.5,94.2,107.8,6.45,251.3,32.69,49933,0.42,32456,1.182,8.17,-92.5,25.127,3.2,11.6
10/27/2021,15:00:00,0,B2,-0.99,50053.5,49919.6,94,107.5,6.43,254,32.68,49932.1,0.4,32456,1.165,8.17,-92.5,25.127,3.2,11.6
10/27/2021,15:15:00,0,B2,-0.95,50051.4,49917,94.1,107.7,6.44,254.1,32.68,49929.6,0.44,32454,1.167,8.18,-92.6,25.128,3.2,11.6
10/27/2021,15:30:00,0,B2,-0.99,50048.1,49918.5,94.1,107.6,6.44,253.7,32.68,49930.7,0.46,32455,1.165,8.18,-92.6,25.123,3.2,11.6
10/27/2021,15:45:00,0,B2,-1.03,50045,49918.1,94,107.6,6.44,254,32.68,49930,0.27,32455,1.184,8.18,-92.7,25.121,3.2,11.6
10/27/2021,16:00:00,0,B2,-1,50043.6,49917.2,93.8,107.4,6.43,251.6,32.68,49929,0.32,32454,1.176,8.18,-92.7,25.12,3.2,11.6
10/27/2021,16:15:00,0,B2,-1,50039,49918,93.8,107.3,6.42,252.2,32.68,49929.3,0.37,32454,1.174,8.18,-92.8,25.115,3.2,11.6
10/27/2021,16:30:00,0,B2,-1.01,50037.5,49918,93.7,107.2,6.42,248.5,32.68,49929.2,0.08,32454,1.175,8.18,-92.8,25.114,3.2,11.6
10/27/2021,16:45:00,0,B2,-0.99,50031.1,49917.9,93.5,107,6.41,252,32.68,49928.5,0.23,32454,1.17,8.18,-92.8,25.108,3.2,11.6
10/27/2021,17:00:00,0,B2,-1,50029,49918.9,93.5,106.9,6.4,251.3,32.68,49929.2,0.29,32454,1.169,8.18,-92.8,25.105,3.2,11.6
10/27/2021,17:15:00,0,B2,-0.95,50025.1,49918.6,93.3,106.7,6.39,252.6,32.68,49928.6,0.28,32454,1.167,8.18,-92.8,25.101,3.2,11.6
10/27/2021,17:30:00,0,B2,-1.06,50021.5,49920.5,93.2,106.6,6.39,251.9,32.68,49929.9,0.21,32454,1.176,8.18,-92.9,25.096,3.2,11.6
10/27/2021,17:45:00,0,B2,-1.05,50016.2,49921.2,93,106.4,6.37,253.3,32.68,49930.1,0.27,32455,1.179,8.18,-92.9,25.09,3.2,11.6
10/27/2021,18:00:00,0,B2,-1.01,50013.6,49920.4,92.8,106.2,6.36,253.3,32.68,49929.1,0.28,32454,1.173,8.18,-92.8,25.089,3.2,11.6
10/27/2021,18:15:00,0,B2,-0.99,50003.4,49918.9,92.7,106.1,6.35,254.2,32.68,49926.8,0.23,32452,1.165,8.18,-92.8,25.08,3.2,11.6
10/27/2021,18:30:00,0,B2,-1.03,49998.4,49920.7,92.5,105.8,6.34,253.1,32.68,49927.9,0.22,32453,1.18,8.18,-92.8,25.074,3.2,11.6
10/27/2021,18:45:00,0,B2,-1.04,49995.5,49921.9,92.2,105.5,6.32,252.1,32.68,49928.8,0.2,32454,1.18,8.18,-92.8,25.07,3.2,11.6
10/27/2021,19:00:00,0,B2,-1.04,49993.4,49923.6,92,105.3,6.31,248.1,32.68,49930.2,0.2,32455,1.182,8.18,-92.7,25.066,3.2,11.6
10/27/2021,19:15:00,0,B2,-1.01,49981.3,49923,91.8,105.1,6.3,248.6,32.68,49928.4,0.21,32453,1.173,8.18,-92.8,25.055,3.2,11.6
10/27/2021,19:30:00,0,B2,-1,49987,49924.7,91.8,105,6.29,248.4,32.69,49930.5,0.22,32455,1.166,8.18,-92.7,25.059,3.2,11.6
10/27/2021,19:45:00,0,B2,-1.03,49983.2,49925.1,91.4,104.6,6.27,249.4,32.69,49930.5,0.11,32455,1.17,8.18,-92.7,25.055,3.2,11.6
10/27/2021,20:00:00,0,B2,-1.02,49986.9,49922.4,91.4,104.6,6.26,246.8,32.68,49928.4,0.18,32453,1.172,8.18,-92.7,25.061,3.2,11.6
10/27/2021,20:15:00,0,B2,-1.04,49969.4,49922.7,91,104.1,6.24,250.3,32.68,49927.1,0.17,32453,1.175,8.18,-92.6,25.044,3.2,11.6
10/27/2021,20:30:00,0,B2,-1.04,49982.2,49920,91,104.1,6.24,244.3,32.68,49925.8,0.23,32452,1.183,8.18,-92.6,25.059,3.2,11.6
10/27/2021,20:45:00,0,B2,-1,49985.7,49923.2,90.7,103.7,6.22,246.3,32.68,49929.1,0.12,32454,1.173,8.17,-92.5,25.059,3.2,11.6
10/27/2021,21:00:00,0,B2,-1,49986.8,49920,90.7,103.8,6.22,249.1,32.68,49926.3,0.15,32452,1.167,8.17,-92.5,25.064,3.2,11.6
10/27/2021,21:15:00,0,B2,-1.05,49988.7,49920.8,90.4,103.5,6.2,248.4,32.68,49927.2,0.04,32453,1.174,8.17,-92.5,25.065,3.2,11.6
10/27/2021,21:30:00,0,B2,-1.07,49999.6,49921.6,90.3,103.3,6.19,247.3,32.68,49928.9,0.08,32454,1.183,8.17,-92.4,25.074,3.2,11.6
10/27/2021,21:45:00,0,B2,-1.07,49997.7,49921.9,90.2,103.2,6.18,248.7,32.68,49929,0.02,32454,1.176,8.17,-92.4,25.072,3.2,11.6
10/27/2021,22:00:00,0,B2,-1.05,49987.5,49919.7,90.2,103.2,6.18,243.7,32.68,49926.1,0.1,32452,1.174,8.17,-92.4,25.064,3.2,11.6
10/27/2021,22:15:00,0,B2,-1.02,49990.8,49924.3,89.9,102.8,6.16,247.5,32.69,49930.6,0.1,32455,1.169,8.17,-92.3,25.063,3.2,11.6
10/27/2021,22:30:00,0,B2,-1.07,49992.5,49921,89.7,102.6,6.15,242.5,32.68,49927.7,0.09,32453,1.183,8.17,-92.3,25.068,3.2,11.6
10/27/2021,22:45:00,0,B2,-1.07,49986.1,49919.3,89.5,102.4,6.14,245.6,32.68,49925.5,0.09,32452,1.183,8.17,-92.2,25.063,3.2,11.6
10/27/2021,23:00:00,0,B2,-1.06,49995.5,49925.5,89.3,102.2,6.12,245.4,32.69,49932.1,0.01,32456,1.179,8.17,-92.2,25.067,3.2,11.6
10/27/2021,23:15:00,0,B2,-1.01,49996.9,49931.1,89.2,102.1,6.12,243.5,32.69,49937.2,0.17,32459,1.168,8.17,-92.2,25.063,3.2,11.6
10/27/2021,23:30:00,0,B2,-1.03,49992.4,49924,89.2,102.1,6.12,241.7,32.68,49930.4,0.06,32455,1.167,8.17,-92.1,25.065,3.2,11.6
10/27/2021,23:45:00,0,B2,-1.05,50001.8,49922.2,89.2,102.1,6.12,241.3,32.68,49929.6,0.06,32454,1.174,8.17,-92.1,25.076,3.2,11.6
10/28/2021,0:00:00,0,B2,-1.07,50000.3,49920.6,89.1,102,6.11,242.1,32.68,49928.1,0.06,32453,1.181,8.17,-92,25.076,3.2,11.6
10/28/2021,0:15:00,0,B2,-1.07,49987.2,49921.5,88.8,101.6,6.09,241.2,32.68,49927.7,0.05,32453,1.183,8.17,-92,25.062,3.2,11.6
10/28/2021,0:30:00,0,B2,-1.06,49999.3,49922.7,88.9,101.7,6.09,243.5,32.68,49929.8,0.04,32454,1.183,8.17,-92,25.073,3.2,11.6
10/28/2021,0:45:00,0,B2,-1.01,49988.8,49923.8,88.8,101.6,6.09,244.1,32.68,49929.9,0.1,32454,1.169,8.16,-91.9,25.062,3.2,11.6
10/28/2021,1:00:00,0,B2,-1.03,50002.1,49923.9,88.7,101.5,6.08,246.4,32.69,49931.2,0.03,32455,1.165,8.16,-91.9,25.074,3.2,11.6
10/28/2021,1:15:00,0,B2,-1.06,49998.8,49925.5,88.4,101.2,6.06,245.5,32.69,49932.4,0.03,32456,1.182,8.16,-91.8,25.07,3.2,11.6
10/28/2021,1:30:00,0,B2,-1.08,49996,49920.1,88.4,101.2,6.06,243.6,32.68,49927.2,0.04,32453,1.183,8.16,-91.8,25.072,3.2,11.6
10/28/2021,1:45:00,0,B2,-1.05,50014.1,49924.7,88.6,101.3,6.07,245.1,32.69,49933,0.07,32456,1.174,8.16,-91.8,25.085,3.2,11.6
10/28/2021,2:00:00,0,B2,-1.06,50013,49923,88.5,101.2,6.06,242.4,32.69,49931.5,-0.07,32455,1.174,8.16,-91.7,25.086,3.2,11.6
10/28/2021,2:15:00,0,B2,-1.05,49999.5,49923.6,88.2,100.9,6.05,242.5,32.69,49930.7,0.09,32455,1.175,8.16,-91.7,25.072,3.2,11.6
10/28/2021,2:30:00,0,B2,-1.03,49997.1,49922.9,88.1,100.8,6.04,238,32.68,49929.8,0.09,32454,1.165,8.16,-91.6,25.071,3.2,11.6
10/28/2021,2:45:00,0,B2,-1,50003.8,49921.1,88.2,100.9,6.05,230.7,32.68,49928.8,0.02,32454,1.166,8.16,-91.6,25.079,3.2,11.6
10/28/2021,3:00:00,0,B2,-1.02,49996.4,49923.9,88.1,100.8,6.04,239.7,32.69,49930.7,0.09,32455,1.166,8.16,-91.6,25.069,3.2,11.6
10/28/2021,3:15:00,0,B2,-1.03,50005.3,49924.4,88.1,100.9,6.04,242.1,32.69,49931.9,0.01,32456,1.164,8.16,-91.5,25.077,3.2,11.6
10/28/2021,3:30:00,0,B2,-1.04,50002.5,49922,87.9,100.6,6.02,238.6,32.68,49929.5,0.04,32454,1.174,8.16,-91.5,25.077,3.2,11.6
10/28/2021,3:45:00,0,B2,-1.07,50009.8,49923.4,87.9,100.6,6.02,244.5,32.69,49931.5,0.02,32455,1.177,8.16,-91.4,25.082,3.2,11.6
10/28/2021,4:00:00,0,B2,-1.03,50002.2,49919.1,87.8,100.5,6.02,246.9,32.68,49926.9,-0.09,32452,1.175,8.16,-91.4,25.079,3.2,11.6
10/28/2021,4:15:00,0,B2,-1.01,50003.1,49920.2,87.9,100.5,6.02,244.8,32.68,49927.9,0,32453,1.169,8.15,-91.3,25.079,3.2,11.6
10/28/2021,4:30:00,0,B2,-1,50002.5,49920.8,87.7,100.3,6.01,245.3,32.68,49928.4,0.08,32453,1.167,8.15,-91.3,25.078,3.2,11.6
10/28/2021,4:45:00,0,B2,-1.05,49995.5,49922.1,87.7,100.4,6.01,243.7,32.68,49929,0.04,32454,1.178,8.15,-91.3,25.07,3.2,11.6
10/28/2021,5:00:00,0,B2,-1.03,50007.7,49919.4,87.8,100.4,6.01,246.8,32.68,49927.7,0.05,32453,1.174,8.15,-91.2,25.084,3.2,11.6
10/28/2021,5:15:00,0,B2,-1.01,50011.2,49924.8,87.6,100.3,6.01,246.5,32.69,49932.9,0.01,32456,1.169,8.15,-91.2,25.082,3.2,11.6
10/28/2021,5:30:00,0,B2,-1.05,50003.6,49924.9,87.5,100.1,6,245,32.69,49932.2,0.08,32456,1.173,8.15,-91.2,25.075,3.2,11.6
10/28/2021,5:45:00,0,B2,-1.07,50006.4,49920.6,87.5,100.1,6,244.9,32.68,49928.7,0,32454,1.184,8.15,-91.1,25.082,3.2,11.6
10/28/2021,6:00:00,0,B2,-1.03,50003,49924.4,87.2,99.8,5.98,245.1,32.69,49931.8,0.05,32456,1.176,8.15,-91,25.075,3.2,11.6
10/28/2021,6:15:00,0,B2,-1.01,50015.3,49921.6,87.6,100.2,6,245.2,32.68,49930.4,0.12,32455,1.168,8.15,-91.1,25.089,3.2,11.6
10/28/2021,6:30:00,0,B2,-1.01,49989.5,49923.7,87.3,99.9,5.98,244.6,32.68,49929.8,0.12,32454,1.175,8.15,-91,25.063,3.2,11.6
10/28/2021,6:45:00,0,B2,-0.94,50005.7,49917.4,87.4,100,5.99,245.9,32.68,49925.7,0.23,32452,1.166,8.15,-91,25.084,3.2,11.6
10/28/2021,7:00:00,0,B2,-0.94,50018.2,49919.6,87.3,99.9,5.98,247.1,32.68,49928.8,0.25,32454,1.165,8.15,-90.9,25.094,3.2,11.6
10/28/2021,7:15:00,0,B2,-0.97,50023.1,49922.2,87.4,100,5.99,244.7,32.69,49931.7,0.27,32456,1.169,8.15,-90.9,25.096,3.2,11.6
10/28/2021,7:30:00,0,B2,-0.97,50031.8,49926.8,87.5,100.1,5.99,245.3,32.69,49936.6,0.38,32459,1.178,8.15,-90.8,25.1,3.2,11.6
10/28/2021,7:45:00,0,B2,-0.95,50023.5,49920.7,87.6,100.2,6,244.8,32.68,49930.3,0.42,32455,1.177,8.15,-90.8,25.098,3.2,11.6
10/28/2021,8:00:00,0,B2,-0.95,50018.9,49922.6,87.8,100.4,6.01,244.9,32.69,49931.6,0.46,32456,1.173,8.15,-90.9,25.092,3.2,11.6
10/28/2021,8:15:00,0,B2,-0.92,50026.2,49918.1,88,100.6,6.03,244.6,32.68,49928.2,0.52,32453,1.174,8.15,-90.9,25.103,3.2,11.6
10/28/2021,8:30:00,0,B2,-0.93,50015.5,49917.1,88.2,100.9,6.04,238,32.68,49926.3,0.49,32452,1.175,8.15,-90.9,25.094,3.2,11.6
10/28/2021,8:45:00,0,B2,-0.92,50020.1,49919,88.5,101.3,6.07,240.4,32.68,49928.5,0.49,32454,1.172,8.15,-90.9,25.096,3.2,11.6
10/28/2021,9:00:00,0,B2,-0.91,50020.3,49919.4,88.7,101.5,6.08,236.1,32.68,49928.9,0.44,32454,1.167,8.15,-90.9,25.096,3.2,11.6
10/28/2021,9:15:00,0,B2,-0.95,50016.5,49919.6,89.3,102.2,6.12,241.2,32.68,49928.7,0.43,32454,1.173,8.15,-91,25.092,3.2,11.6
10/28/2021,9:30:00,0,B2,-0.96,50017.8,49920.3,89.7,102.7,6.15,244.5,32.68,49929.4,0.44,32454,1.173,8.15,-91.1,25.093,3.2,11.6
10/28/2021,9:45:00,0,B2,-0.99,50014.1,49918.6,90.4,103.4,6.19,246.5,32.68,49927.5,0.42,32453,1.174,8.15,-91.2,25.091,3.2,11.6
10/28/2021,10:00:00,0,B2,-0.97,50009.8,49918.3,90.4,103.4,6.19,246.6,32.68,49926.9,0.44,32452,1.177,8.15,-91.2,25.087,3.2,11.6
10/28/2021,10:15:00,0,B2,-0.94,50013.9,49917.8,91,104.2,6.24,248.8,32.68,49926.8,0.52,32452,1.167,8.15,-91.3,25.091,3.2,11.6
10/28/2021,10:30:00,0,B2,-0.96,50018.1,49919.6,91.4,104.6,6.26,242.8,32.68,49928.8,0.42,32454,1.172,8.16,-91.4,25.094,3.2,11.6
10/28/2021,10:45:00,0,B2,-0.98,50015.3,49916.9,91.5,104.7,6.27,249.1,32.68,49926.1,0.46,32452,1.174,8.16,-91.4,25.093,3.2,11.6
10/28/2021,11:00:00,0,B2,-0.97,50025.8,49916.6,92.2,105.5,6.31,251.3,32.68,49926.8,0.47,32452,1.172,8.16,-91.5,25.104,3.2,11.6
10/28/2021,11:15:00,0,B2,-1.01,50032,49916.9,92.3,105.6,6.32,253.1,32.68,49927.7,0.49,32453,1.175,8.16,-91.6,25.109,3.2,11.6
10/28/2021,11:30:00,0,B2,-1.02,50032.8,49917,92.4,105.8,6.33,252.9,32.68,49927.8,0.48,32453,1.183,8.16,-91.7,25.11,3.2,11.6
10/28/2021,11:45:00,0,B2,-0.98,50036.8,49914.9,92.9,106.3,6.36,249.5,32.68,49926.3,0.25,32452,1.173,8.16,-91.8,25.116,3.2,11.6
10/28/2021,12:00:00,0,B2,-1,50037.3,49914.1,93,106.4,6.37,251.6,32.68,49925.6,0.51,32452,1.179,8.16,-91.8,25.117,3.2,11.6
10/28/2021,12:15:00,0,B2,-0.97,50043.9,49913.6,93.4,106.9,6.39,252.3,32.68,49925.8,0.49,32452,1.165,8.16,-91.9,25.124,3.2,11.6
10/28/2021,12:30:00,0,B2,-1,50046.3,49912.2,93.9,107.4,6.43,254.4,32.68,49924.8,0.21,32451,1.178,8.17,-92.1,25.127,3.2,11.6
10/28/2021,12:45:00,0,B2,-0.99,50049.6,49913.3,93.4,106.9,6.4,253.2,32.68,49926.1,0.57,32452,1.178,8.17,-92.1,25.13,3.2,11.6
10/28/2021,13:00:00,0,B2,-0.92,50054.4,49910.8,94,107.6,6.44,252.4,32.68,49924.3,0.33,32451,1.176,8.17,-92.2,25.136,3.2,11.6
10/28/2021,13:15:00,0,B2,-0.92,50054.6,49912.9,93.7,107.2,6.41,253.2,32.68,49926.2,0.52,32452,1.165,8.17,-92.2,25.135,3.2,11.6
10/28/2021,13:30:00,0,B2,-0.96,50055.1,49909.7,93.7,107.3,6.42,253.5,32.68,49923.3,0.46,32450,1.17,8.17,-92.3,25.138,3.2,11.6
10/28/2021,13:45:00,0,B2,-0.95,50058.6,49910.9,93.9,107.4,6.43,253.3,32.68,49924.7,0.54,32451,1.173,8.17,-92.3,25.14,3.2,11.6
10/28/2021,14:00:00,0,B2,-1.02,50057.1,49910.1,94,107.5,6.43,250.2,32.68,49923.9,0.42,32451,1.183,8.17,-92.3,25.14,3.2,11.6
10/28/2021,14:15:00,0,B2,-1,50055.3,49909.5,93.9,107.4,6.43,252.4,32.68,49923.2,0.44,32450,1.18,8.17,-92.5,25.139,3.2,11.6
10/28/2021,14:30:00,0,B2,-0.96,50058.9,49911,94.2,107.7,6.45,254.3,32.68,49924.9,0.4,32451,1.166,8.17,-92.5,25.14,3.2,11.6
10/28/2021,14:45:00,0,B2,-0.99,50054.6,49911,94.1,107.6,6.44,254,32.68,49924.5,0.36,32451,1.167,8.17,-92.5,25.136,3.2,11.6
10/28/2021,15:00:00,0,B2,-1.02,50056.7,49912,93.9,107.4,6.43,251.7,32.68,49925.6,0.33,32452,1.181,8.18,-92.6,25.137,3.2,11.6
10/28/2021,15:15:00,0,B2,-0.99,50054,49910.7,93.8,107.3,6.42,254.5,32.68,49924.1,0.38,32451,1.174,8.18,-92.6,25.136,3.2,11.6
10/28/2021,15:30:00,0,B2,-0.97,50053.3,49911.7,93.7,107.2,6.41,255.1,32.68,49924.9,0.4,32451,1.172,8.18,-92.7,25.135,3.2,11.6
10/28/2021,15:45:00,0,B2,-0.95,50053.8,49909.5,93.6,107.1,6.41,250.3,32.68,49923.1,0.39,32450,1.169,8.18,-92.7,25.137,3.2,11.6
10/28/2021,16:00:00,0,B2,-0.94,50052.1,49911.3,93.6,107.1,6.41,251.9,32.68,49924.5,0.43,32451,1.165,8.18,-92.7,25.134,3.2,11.6
10/28/2021,16:15:00,0,B2,-1,50052.1,49910.2,93.4,106.9,6.4,251.5,32.68,49923.5,0.33,32450,1.17,8.18,-92.7,25.135,3.2,11.6
10/28/2021,16:30:00,0,B2,-1,50050.7,49911,93.3,106.8,6.39,240.5,32.68,49924.1,0.49,32451,1.173,8.18,-92.8,25.133,3.2,11.6
10/28/2021,16:45:00,0,B2,-0.98,50048.2,49910.9,93.2,106.6,6.38,247.6,32.68,49923.8,0.32,32450,1.171,8.18,-92.8,25.13,3.2,11.6
10/28/2021,17:00:00,0,B2,-1.04,50046,49911.3,93.1,106.5,6.37,249.3,32.68,49923.9,0.27,32451,1.175,8.18,-92.8,25.128,3.2,11.6
10/28/2021,17:15:00,0,B2,-1.01,50042.2,49911,92.9,106.3,6.36,250.4,32.68,49923.3,0.43,32450,1.183,8.18,-92.8,25.125,3.2,11.6
10/28/2021,17:30:00,0,B2,-1.02,50040.1,49910.5,92.8,106.2,6.35,251.9,32.68,49922.6,0.17,32450,1.175,8.18,-92.8,25.123,3.2,11.6
10/28/2021,17:45:00,0,B2,-1.01,50038.3,49911.7,92.6,105.9,6.34,252.6,32.68,49923.6,0.26,32450,1.173,8.18,-92.8,25.12,3.2,11.6
10/28/2021,18:00:00,0,B2,-1,50033.9,49910.4,92.5,105.8,6.34,252.6,32.68,49921.9,0.3,32449,1.173,8.18,-92.8,25.117,3.2,11.6
10/28/2021,18:15:00,0,B2,-1.03,50032.7,49910.1,92.3,105.6,6.32,246.8,32.68,49921.6,0.19,32449,1.184,8.18,-92.8,25.117,3.2,11.6
10/28/2021,18:30:00,0,B2,-1.05,50029.1,49913,92.2,105.4,6.31,248.9,32.68,49923.9,0.15,32451,1.182,8.18,-92.8,25.11,3.2,11.6
10/28/2021,18:45:00,0,B2,-1.04,50025.5,49913.6,91.9,105.2,6.3,249.4,32.68,49924.1,0.17,32451,1.183,8.18,-92.8,25.106,3.2,11.6
10/28/2021,19:00:00,0,B2,-1.06,50021.7,49912.7,91.8,105,6.29,250.5,32.68,49922.9,0.12,32450,1.181,8.18,-92.8,25.104,3.2,11.6
10/28/2021,19:15:00,0,B2,-1.04,50014.7,49913.5,91.7,104.9,6.28,251.1,32.68,49923,0.17,32450,1.178,8.18,-92.7,25.096,3.2,11.6
10/28/2021,19:30:00,0,B2,-1.02,50013,49913.5,91.5,104.7,6.27,251.5,32.68,49922.8,0.08,32450,1.175,8.18,-92.7,25.095,3.2,11.6
10/28/2021,19:45:00,0,B2,-0.97,50003.8,49913.1,91.3,104.5,6.26,249.6,32.68,49921.6,0.2,32449,1.167,8.18,-92.7,25.086,3.2,11.6
10/28/2021,20:00:00,0,B2,-1.03,49998.1,49913,91,104.2,6.24,247.9,32.68,49921,0.15,32449,1.176,8.18,-92.6,25.081,3.2,11.6
10/28/2021,20:15:00,0,B2,-1.02,49995.6,49913.6,91,104.1,6.24,249.6,32.68,49921.3,0.11,32449,1.174,8.18,-92.6,25.078,3.2,11.6
10/28/2021,20:30:00,0,B2,-1.04,49991,49915.8,90.8,103.9,6.22,250.3,32.68,49922.8,0.16,32450,1.176,8.18,-92.6,25.071,3.2,11.6
10/28/2021,20:45:00,0,B2,-1.04,49985.6,49916.1,90.7,103.7,6.22,249.6,32.68,49922.6,0.07,32450,1.177,8.18,-92.6,25.066,3.2,11.6
10/28/2021,21:00:00,0,B2,-1.04,49978.8,49919.3,90.3,103.3,6.19,250.2,32.68,49924.9,0.12,32451,1.179,8.17,-92.5,25.057,3.2,11.6
10/28/2021,21:15:00,0,B2,-1.04,49973.4,49913.8,90.2,103.2,6.18,251.1,32.68,49919.4,0.13,32448,1.179,8.17,-92.4,25.057,3.2,11.6
10/28/2021,21:30:00,0,B2,-1.03,49978.6,49916,90.2,103.2,6.18,250.5,32.68,49921.9,0.29,32449,1.18,8.17,-92.4,25.059,3.2,11.6
10/28/2021,21:45:00,0,B2,-1.04,49977.6,49917.1,90,103,6.17,248.4,32.68,49922.8,0.09,32450,1.18,8.17,-92.4,25.057,3.2,11.6
10/28/2021,22:00:00,0,B2,-1.06,49974.6,49915.7,89.9,102.9,6.16,249.3,32.68,49921.3,0.04,32449,1.179,8.17,-92.4,25.056,3.2,11.6
10/28/2021,22:15:00,0,B2,-1.06,49978.1,49915.7,89.7,102.7,6.15,249.4,32.68,49921.5,0.05,32449,1.18,8.17,-92.3,25.059,3.2,11.6
10/28/2021,22:30:00,0,B2,-1.04,49966.5,49916.2,89.6,102.5,6.15,250,32.68,49920.9,0.13,32449,1.18,8.17,-92.3,25.048,3.2,11.6
10/28/2021,22:45:00,0,B2,-1.05,49980.3,49917.4,89.5,102.5,6.14,249.6,32.68,49923.3,0.05,32450,1.179,8.17,-92.3,25.06,3.2,11.6
10/28/2021,23:00:00,0,B2,-1.04,49979.4,49917,89.4,102.3,6.13,247.1,32.68,49922.9,0.01,32450,1.176,8.17,-92.2,25.059,3.2,11.6
10/28/2021,23:15:00,0,B2,-1.05,49977.7,49918.9,89.4,102.2,6.13,248.4,32.68,49924.4,0.03,32451,1.181,8.17,-92.2,25.056,3.2,11.6
10/28/2021,23:30:00,0,B2,-1.03,49978.2,49915.9,89.2,102.1,6.12,248.9,32.68,49921.7,0.02,32449,1.175,8.17,-92.2,25.059,3.2,11.6
10/28/2021,23:45:00,0,B2,-0.99,49979.8,49917.1,89.2,102,6.11,248.4,32.68,49923,0.08,32450,1.167,8.17,-92.1,25.06,3.2,11.6
10/29/2021,0:00:00,0,B2,-1.03,49970.6,49917.4,89.1,101.9,6.11,249.6,32.68,49922.3,0.11,32450,1.172,8.17,-92.1,25.051,3.2,11.6
10/29/2021,0:15:00,0,B2,-1.06,49979.2,49917,89,101.9,6.1,242.4,32.68,49922.8,0.09,32450,1.182,8.17,-92,25.059,3.2,11.6
10/29/2021,0:30:00,0,B2,-1.08,49981.1,49916,88.9,101.7,6.1,246.4,32.68,49922,-0.03,32449,1.182,8.16,-91.9,25.062,3.2,11.6
10/29/2021,0:45:00,0,B2,-1.07,49981.2,49918.5,88.8,101.6,6.09,247.7,32.68,49924.3,0,32451,1.182,8.17,-92,25.06,3.2,11.6
10/29/2021,1:00:00,0,B2,-1.07,49980,49916.5,88.6,101.3,6.07,248.3,32.68,49922.4,0.04,32450,1.183,8.16,-91.9,25.06,3.2,11.6
10/29/2021,1:15:00,0,B2,-1.03,49974.9,49915.4,88.4,101.2,6.06,248.3,32.68,49921,0.03,32449,1.175,8.16,-91.8,25.057,3.2,11.6
10/29/2021,1:30:00,0,B2,-1.07,49978.2,49919.2,88.5,101.2,6.07,245.6,32.68,49924.7,0.04,32451,1.175,8.16,-91.8,25.056,3.2,11.6
10/29/2021,1:45:00,0,B2,-1.04,49979.9,49918.4,88.4,101.1,6.06,245.9,32.68,49924.2,0.1,32451,1.179,8.16,-91.8,25.058,3.2,11.6
10/29/2021,2:00:00,0,B2,-1,49990.6,49918.8,88.5,101.3,6.07,246.6,32.68,49925.5,-0.02,32452,1.167,8.16,-91.8,25.068,3.2,11.6
10/29/2021,2:15:00,0,B2,-1.04,49984.2,49918.3,88.3,101,6.05,247.9,32.68,49924.4,0.01,32451,1.169,8.16,-91.7,25.063,3.2,11.6
10/29/2021,2:30:00,0,B2,-1.03,49986.5,49918.9,88.3,101.1,6.06,248.2,32.68,49925.2,0.02,32451,1.175,8.16,-91.7,25.064,3.2,11.6
10/29/2021,2:45:00,0,B2,-1.04,49983.5,49916.6,88.3,101,6.05,244.3,32.68,49922.9,0.06,32450,1.179,8.16,-91.6,25.064,3.2,11.6
10/29/2021,3:00:00,0,B2,-1.05,49986.5,49920.7,88.2,100.9,6.04,245.8,32.68,49926.8,0.06,32452,1.177,8.16,-91.6,25.063,3.2,11.6
10/29/2021,3:15:00,0,B2,-1.05,49972,49919.7,87.5,100.1,6,246.6,32.68,49924.6,0.11,32451,1.174,8.16,-91.5,25.05,3.2,11.6
10/29/2021,3:30:00,0,B2,-1.01,49982.3,49915.9,88,100.6,6.03,243.9,32.68,49922.1,0.13,32449,1.172,8.16,-91.5,25.063,3.2,11.6
10/29/2021,3:45:00,0,B2,-1.04,49990.8,49919,88.1,100.8,6.04,246.3,32.68,49925.7,-0.02,32452,1.172,8.16,-91.5,25.068,3.2,11.6
10/29/2021,4:00:00,0,B2,-1.02,49997.8,49922.6,87.9,100.5,6.02,246.1,32.68,49929.6,-0.04,32454,1.173,8.16,-91.4,25.072,3.2,11.6
10/29/2021,4:15:00,0,B2,-1.01,50000.7,49921,87.9,100.6,6.02,247.3,32.68,49928.4,0.04,32453,1.165,8.16,-91.4,25.076,3.2,11.6
10/29/2021,4:30:00,0,B2,-1.02,49998,49920,87.8,100.5,6.02,247.9,32.68,49927.3,0,32453,1.176,8.15,-91.3,25.074,3.2,11.6
10/29/2021,4:45:00,0,B2,-1.03,49997.8,49920.6,87.8,100.5,6.02,248.9,32.68,49927.8,0.01,32453,1.174,8.15,-91.3,25.073,3.2,11.6
10/29/2021,5:00:00,0,B2,-1.02,49988.1,49917.7,87.7,100.3,6.01,245.6,32.68,49924.3,0.09,32451,1.174,8.15,-91.2,25.067,3.2,11.6
10/29/2021,5:15:00,0,B2,-1.01,49995.5,49920.6,87.8,100.5,6.02,246.1,32.68,49927.6,0.03,32453,1.173,8.15,-91.2,25.071,3.2,11.6
10/29/2021,5:30:00,0,B2,-1.02,49992.8,49917.5,87.5,100.2,6,247.4,32.68,49924.6,0.21,32451,1.177,8.15,-91.2,25.072,3.2,11.6
10/29/2021,5:45:00,0,B2,-1.01,50000.8,49922.7,87.6,100.3,6.01,244.8,32.68,49930,0,32454,1.176,8.15,-91.1,25.074,3.2,11.6
10/29/2021,6:00:00,0,B2,-1.01,49998.1,49919.4,87.6,100.2,6,246.9,32.68,49926.8,0.14,32452,1.176,8.15,-91.1,25.075,3.2,11.6
10/29/2021,6:15:00,0,B2,-1.01,49997.9,49918.6,87.6,100.2,6,247.9,32.68,49926,0.06,32452,1.176,8.15,-91,25.075,3.2,11.6
10/29/2021,6:30:00,0,B2,-1.01,49996.2,49921.8,87.5,100.1,6,245.7,32.68,49928.7,0.1,32454,1.179,8.15,-91,25.071,3.2,11.6
10/29/2021,6:45:00,0,B2,-0.92,49990.2,49921.3,87.2,99.8,5.98,247,32.68,49927.8,0.28,32453,1.171,8.15,-90.9,25.065,3.2,11.6
10/29/2021,7:00:00,0,B2,-0.92,50010.9,49915.3,87.6,100.2,6,247,32.68,49924.2,0.35,32451,1.165,8.15,-90.9,25.091,3.2,11.6
10/29/2021,7:15:00,0,B2,-0.89,50014.2,49921,87.5,100.1,6,247.7,32.68,49929.7,0.39,32454,1.166,8.15,-90.9,25.089,3.2,11.6
10/29/2021,7:30:00,0,B2,-0.89,50000.5,49919.4,87.5,100.2,6,247.3,32.68,49927,0.52,32453,1.169,8.15,-90.9,25.077,3.2,11.6
10/29/2021,7:45:00,0,B2,-0.9,50016.5,49921.8,87.7,100.3,6.01,248.1,32.68,49930.6,0.49,32455,1.168,8.15,-90.8,25.09,3.2,11.6
10/29/2021,8:00:00,0,B2,-0.91,50016.7,49920.2,87.8,100.5,6.02,246.6,32.68,49929.2,0.53,32454,1.175,8.15,-90.8,25.092,3.2,11.6
10/29/2021,8:15:00,0,B2,-0.96,50005.2,49919.7,88.1,100.8,6.04,242,32.68,49927.7,0.5,32453,1.18,8.15,-90.9,25.081,3.2,11.6
10/29/2021,8:30:00,0,B2,-0.93,50011.1,49919.8,88.3,101.1,6.05,246.4,32.68,49928.4,0.51,32453,1.176,8.15,-90.9,25.087,3.2,11.6
10/29/2021,8:45:00,0,B2,-0.89,50007.6,49920.2,88.6,101.3,6.07,247.9,32.68,49928.4,0.54,32453,1.17,8.15,-90.9,25.083,3.2,11.6
10/29/2021,9:00:00,0,B2,-0.94,50006.7,49920.9,89.1,101.9,6.11,248.4,32.68,49928.9,0.57,32454,1.175,8.15,-91,25.082,3.2,11.6
10/29/2021,9:15:00,0,B2,-0.94,50011.5,49922.4,89.2,102.1,6.11,248.8,32.68,49930.7,0.57,32455,1.173,8.15,-91,25.085,3.2,11.6
10/29/2021,9:30:00,0,B2,-0.91,50010.4,49921.2,90,102.9,6.16,246.1,32.68,49929.5,0.59,32454,1.169,8.15,-91.1,25.085,3.2,11.6
10/29/2021,9:45:00,0,B2,-0.95,50012.2,49918.8,89.9,102.9,6.16,245,32.68,49927.6,0.38,32453,1.174,8.15,-91.1,25.089,3.2,11.6
10/29/2021,10:00:00,0,B2,-0.91,50015.6,49919.7,90.3,103.3,6.19,246.6,32.68,49928.7,0.67,32454,1.173,8.15,-91.2,25.091,3.2,11.6
10/29/2021,10:15:00,0,B2,-0.96,50019.9,49916.2,90.8,103.9,6.22,249.5,32.68,49925.9,0.52,32452,1.18,8.15,-91.2,25.099,3.2,11.6
10/29/2021,10:30:00,0,B2,-0.99,50029.2,49919.1,91.1,104.2,6.24,247.1,32.68,49929.4,0.39,32454,1.183,8.16,-91.4,25.105,3.2,11.6
10/29/2021,10:45:00,0,B2,-0.97,50031,49917.8,91.3,104.5,6.26,250.6,32.68,49928.4,0.43,32453,1.184,8.16,-91.4,25.108,3.2,11.6
10/29/2021,11:00:00,0,B2,-0.94,50044.6,49912.5,92.1,105.4,6.31,252.4,32.68,49924.9,-0.16,32451,1.174,8.16,-91.5,25.126,3.2,11.6
10/29/2021,11:15:00,0,B2,-0.94,50047,49914.5,92.1,105.4,6.31,252.7,32.68,49926.9,0.53,32453,1.17,8.16,-91.5,25.126,3.2,11.6
10/29/2021,11:30:00,0,B2,-0.92,50054.4,49913.1,92.3,105.6,6.32,252.4,32.68,49926.4,0.51,32452,1.168,8.16,-91.6,25.134,3.2,11.6
10/29/2021,11:45:00,0,B2,-0.89,50059.9,49914,92.8,106.2,6.35,251.6,32.68,49927.6,0.43,32453,1.166,8.16,-91.7,25.139,3.2,11.6
