Time Interval,Date,Temperature (ºF),Temperature (ºC),pH (mV),Salinity (PSU),Conductivity (µS/cm),"Conductivity, Non-Linear Function (µS/cm)","Conductivity, Specific (µS/cm)",Dissolved Oxygen (mg/L),"Dissolved Oxygen, Saturated (%)","Dissolved Oxygen, Local (%)",Oxygen Reduction Potential (mV),Chlorophyll (RFU),Total Algae (RFU),Total Dissolved Solids (mg/L),pH (YSI),Turbidity (RFU),Phosphate (mg/L),"Nitrate, Mid-Range (mg/L)","Nitrate, High-Range (mg/L)",pH_Hach,Alkalinity (mg/L CaCO3),Silica (mg/L),Iron (mg/L),Ammonia (mg/L)
Weekly,2011-07-23,76.2125,24.6,NA,29.7,45500,NA,NA,NA,NA,NA,261.5,NA,NA,NA,8.5,NA,NA,NA,NA,NA,NA,NA,NA,NA
Weekly,2011-07-30,77.0563,25.2,NA,29.6,45700,NA,NA,NA,NA,NA,277,NA,NA,NA,8.5,NA,NA,NA,NA,NA,NA,NA,NA,NA
Weekly,2011-08-06,79.0812,26.2,NA,29.2,46300,NA,NA,NA,NA,NA,277,NA,NA,NA,8.5,NA,NA,NA,NA,NA,NA,NA,NA,NA
Weekly,2011-08-13,80.2625,26.8,NA,29.2,46900,NA,NA,NA,NA,NA,278,NA,NA,NA,8.5,NA,NA,NA,NA,NA,NA,NA,NA,NA
Weekly,2011-08-20,78.7438,26,NA,29.1,46000,NA,NA,NA,NA,NA,285,NA,NA,NA,8.5,NA,NA,NA,NA,NA,NA,NA,NA,NA
Weekly,2011-08-27,78.2375,25.7,NA,29.1,45700,NA,NA,NA,NA,NA,295,NA,NA,NA,8.5,NA,NA,NA,NA,NA,NA,NA,NA,NA
Weekly,2011-09-03,78.575,25.9,NA,29,45800,NA,NA,NA,NA,NA,294,NA,NA,NA,8.6,NA,NA,NA,NA,NA,NA,NA,NA,NA
Weekly,2011-09-10,78.125,25.7,NA,28.9,45500,NA,NA,NA,NA,NA,301,NA,NA,NA,8.6,NA,NA,NA,NA,NA,NA,NA,NA,NA
Weekly,2011-09-17,76.9438,25,NA,28.9,44800,NA,NA,NA,NA,NA,301,NA,NA,NA,8.6,NA,NA,NA,NA,NA,NA,NA,NA,NA
Weekly,2011-09-24,77.16874999999999,25.1,NA,28.8,44800,NA,NA,NA,NA,NA,302,NA,NA,NA,8.6,NA,NA,NA,NA,NA,NA,NA,NA,NA
Weekly,2011-10-01,78.2375,25.7,NA,28.8,45300,NA,NA,NA,NA,NA,300,NA,NA,NA,8.6,NA,NA,NA,NA,NA,NA,NA,NA,NA
Weekly,2011-10-08,78.35,25.8,NA,28.8,45300,NA,NA,NA,NA,NA,305,NA,NA,NA,8.6,NA,NA,NA,NA,NA,NA,NA,NA,NA
Weekly,2011-10-15,79.7563,26.5,NA,28.8,46000,NA,NA,NA,NA,NA,319,NA,NA,NA,8.5,NA,NA,NA,NA,NA,NA,NA,NA,NA
Weekly,2011-10-22,78.0125,25.6,NA,28.8,45200,NA,NA,NA,NA,NA,341,NA,NA,NA,8.5,NA,NA,NA,NA,NA,NA,NA,NA,NA
Weekly,2011-10-29,78.2938,25.7,NA,28.8,45400,NA,NA,NA,NA,NA,367,NA,NA,NA,8.5,NA,NA,NA,NA,NA,NA,NA,NA,NA
Weekly,2011-11-05,78.1813,25.7,NA,28.8,45300,NA,NA,NA,NA,NA,371,NA,NA,NA,8.6,NA,NA,NA,NA,NA,NA,NA,NA,NA
Weekly,2011-11-12,78.5187,25.8,NA,28.2,44500,NA,NA,NA,NA,NA,381,NA,NA,NA,8.5,NA,NA,NA,NA,NA,NA,NA,NA,NA
Weekly,2011-11-19,79.4188,26.3,NA,26.8,42900,NA,NA,NA,NA,NA,382,NA,NA,NA,8.5,NA,NA,NA,NA,NA,NA,NA,NA,NA
Weekly,2011-11-26,78.9688,26.1,NA,26.6,42400,NA,NA,NA,NA,NA,382,NA,NA,NA,8.5,NA,NA,NA,NA,NA,NA,NA,NA,NA
Weekly,2011-12-03,78.9125,26,NA,26.6,42500,NA,NA,NA,NA,NA,385,NA,NA,NA,8.5,NA,NA,NA,NA,NA,NA,NA,NA,NA
Weekly,2011-12-10,78.6875,25.9,NA,26.7,42400,NA,NA,NA,NA,NA,395,NA,NA,NA,8.5,NA,NA,NA,NA,NA,NA,NA,NA,NA
Weekly,2011-12-17,77.675,25.4,NA,26.7,42100,NA,NA,NA,NA,NA,366,NA,NA,NA,8.5,NA,NA,NA,NA,NA,NA,NA,NA,NA
Weekly,2011-12-24,79.25,26.2,NA,26.9,43000,NA,NA,NA,NA,NA,377,NA,NA,NA,8.5,NA,NA,NA,NA,NA,NA,NA,NA,NA
Weekly,2011-12-31,79.7,26.5,NA,26.9,43300,NA,NA,NA,NA,NA,385,NA,NA,NA,8.5,NA,NA,NA,NA,NA,NA,NA,NA,NA
Weekly,2012-01-07,80.15,26.7,NA,27,43500,NA,NA,NA,NA,NA,391,NA,NA,NA,8.5,NA,NA,NA,NA,NA,NA,NA,NA,NA
Weekly,2012-01-14,79.475,26.4,NA,27.1,43400,NA,NA,NA,NA,NA,389,NA,NA,NA,8.5,NA,NA,NA,NA,NA,NA,NA,NA,NA
Weekly,2012-01-21,80.6,27,NA,27.2,44000,NA,NA,NA,NA,NA,371,NA,NA,NA,8.5,NA,NA,NA,NA,NA,NA,NA,NA,NA
Weekly,2012-01-28,79.7563,26.5,NA,27.1,43600,NA,NA,NA,NA,NA,368,NA,NA,NA,8.6,NA,NA,NA,NA,NA,NA,NA,NA,NA
Weekly,2012-02-04,80.3188,26.8,NA,27.1,43700,NA,NA,NA,NA,NA,352,NA,NA,NA,8.6,NA,NA,NA,NA,NA,NA,NA,NA,NA
Weekly,2012-02-11,80.0938,26.6,NA,27,43600,NA,NA,NA,NA,NA,353,NA,NA,NA,8.6,NA,NA,NA,NA,NA,NA,NA,NA,NA
Weekly,2012-02-18,79.8125,26.5,NA,26.9,43300,NA,NA,NA,NA,NA,340,NA,NA,NA,8.6,NA,NA,NA,NA,NA,NA,NA,NA,NA
Weekly,2012-02-25,79.1938,26.2,NA,26.8,42800,NA,NA,NA,NA,NA,358,NA,NA,NA,8.6,NA,NA,NA,NA,NA,NA,NA,NA,NA
Weekly,2012-03-03,80.2625,26.8,NA,26.7,43300,NA,NA,NA,NA,NA,363,NA,NA,NA,8.6,NA,NA,NA,NA,NA,NA,NA,NA,NA
Weekly,2012-03-10,79.1375,26.1,NA,26.7,42600,NA,NA,NA,NA,NA,382,NA,NA,NA,8.7,NA,NA,NA,NA,NA,NA,NA,NA,NA
Weekly,2012-03-17,79.9813,26.6,NA,26.4,42600,NA,NA,NA,NA,NA,402,NA,NA,NA,8.7,NA,NA,NA,NA,NA,NA,NA,NA,NA
Weekly,2012-03-24,79.1375,26.1,NA,26.5,42400,NA,NA,NA,NA,NA,408,NA,NA,NA,8.7,NA,NA,NA,NA,NA,NA,NA,NA,NA
Weekly,2012-03-31,79.475,26.4,NA,26.5,42500,NA,NA,NA,NA,NA,392,NA,NA,NA,8.7,NA,NA,NA,NA,NA,NA,NA,NA,NA
Weekly,2012-04-07,78.8563,26,NA,26.4,42100,NA,NA,NA,NA,NA,389,NA,NA,NA,8.7,NA,NA,NA,NA,NA,NA,NA,NA,NA
Weekly,2012-04-14,78.9688,26.1,NA,26.3,42000,NA,NA,NA,NA,NA,389,NA,NA,NA,8.7,NA,NA,NA,NA,NA,NA,NA,NA,NA
Weekly,2012-04-21,79.0812,26.2,NA,26.2,42100,NA,NA,NA,NA,NA,387,NA,NA,NA,8.7,NA,NA,NA,NA,NA,NA,NA,NA,NA
Weekly,2012-04-28,78.5187,25.8,NA,26.3,41800,NA,NA,NA,NA,NA,352,NA,NA,NA,8.7,NA,NA,NA,NA,NA,NA,NA,NA,NA
Weekly,2012-05-05,78.125,25.7,NA,26.3,41700,NA,NA,NA,NA,NA,349,NA,NA,NA,8.8,NA,NA,NA,NA,NA,NA,NA,NA,NA
Weekly,2012-05-12,76.1563,24.5,NA,26.2,40600,NA,NA,NA,NA,NA,353,NA,NA,NA,8.8,NA,NA,NA,NA,NA,NA,NA,NA,NA
Weekly,2012-05-19,76.8312,24.9,NA,26.1,40800,NA,NA,NA,NA,NA,330,NA,NA,NA,8.8,NA,NA,NA,NA,NA,NA,NA,NA,NA
Weekly,2012-07-14,76.1563,24.5,NA,25.9,40200,NA,NA,NA,NA,NA,310,NA,NA,NA,8.8,NA,NA,NA,NA,NA,NA,NA,NA,NA
Weekly,2012-07-21,76.9438,25,NA,25.9,40500,NA,NA,NA,NA,NA,300,NA,NA,NA,8.8,NA,NA,NA,NA,NA,NA,NA,NA,NA
Weekly,2012-07-28,78.0688,25.6,NA,25.8,40900,NA,NA,NA,NA,NA,293,NA,NA,NA,8.8,NA,NA,NA,NA,NA,NA,NA,NA,NA
Weekly,2012-08-04,77.0563,25,NA,25.7,40400,NA,NA,NA,NA,NA,294,NA,NA,NA,8.8,NA,NA,NA,NA,NA,NA,NA,NA,NA
Weekly,2012-08-11,76.7188,24.9,NA,25.6,33900,NA,NA,NA,NA,NA,287,NA,NA,NA,8.8,NA,NA,NA,NA,NA,NA,NA,NA,NA
Weekly,2012-08-18,76.0438,24.5,NA,25.6,39800,NA,NA,NA,NA,NA,285.5,NA,NA,NA,8.8,NA,NA,NA,NA,NA,NA,NA,NA,NA
Weekly,2012-08-25,75.3125,24.1,NA,25.6,39500,NA,NA,NA,NA,NA,283,NA,NA,NA,8.8,NA,NA,NA,NA,NA,NA,NA,NA,NA
Weekly,2012-09-01,76.0438,24.5,NA,25.6,39800,NA,NA,NA,NA,NA,273,NA,NA,NA,8.8,NA,NA,NA,NA,NA,NA,NA,NA,NA
Weekly,2012-09-08,76.4375,24.7,NA,25.7,40100,NA,NA,NA,NA,NA,267,NA,NA,NA,8.8,NA,NA,NA,NA,NA,NA,NA,NA,NA
Weekly,2012-09-15,75.9875,24.4,NA,25.3,38500,NA,NA,NA,NA,NA,266,NA,NA,NA,8.8,NA,NA,NA,NA,NA,NA,NA,NA,NA
Weekly,2012-09-22,75.4813,24.2,NA,25.5,35100,NA,NA,NA,NA,NA,256,NA,NA,NA,8.8,NA,NA,NA,NA,NA,NA,NA,NA,NA
Weekly,2012-09-29,75.5375,24.2,NA,25.5,39400,NA,NA,NA,NA,NA,248,NA,NA,NA,8.8,NA,NA,NA,NA,NA,NA,NA,NA,NA
Weekly,2012-10-06,75.3688,24.1,NA,25.7,36400,NA,NA,NA,NA,NA,245,NA,NA,NA,8.8,NA,NA,NA,NA,NA,NA,NA,NA,NA
Weekly,2012-10-13,72.3313,22.5,NA,25.7,38300,NA,NA,NA,NA,NA,249,NA,NA,NA,8.8,NA,NA,NA,NA,NA,NA,NA,NA,NA
Weekly,2012-10-20,71.15,21.7,NA,25.6,37700,NA,NA,NA,NA,NA,249,NA,NA,NA,8.8,NA,NA,NA,NA,NA,NA,NA,NA,NA
Weekly,2013-01-12,79.925,26.4,NA,25.6,41300,NA,NA,NA,NA,NA,206,NA,NA,NA,8.7,NA,NA,NA,NA,NA,NA,NA,NA,NA
Weekly,2013-02-02,79.8688,26.5,NA,25.6,41400,NA,NA,NA,NA,NA,206,NA,NA,NA,8.7,NA,NA,NA,NA,NA,NA,NA,NA,NA
Weekly,2013-02-09,79.8688,26.5,NA,25.6,41400,NA,NA,NA,NA,NA,204,NA,NA,NA,8.7,NA,NA,NA,NA,NA,NA,NA,NA,NA
Weekly,2013-02-16,79.5875,26.3,NA,25.6,41100,NA,NA,NA,NA,NA,201,NA,NA,NA,8.7,NA,NA,NA,NA,NA,NA,NA,NA,NA
Weekly,2013-02-23,79.475,26.2,NA,25.6,41200,NA,NA,NA,NA,NA,199,NA,NA,NA,8.8,NA,NA,NA,NA,NA,NA,NA,NA,NA
Weekly,2013-03-02,79.0812,26.1,NA,25.6,41000,NA,NA,NA,NA,NA,197,NA,NA,NA,8.8,NA,NA,NA,NA,NA,NA,NA,NA,NA
Weekly,2013-03-09,79.925,26.5,NA,25.6,41400,NA,NA,NA,NA,NA,195,NA,NA,NA,8.8,NA,NA,NA,NA,NA,NA,NA,NA,NA
Weekly,2013-03-16,79.925,26.6,NA,25.6,41400,NA,NA,NA,NA,NA,195,NA,NA,NA,8.8,NA,NA,NA,NA,NA,NA,NA,NA,NA
Weekly,2013-03-23,80.9938,27.2,NA,25.7,42000,NA,NA,NA,NA,NA,187,NA,NA,NA,8.8,NA,NA,NA,NA,NA,NA,NA,NA,NA
Weekly,2013-03-30,80.375,26.9,NA,25.7,41800,NA,NA,NA,NA,NA,185,NA,NA,NA,8.8,NA,NA,NA,NA,NA,NA,NA,NA,NA
Weekly,2013-04-06,80.0375,26.6,NA,25.7,41700,NA,NA,NA,NA,NA,192,NA,NA,NA,8.8,NA,NA,NA,NA,NA,NA,NA,NA,NA
Weekly,2013-04-13,80.0375,26.6,NA,25.7,41600,NA,NA,NA,NA,NA,198,NA,NA,NA,8.9,NA,NA,NA,NA,NA,NA,NA,NA,NA
Weekly,2013-07-13,74.8625,23.9,NA,25.2,38700,NA,NA,NA,NA,NA,176,NA,NA,NA,8.9,NA,NA,NA,NA,NA,NA,NA,NA,NA
Weekly,2013-07-20,75.1437,24,NA,25.2,38800,NA,NA,NA,NA,NA,180,NA,NA,NA,8.8,NA,NA,NA,NA,NA,NA,NA,NA,NA
Weekly,2013-07-27,74.5812,23.7,NA,25.2,38600,NA,NA,NA,NA,NA,180,NA,NA,NA,8.8,NA,NA,NA,NA,NA,NA,NA,NA,NA
Weekly,2013-08-03,73.6813,23.2,NA,25.1,38100,NA,NA,NA,NA,NA,184,NA,NA,NA,8.8,NA,NA,NA,NA,NA,NA,NA,NA,NA
Weekly,2013-08-10,73.4,23,NA,25.1,37900,NA,NA,NA,NA,NA,182,NA,NA,NA,8.8,NA,NA,NA,NA,NA,NA,NA,NA,NA
Weekly,2013-08-17,74.2438,23.5,NA,25,38100,NA,NA,NA,NA,NA,179,NA,NA,NA,8.8,NA,NA,NA,NA,NA,NA,NA,NA,NA
Weekly,2013-08-24,74.6938,23.8,NA,25,38300,NA,NA,NA,NA,NA,177,NA,NA,NA,8.8,NA,NA,NA,NA,NA,NA,NA,NA,NA
Weekly,2013-08-31,73.9625,23.4,NA,24.9,37900,NA,NA,NA,NA,NA,178,NA,NA,NA,8.8,NA,NA,NA,NA,NA,NA,NA,NA,NA
Weekly,2013-09-07,74.8063,23.8,NA,24.9,38300,NA,NA,NA,NA,NA,177,NA,NA,NA,8.8,NA,NA,NA,NA,NA,NA,NA,NA,NA
Weekly,2013-09-14,73.2313,22.9,NA,24.8,37500,NA,NA,NA,NA,NA,178,NA,NA,NA,8.8,NA,NA,NA,NA,NA,NA,NA,NA,NA
Weekly,2013-09-21,73.7938,23.2,NA,24.8,37700,NA,NA,NA,NA,NA,176,NA,NA,NA,8.8,NA,NA,NA,NA,NA,NA,NA,NA,NA
Weekly,2013-09-28,74.0187,23.3,NA,24.8,37800,NA,NA,NA,NA,NA,176,NA,NA,NA,8.8,NA,NA,NA,NA,NA,NA,NA,NA,NA
Weekly,2013-10-05,75.2563,24,NA,24.8,38200,NA,NA,NA,NA,NA,178,NA,NA,NA,8.8,NA,NA,NA,NA,NA,NA,NA,NA,NA
Weekly,2013-10-12,75.3125,24,NA,24.7,38200,NA,NA,NA,NA,NA,178,NA,NA,NA,8.8,NA,NA,NA,NA,NA,NA,NA,NA,NA
Weekly,2013-10-19,74.5812,23.6,NA,24.8,38000,NA,NA,NA,NA,NA,180,NA,NA,NA,8.8,NA,NA,NA,NA,NA,NA,NA,NA,NA
Weekly,2013-10-26,73.85,23.2,NA,24.8,37700,NA,NA,NA,NA,NA,182,NA,NA,NA,8.8,NA,NA,NA,NA,NA,NA,NA,NA,NA
Weekly,2013-11-23,75.9875,24.4,NA,24.6,38300,NA,NA,NA,NA,NA,177,NA,NA,NA,8.7,NA,NA,NA,NA,NA,NA,NA,NA,NA
Weekly,2014-03-01,79.25,26.2,NA,24.9,40100,NA,NA,NA,NA,NA,164,NA,NA,NA,8.8,NA,NA,NA,NA,NA,NA,NA,NA,NA
Weekly,2014-03-08,79.475,26.3,NA,24.7,40000,NA,NA,NA,NA,NA,172,NA,NA,NA,8.7,NA,NA,NA,NA,NA,NA,NA,NA,NA
Weekly,2014-03-15,79.5875,26.4,NA,24.6,39900,NA,NA,NA,NA,NA,167,NA,NA,NA,8.8,NA,NA,NA,NA,NA,NA,NA,NA,NA
Weekly,2014-03-22,80.0938,26.7,NA,24.6,40100,NA,NA,NA,NA,NA,164,NA,NA,NA,8.8,NA,NA,NA,NA,NA,NA,NA,NA,NA
Weekly,2014-05-24,74.5812,23.6,NA,24.7,37800,NA,NA,NA,NA,NA,180,NA,NA,NA,8.8,NA,NA,NA,NA,NA,NA,NA,NA,NA
Weekly,2014-05-31,75.3125,24,NA,24.7,37900,NA,NA,NA,NA,NA,186,NA,NA,NA,8.8,NA,NA,NA,NA,NA,NA,NA,NA,NA
Weekly,2014-06-07,75.9875,24.4,NA,24.3,37900,NA,NA,NA,NA,NA,176,NA,NA,NA,8.7,NA,NA,NA,NA,NA,NA,NA,NA,NA
Weekly,2014-06-14,76.55,24.7,NA,23.4,36950,NA,NA,NA,NA,NA,180,NA,NA,NA,8.7,NA,NA,NA,NA,NA,NA,NA,NA,NA
Weekly,2014-06-21,76.6063,24.8,NA,24.3,38100,NA,NA,NA,NA,NA,184,NA,NA,NA,8.7,NA,NA,NA,NA,NA,NA,NA,NA,NA
Weekly,2014-06-28,76.6625,24.8,NA,24.3,38200,NA,NA,NA,NA,NA,206,NA,NA,NA,8.7,NA,NA,NA,NA,NA,NA,NA,NA,NA
Weekly,2014-07-05,77.0563,25,NA,24.2,38200,NA,NA,NA,NA,NA,201,NA,NA,NA,8.7,NA,NA,NA,NA,NA,NA,NA,NA,NA
Weekly,2014-07-12,77.6188,25.3,NA,24.1,38300,NA,NA,NA,NA,NA,185,NA,NA,NA,8.6,NA,NA,NA,NA,NA,NA,NA,NA,NA
Weekly,2014-07-19,78.2938,25.7,NA,24.1,38500,NA,NA,NA,NA,NA,177,NA,NA,NA,8.6,NA,NA,NA,NA,NA,NA,NA,NA,NA
Weekly,2014-07-26,78.35,25.7,NA,24,38500,NA,NA,NA,NA,NA,172,NA,NA,NA,8.6,NA,NA,NA,NA,NA,NA,NA,NA,NA
Weekly,2014-08-02,77.9562,25.5,NA,24,38300,NA,NA,NA,NA,NA,180,NA,NA,NA,8.6,NA,NA,NA,NA,NA,NA,NA,NA,NA
Weekly,2014-08-09,76.55,24.8,NA,24,37700,NA,NA,NA,NA,NA,182,NA,NA,NA,8.6,NA,NA,NA,NA,NA,NA,NA,NA,NA
Weekly,2014-08-16,76.4375,24.7,NA,24,37600,NA,NA,NA,NA,NA,178,NA,NA,NA,8.6,NA,NA,NA,NA,NA,NA,NA,NA,NA
Weekly,2014-08-23,76.7188,24.9,NA,23.9,37600,NA,NA,NA,NA,NA,176,NA,NA,NA,8.6,NA,NA,NA,NA,NA,NA,NA,NA,NA
Weekly,2014-08-30,77.3375,25.2,NA,23.8,37700,NA,NA,NA,NA,NA,178,NA,NA,NA,8.6,NA,NA,NA,NA,NA,NA,NA,NA,NA
Weekly,2014-09-06,77.675,25.4,NA,23.8,37800,NA,NA,NA,NA,NA,183,NA,NA,NA,8.6,NA,NA,NA,NA,NA,NA,NA,NA,NA
Weekly,2014-09-13,77.9562,25.5,NA,23.7,37800,NA,NA,NA,NA,NA,184,NA,NA,NA,8.5,NA,NA,NA,NA,NA,NA,NA,NA,NA
Weekly,2014-09-20,77.9,25.5,NA,23.6,37700,NA,NA,NA,NA,NA,185,NA,NA,NA,8.5,NA,NA,NA,NA,NA,NA,NA,NA,NA
Weekly,2014-09-27,77.7875,25.5,NA,23.6,37700,NA,NA,NA,NA,NA,184,NA,NA,NA,8.5,NA,NA,NA,NA,NA,NA,NA,NA,NA
Weekly,2014-10-04,75.9313,24.4,NA,23.7,37100,NA,NA,NA,NA,NA,187,NA,NA,NA,8.5,NA,NA,NA,NA,NA,NA,NA,NA,NA
Weekly,2014-10-25,72.7813,22.5,NA,24,36000,NA,NA,NA,NA,NA,176,NA,NA,NA,8.5,NA,NA,NA,NA,NA,NA,NA,NA,NA
Weekly,2014-11-01,73.175,22.8,NA,24,36300,NA,NA,NA,NA,NA,170,NA,NA,NA,NA,NA,NA,NA,NA,NA,NA,NA,NA,NA
Weekly,2014-11-08,71.9375,22.1,NA,24.1,35800,NA,NA,NA,NA,NA,187,NA,NA,NA,NA,NA,NA,NA,NA,NA,NA,NA,NA,NA
Weekly,2014-11-15,72.725,22.6,NA,24.1,36200,NA,NA,NA,NA,NA,184,NA,NA,NA,7.5,NA,NA,NA,NA,NA,NA,NA,NA,NA
Weekly,2014-11-22,73.9063,23.2,NA,24.2,36900,NA,NA,NA,NA,NA,183,NA,NA,NA,7.5,NA,NA,NA,NA,NA,NA,NA,NA,NA
Weekly,2014-11-29,76.0438,24.4,NA,24.3,37900,NA,NA,NA,NA,NA,189,NA,NA,NA,7.9,NA,NA,NA,NA,NA,NA,NA,NA,NA
Weekly,2014-12-06,75.65,24.2,NA,24.3,37700,NA,NA,NA,NA,NA,197,NA,NA,NA,8.1,NA,NA,NA,NA,NA,NA,NA,NA,NA
Weekly,2014-12-13,77.1125,25,NA,24.2,38200,NA,NA,NA,NA,NA,196,NA,NA,NA,8.1,NA,NA,NA,NA,NA,NA,NA,NA,NA
Weekly,2014-12-20,75.9313,24.3,NA,24.3,37800,NA,NA,NA,NA,NA,192,NA,NA,NA,8.2,NA,NA,NA,NA,NA,NA,NA,NA,NA
Weekly,2014-12-27,74.075,23.4,NA,24.4,37200,NA,NA,NA,NA,NA,189,NA,NA,NA,8.2,NA,NA,NA,NA,NA,NA,NA,NA,NA
Weekly,2015-01-03,70.1937,21.1,NA,24.5,35700,NA,NA,NA,NA,NA,185,NA,NA,NA,8.3,NA,NA,NA,NA,NA,NA,NA,NA,NA
Weekly,2015-01-10,69.5188,20.8,NA,24.6,35600,NA,NA,NA,NA,NA,185,NA,NA,NA,8.3,NA,NA,NA,NA,NA,NA,NA,NA,NA
Weekly,2015-01-17,70.1375,21.1,NA,24.5,35800,NA,NA,NA,NA,NA,189,NA,NA,NA,8.3,NA,NA,NA,NA,NA,NA,NA,NA,NA
Weekly,2015-01-24,70.3063,21.3,NA,24.5,35800,NA,NA,NA,NA,NA,189,NA,NA,NA,8.4,NA,NA,NA,NA,NA,NA,NA,NA,NA
Weekly,2015-01-31,69.9688,21.1,NA,24.5,35600,NA,NA,NA,NA,NA,187,NA,NA,NA,8.3,NA,NA,NA,NA,NA,NA,NA,NA,NA
Weekly,2015-02-07,72.1063,22.3,NA,24.4,36400,NA,NA,NA,NA,NA,193,NA,NA,NA,8.3,NA,NA,NA,NA,NA,NA,NA,NA,NA
Weekly,2015-02-14,71.2625,21.5,NA,24.4,35900,NA,NA,NA,NA,NA,188,NA,NA,NA,8.3,NA,NA,NA,NA,NA,NA,NA,NA,NA
Weekly,2015-02-21,70.3625,21.3,NA,24.3,35500,NA,NA,NA,NA,NA,166,NA,NA,NA,8.3,NA,NA,NA,NA,NA,NA,NA,NA,NA
Weekly,2015-02-28,70.4188,21.3,NA,24.3,35600,NA,NA,NA,NA,NA,168,NA,NA,NA,8.3,NA,NA,NA,NA,NA,NA,NA,NA,NA
Weekly,2015-03-07,70.5875,21.4,NA,24.4,35700,NA,NA,NA,NA,NA,164,NA,NA,NA,8.3,NA,NA,NA,NA,NA,NA,NA,NA,NA
Weekly,2015-03-14,70.8125,21.5,NA,24.5,35900,NA,NA,NA,NA,NA,164,NA,NA,NA,8.3,NA,NA,NA,NA,NA,NA,NA,NA,NA
Weekly,2015-03-21,70.7,21.5,NA,24.2,35600,NA,NA,NA,NA,NA,164,NA,NA,NA,8.3,NA,NA,NA,NA,NA,NA,NA,NA,NA
Weekly,2015-03-28,71.6563,22,NA,24.3,36000,NA,NA,NA,NA,NA,165,NA,NA,NA,8.3,NA,NA,NA,NA,NA,NA,NA,NA,NA
Weekly,2015-04-04,72.8375,22.7,NA,24.1,36300,NA,NA,NA,NA,NA,167,NA,NA,NA,8.3,NA,NA,NA,NA,NA,NA,NA,NA,NA
Weekly,2015-04-11,72.5563,22.5,NA,24.2,36300,NA,NA,NA,NA,NA,167,NA,NA,NA,8.3,NA,NA,NA,NA,NA,NA,NA,NA,NA
Weekly,2015-04-18,72.275,22.4,NA,24.3,36300,NA,NA,NA,NA,NA,167,NA,NA,NA,8.3,NA,NA,NA,NA,NA,NA,NA,NA,NA
Weekly,2015-04-25,72.6688,22.6,NA,24.3,36400,NA,NA,NA,NA,NA,168,NA,NA,NA,8.4,NA,NA,NA,NA,NA,NA,NA,NA,NA
Weekly,2015-05-02,72.5,22.5,NA,24.1,36100,NA,NA,NA,NA,NA,167,NA,NA,NA,8.4,NA,NA,NA,NA,NA,NA,NA,NA,NA
Weekly,2015-05-09,73.0625,22.8,NA,23.9,36100,NA,NA,NA,NA,NA,169,NA,NA,NA,8.3,NA,NA,NA,NA,NA,NA,NA,NA,NA
Weekly,2015-05-16,72.1063,22.3,NA,24,35900,NA,NA,NA,NA,NA,245,NA,NA,NA,8.3,NA,NA,NA,NA,NA,NA,NA,NA,NA
Weekly,2015-05-23,72.1063,22.3,NA,24,35800,NA,NA,NA,NA,NA,238,NA,NA,NA,8.3,NA,NA,NA,NA,NA,NA,NA,NA,NA
Weekly,2015-05-30,73.5688,23.1,NA,24,36400,NA,NA,NA,NA,NA,225,NA,NA,NA,8.3,NA,NA,NA,NA,NA,NA,NA,NA,NA
Weekly,2015-06-13,76.0438,24.5,NA,24.1,37600,NA,NA,NA,NA,NA,186,NA,NA,NA,8.2,NA,NA,NA,NA,NA,NA,NA,NA,NA
Weekly,2015-06-20,77.5063,25.3,NA,24.1,38300,NA,NA,NA,NA,NA,177,NA,NA,NA,8.2,NA,NA,NA,NA,NA,NA,NA,NA,NA
Weekly,2015-06-27,78.6313,25.9,NA,24.2,38900,NA,NA,NA,NA,NA,182,NA,NA,NA,8.2,NA,NA,NA,NA,NA,NA,NA,NA,NA
Weekly,2015-07-04,79.7,26.5,NA,24.3,39500,NA,NA,NA,NA,NA,185,NA,NA,NA,8.2,NA,NA,NA,NA,NA,NA,NA,NA,NA
Weekly,2015-07-11,79.7563,26.5,NA,24.3,39500,NA,NA,NA,NA,NA,182,NA,NA,NA,8.2,NA,NA,NA,NA,NA,NA,NA,NA,NA
Weekly,2015-07-18,79.25,26.2,NA,24.2,39100,NA,NA,NA,NA,NA,181,NA,NA,NA,8.3,NA,NA,NA,NA,NA,NA,NA,NA,NA
Weekly,2015-07-25,79.1375,26.1,NA,24,39000,NA,NA,NA,NA,NA,180,NA,NA,NA,8.2,NA,NA,NA,NA,NA,NA,NA,NA,NA
Weekly,2015-08-01,79.0812,25.6,NA,24,38800,NA,NA,NA,NA,NA,135,NA,NA,NA,8.1,NA,NA,NA,NA,NA,NA,NA,NA,NA
Weekly,2015-08-08,79.5875,26.5,NA,24,39000,NA,NA,NA,NA,NA,168,NA,NA,NA,8.2,NA,NA,NA,NA,NA,NA,NA,NA,NA
Weekly,2015-09-05,79.0812,26.7,NA,21.2,35000,NA,NA,NA,NA,NA,170,NA,NA,NA,8.2,NA,NA,NA,NA,NA,NA,NA,NA,NA
Weekly,2015-09-12,78.4063,26.3,NA,21.2,34800,NA,NA,NA,NA,NA,172,NA,NA,NA,8.2,NA,NA,NA,NA,NA,NA,NA,NA,NA
Weekly,2015-09-19,78.6313,26.4,NA,21.2,34900,NA,NA,NA,NA,NA,171,NA,NA,NA,8.2,NA,NA,NA,NA,NA,NA,NA,NA,NA
Weekly,2015-09-26,75.7062,26,NA,21.5,35100,NA,NA,NA,NA,NA,167,NA,NA,NA,8.2,NA,NA,NA,NA,NA,NA,NA,NA,NA
Weekly,2015-10-03,76.6063,25.8,NA,21.7,35100,NA,NA,NA,NA,NA,163,NA,NA,NA,8.2,NA,NA,NA,NA,NA,NA,NA,NA,NA
Weekly,2015-10-10,75.0875,24.4,NA,21.9,34500,NA,NA,NA,NA,NA,165,NA,NA,NA,8.2,NA,NA,NA,NA,NA,NA,NA,NA,NA
Weekly,2015-10-17,74.9188,24,NA,21.9,34200,NA,NA,NA,NA,NA,129,NA,NA,NA,8.3,NA,NA,NA,NA,NA,NA,NA,NA,NA
Weekly,2015-10-24,74.3,23.7,NA,21.9,33900,NA,NA,NA,NA,NA,135,NA,NA,NA,8.3,NA,NA,NA,NA,NA,NA,NA,NA,NA
Weekly,2015-10-31,73.1188,22.8,NA,21.9,33500,NA,NA,NA,NA,NA,136,NA,NA,NA,8.4,NA,NA,NA,NA,NA,NA,NA,NA,NA
Weekly,2015-11-07,71.7688,22.1,NA,21.8,32800,NA,NA,NA,NA,NA,133,NA,NA,NA,8.3,NA,NA,NA,NA,NA,NA,NA,NA,NA
Weekly,2015-11-14,73.4,22.9,NA,21.8,33300,NA,NA,NA,NA,NA,130,NA,NA,NA,8.3,NA,NA,NA,NA,NA,NA,NA,NA,NA
Weekly,2015-11-21,73.6813,23,NA,24.9,37600,NA,NA,NA,NA,NA,168,NA,NA,NA,8.1,NA,NA,NA,NA,NA,NA,NA,NA,NA
Weekly,2015-11-28,72.725,22.6,NA,24.8,37100,NA,NA,NA,NA,NA,153,NA,NA,NA,8.2,NA,NA,NA,NA,NA,NA,NA,NA,NA
Weekly,2015-12-05,72.4437,22.4,NA,24.7,36900,NA,NA,NA,NA,NA,125,NA,NA,NA,8.2,NA,NA,NA,NA,NA,NA,NA,NA,NA
Weekly,2015-12-12,73.2313,22.3,NA,24.7,36800,NA,NA,NA,NA,NA,117,NA,NA,NA,8.2,NA,NA,NA,NA,NA,NA,NA,NA,NA
Weekly,2015-12-19,73.1188,23.1,NA,24.7,37500,NA,NA,NA,NA,NA,148,NA,NA,NA,8.1,NA,NA,NA,NA,NA,NA,NA,NA,NA
Weekly,2015-12-26,73.625,23,NA,24.8,37500,NA,NA,NA,NA,NA,126,NA,NA,NA,8.1,NA,NA,NA,NA,NA,NA,NA,NA,NA
Weekly,2016-01-02,74.1313,23.3,NA,24.8,37700,NA,NA,NA,NA,NA,129,NA,NA,NA,8.1,NA,NA,NA,NA,NA,NA,NA,NA,NA
Weekly,2016-01-09,74.0187,23.2,NA,24.7,37500,NA,NA,NA,NA,NA,150,NA,NA,NA,8.1,NA,NA,NA,NA,NA,NA,NA,NA,NA
Weekly,2016-01-16,74.4688,23.6,NA,24.6,37700,NA,NA,NA,NA,NA,222,NA,NA,NA,8.1,NA,NA,NA,NA,NA,NA,NA,NA,NA
Weekly,2016-01-23,71.6,22,NA,24.6,36500,NA,NA,NA,NA,NA,259,NA,NA,NA,8.1,NA,NA,NA,NA,NA,NA,NA,NA,NA
Weekly,2016-01-30,73.9625,23.2,NA,24.7,37600,NA,NA,NA,NA,NA,161,NA,NA,NA,8.1,NA,NA,NA,NA,NA,NA,NA,NA,NA
Weekly,2016-02-06,75.3125,23.9,NA,24.8,38100,NA,NA,NA,NA,NA,165,NA,NA,NA,8.1,NA,NA,NA,NA,NA,NA,NA,NA,NA
Weekly,2016-02-13,75.2563,24,NA,24.8,38200,NA,NA,NA,NA,NA,157,NA,NA,NA,8.1,NA,NA,NA,NA,NA,NA,NA,NA,NA
Weekly,2016-02-20,75.2563,24,NA,24.7,38100,NA,NA,NA,NA,NA,138,NA,NA,NA,8.2,NA,NA,NA,NA,NA,NA,NA,NA,NA
Weekly,2016-02-27,74.8063,23.8,NA,24.6,37800,NA,NA,NA,NA,NA,122,NA,NA,NA,8.1,NA,NA,NA,NA,NA,NA,NA,NA,NA
Weekly,2016-03-05,76.1,24.5,NA,24.7,38500,NA,NA,NA,NA,NA,112,NA,NA,NA,8.1,NA,NA,NA,NA,NA,NA,NA,NA,NA
Weekly,2016-03-12,75.8188,24.3,NA,24.7,38300,NA,NA,NA,NA,NA,111,NA,NA,NA,8.1,NA,NA,NA,NA,NA,NA,NA,NA,NA
Weekly,2016-03-19,76.2687,24.6,NA,24.8,38700,NA,NA,NA,NA,NA,110,NA,NA,NA,8.1,NA,NA,NA,NA,NA,NA,NA,NA,NA
Weekly,2016-03-26,76.1563,24.6,NA,24.9,38900,NA,NA,NA,NA,NA,109,NA,NA,NA,8.1,NA,NA,NA,NA,NA,NA,NA,NA,NA
Weekly,2016-04-02,75.9313,24.4,NA,25.1,38900,NA,NA,NA,NA,NA,114,NA,NA,NA,8.1,NA,NA,NA,NA,NA,NA,NA,NA,NA
Weekly,2016-04-09,74.0187,23.4,NA,25.1,38300,NA,NA,NA,NA,NA,113,NA,NA,NA,8.1,NA,NA,NA,NA,NA,NA,NA,NA,NA
Weekly,2016-04-16,73.625,23.1,NA,25.3,38400,NA,NA,NA,NA,NA,113,NA,NA,NA,8.1,NA,NA,NA,NA,NA,NA,NA,NA,NA
Weekly,2016-04-23,73.7938,23.2,NA,25.1,38200,NA,NA,NA,NA,NA,112,NA,NA,NA,8.2,NA,NA,NA,NA,NA,NA,NA,NA,NA
Weekly,2016-04-30,74.4688,23.6,NA,24.9,38100,NA,NA,NA,NA,NA,113,NA,NA,NA,8.2,NA,NA,NA,NA,NA,NA,NA,NA,NA
Weekly,2016-05-07,74.2438,23.5,NA,24.8,37900,NA,NA,NA,NA,NA,113,NA,NA,NA,8.1,NA,NA,NA,NA,NA,NA,NA,NA,NA
Weekly,2016-05-14,74.5812,23.7,NA,24.7,38000,NA,NA,NA,NA,NA,134,NA,NA,NA,8,NA,NA,NA,NA,NA,NA,NA,NA,NA
Weekly,2016-05-21,74.525,23.6,NA,24.7,37700,NA,NA,NA,NA,NA,128,NA,NA,NA,8,NA,NA,NA,NA,NA,NA,NA,NA,NA
Weekly,2016-05-28,73.9063,23.3,NA,24.6,37500,NA,NA,NA,NA,NA,129,NA,NA,NA,8,NA,NA,NA,NA,NA,NA,NA,NA,NA
Weekly,2016-06-04,73.85,23.3,NA,24.6,37500,NA,NA,NA,NA,NA,121,NA,NA,NA,8,NA,NA,NA,NA,NA,NA,NA,NA,NA
Weekly,2016-06-11,76.1,24.5,NA,24.8,38500,NA,NA,NA,NA,NA,126,NA,NA,NA,8,NA,NA,NA,NA,NA,NA,NA,NA,NA
Weekly,2016-06-18,76.775,24.9,NA,24.6,38700,NA,NA,NA,NA,NA,124,NA,NA,NA,8,NA,NA,NA,NA,NA,NA,NA,NA,NA
Weekly,2016-06-25,77.5063,25.3,NA,24.8,39200,NA,NA,NA,NA,NA,126,NA,NA,NA,8,NA,NA,NA,NA,NA,NA,NA,NA,NA
Weekly,2016-07-02,77.7875,25.5,NA,25,39800,NA,NA,NA,NA,NA,131,NA,NA,NA,7.9,NA,NA,NA,NA,NA,NA,NA,NA,NA
Weekly,2016-07-09,78.575,25.9,NA,25.2,40300,NA,NA,NA,NA,NA,130,NA,NA,NA,7.9,NA,NA,NA,NA,NA,NA,NA,NA,NA
Weekly,2016-07-16,79.25,26.3,NA,25.4,40800,NA,NA,NA,NA,NA,129,NA,NA,NA,7.9,NA,NA,NA,NA,NA,NA,NA,NA,NA
Weekly,2016-07-23,78.8,26,NA,25.5,40800,NA,NA,NA,NA,NA,158,NA,NA,NA,7.7,NA,NA,NA,NA,NA,NA,NA,NA,NA
Weekly,2016-07-30,80.0375,26.7,NA,25.6,41400,NA,NA,NA,NA,NA,118,NA,NA,NA,7.7,NA,NA,NA,NA,NA,NA,NA,NA,NA
Weekly,2016-08-06,79.3625,NA,NA,NA,NA,NA,NA,NA,NA,NA,NA,NA,NA,NA,NA,NA,NA,NA,NA,NA,NA,NA,NA,NA
Weekly,2016-08-13,79.3063,NA,NA,NA,NA,NA,NA,NA,NA,NA,NA,NA,NA,NA,NA,NA,NA,NA,NA,NA,NA,NA,NA,NA
Weekly,2016-08-20,79.8125,NA,NA,NA,NA,NA,NA,NA,NA,NA,NA,NA,NA,NA,NA,NA,NA,NA,NA,NA,NA,NA,NA,NA
Weekly,2016-08-27,79.1375,NA,NA,NA,NA,NA,NA,NA,NA,NA,NA,NA,NA,NA,NA,NA,NA,NA,NA,NA,NA,NA,NA,NA
Weekly,2016-09-03,78.35,25.8,NA,22.2,35900,NA,NA,NA,NA,NA,343,NA,NA,NA,8.4,NA,NA,NA,NA,NA,NA,NA,NA,NA
Weekly,2016-09-10,77.6188,25.3,NA,22.2,35500,NA,NA,NA,NA,NA,388,NA,NA,NA,8.3,NA,NA,NA,NA,NA,NA,NA,NA,NA
Weekly,2016-09-17,77.225,25.1,NA,22.1,35200,NA,NA,NA,NA,NA,474,NA,NA,NA,8.3,NA,NA,NA,NA,NA,NA,NA,NA,NA
Weekly,2016-09-24,76.2125,24.6,NA,22.1,34800,NA,NA,NA,NA,NA,510,NA,NA,NA,8.3,NA,NA,NA,NA,NA,NA,NA,NA,NA
Weekly,2016-10-01,74.1313,23.4,NA,22,34000,NA,NA,NA,NA,NA,593,NA,NA,NA,8.3,NA,NA,NA,NA,NA,NA,NA,NA,NA
Weekly,2016-10-08,74.1313,23.4,NA,22.1,34200,NA,NA,NA,NA,NA,625,NA,NA,NA,8.3,NA,NA,NA,NA,NA,NA,NA,NA,NA
Weekly,2016-10-15,73.5125,23,NA,22.3,34200,NA,NA,NA,NA,NA,656,NA,NA,NA,8.3,NA,NA,NA,NA,NA,NA,NA,NA,NA
Weekly,2016-10-22,72.6125,22.5,NA,22.4,34000,NA,NA,NA,NA,NA,673,NA,NA,NA,8.3,NA,NA,NA,NA,NA,NA,NA,NA,NA
Weekly,2016-10-29,72.725,22.6,NA,22.6,34150,NA,NA,NA,NA,NA,702,NA,NA,NA,8.3,NA,NA,NA,NA,NA,NA,NA,NA,NA
Weekly,2016-11-05,71.9375,22.2,NA,22.7,34000,NA,NA,NA,NA,NA,719,NA,NA,NA,8.3,NA,NA,NA,NA,NA,NA,NA,NA,NA
Weekly,2016-11-12,70.3625,21.3,NA,22.8,33600,NA,NA,NA,NA,NA,722,NA,NA,NA,8.3,NA,NA,NA,NA,NA,NA,NA,NA,NA
Weekly,2016-11-19,68.6188,20.3,NA,22.9,33000,NA,NA,NA,NA,NA,738,NA,NA,NA,8.3,NA,NA,NA,NA,NA,NA,NA,NA,NA
Weekly,2016-11-26,67.325,NA,NA,23,32600,NA,NA,NA,NA,NA,743,NA,NA,NA,8.3,NA,NA,NA,NA,NA,NA,NA,NA,NA
Weekly,2016-12-03,68.33755,20.9,NA,23.1,33100,NA,NA,NA,NA,NA,764,NA,NA,NA,8.3,NA,NA,NA,NA,NA,NA,NA,NA,NA
Weekly,2016-12-10,71.3187,21.8,NA,23.1,34300,NA,NA,NA,NA,NA,774,NA,0,NA,8.3,NA,NA,NA,NA,NA,NA,NA,NA,NA
Weekly,2016-12-17,69.7438,20.9,NA,23.2,33800,NA,NA,NA,NA,NA,773,NA,0,NA,8.2,NA,NA,NA,NA,NA,NA,NA,NA,NA
Weekly,2016-12-24,68.0563,20.1,NA,23.2,33300,NA,NA,NA,NA,NA,771,NA,0,NA,8.2,NA,NA,NA,NA,NA,NA,NA,NA,NA
Weekly,2016-12-31,68.7313,20.9,NA,23.3,33500,NA,NA,NA,NA,NA,767,NA,0,NA,8.1,NA,NA,NA,NA,NA,NA,NA,NA,NA
Weekly,2017-01-07,69.99690000000001,21.1,NA,23.3,34100,NA,NA,NA,NA,NA,790,NA,0,NA,8.2,NA,NA,NA,NA,NA,NA,NA,NA,NA
Weekly,2017-01-14,70.0813,21.1,NA,23.4,34300,NA,NA,NA,NA,NA,790,NA,0,NA,8.2,NA,NA,NA,NA,NA,NA,NA,NA,NA
Weekly,2017-01-21,70.0813,21.1,NA,23.4,34300,NA,NA,NA,NA,NA,796,NA,0,NA,8.2,NA,NA,NA,NA,NA,NA,NA,NA,NA
Weekly,2017-01-28,71.7688,22.06,NA,24.03,35387.5,NA,NA,NA,NA,NA,799,NA,0.399609,NA,8.29,NA,NA,NA,NA,NA,NA,NA,NA,NA
Weekly,2017-02-04,70.5313,21.575,NA,24.065,35318.7,NA,NA,NA,NA,NA,796.8,NA,0.702344,NA,8.3575,NA,NA,NA,NA,NA,NA,NA,NA,NA
Weekly,2017-02-11,69.575,21.575,NA,24.065,35318.7,NA,NA,NA,NA,NA,0,NA,0,NA,8.3575,NA,NA,NA,NA,NA,NA,NA,NA,NA
Weekly,2017-02-18,69.8563,20.97,NA,24.38,35306.2,NA,NA,NA,NA,NA,794,NA,0.5,NA,8.335,NA,NA,NA,NA,NA,NA,NA,NA,NA
Weekly,2017-02-25,69.2938,20.68,NA,24.515,35328.1,NA,NA,NA,NA,NA,802.4,NA,0.8,NA,8.345,NA,NA,NA,NA,NA,NA,NA,NA,NA
Weekly,2017-03-04,69.1813,20.635,NA,24.58,35381.2,NA,NA,NA,NA,NA,796,NA,0.6,NA,8.3725,NA,NA,NA,NA,NA,NA,NA,NA,NA
Weekly,2017-03-11,69.4063,20.8,NA,24.595,35543.7,NA,NA,NA,NA,NA,796.8,NA,0.700781,NA,8.435,NA,NA,NA,NA,NA,NA,NA,NA,NA
Weekly,2017-03-18,71.3187,21.845,NA,24.56,36275,NA,NA,NA,NA,NA,804.8,NA,1.50469,NA,8.3475,NA,NA,NA,NA,NA,NA,NA,NA,NA
Weekly,2017-03-25,71.6,22.22,NA,24.505,36725,NA,NA,NA,NA,NA,793.6,NA,0.898438,NA,8.3475,NA,NA,NA,NA,NA,NA,NA,NA,NA
Weekly,2017-04-01,68.6188,20.335,NA,25.02,35768.7,NA,NA,NA,NA,NA,782.4,NA,0.898438,NA,8.2175,NA,NA,NA,NA,NA,NA,NA,NA,NA
Weekly,2017-04-08,67.325,20.07,NA,25.26,35431.2,NA,NA,NA,NA,NA,784,NA,0.600781,NA,8.2375,NA,NA,NA,NA,NA,NA,NA,NA,NA
Weekly,2017-04-15,68,20.195,NA,25.205,35768.7,NA,NA,NA,NA,NA,786.4,NA,0.699219,NA,8.4225,NA,NA,NA,NA,NA,NA,NA,NA,NA
Weekly,2017-04-22,69.2375,20.72,NA,25.315,36381.2,NA,NA,NA,NA,NA,785.2,NA,0.796875,NA,8.29875,NA,NA,NA,NA,NA,NA,NA,NA,NA
Weekly,2017-04-29,69.4063,20.84,NA,26.035,37356.2,NA,NA,NA,NA,NA,779.2,NA,0.4,NA,8.4225,NA,NA,NA,NA,NA,NA,NA,NA,NA
Weekly,2017-05-06,69.1813,20.695,NA,26.065,37300,NA,NA,NA,NA,NA,771.2,NA,0.3,NA,8.305,NA,NA,NA,NA,NA,NA,NA,NA,NA
Weekly,2017-05-13,69.4063,20.785,NA,26.155,37600,NA,NA,NA,NA,NA,785.6,NA,0.796875,NA,8.4075,NA,NA,NA,NA,NA,NA,NA,NA,NA
Weekly,2017-05-20,69.2375,20.715,NA,26.535,38059.35,NA,NA,NA,NA,NA,795.2,NA,1.3,NA,8.4025,NA,NA,NA,NA,NA,NA,NA,NA,NA
Weekly,2017-05-27,70.3625,21.18,NA,26.85,38731.2,NA,NA,NA,NA,NA,803.2,NA,1.19687,NA,8.39,NA,NA,NA,NA,NA,NA,NA,NA,NA
Weekly,2017-06-03,71.2625,21.8,NA,27.1,39600,NA,NA,NA,NA,NA,804,NA,1,NA,8.2,NA,NA,NA,NA,NA,NA,NA,NA,NA
Weekly,2017-06-10,73.5688,23.1,NA,27.3,41000,NA,NA,NA,NA,NA,809,NA,0.5,NA,8.2,NA,NA,NA,NA,NA,NA,NA,NA,NA
Weekly,2017-06-17,73.2313,22.9,NA,27.5,41000,NA,NA,NA,NA,NA,795,NA,1,NA,8.2,NA,NA,NA,NA,NA,NA,NA,NA,NA
Weekly,2017-06-24,74.2438,23.5,NA,27.6,41700,NA,NA,NA,NA,NA,803,NA,18,NA,8.2,NA,NA,NA,NA,NA,NA,NA,NA,NA
Weekly,2017-07-01,75.4813,24.2,NA,27.9,42600,NA,NA,NA,NA,NA,808,NA,3.5,NA,8.2,NA,NA,NA,NA,NA,NA,NA,NA,NA
Weekly,2017-07-08,75.9875,24.4,NA,28,43000,NA,NA,NA,NA,NA,807,NA,13,NA,8.2,NA,NA,NA,NA,NA,NA,NA,NA,NA
Weekly,2017-07-15,77.1688,25.1,NA,28,43700,NA,NA,NA,NA,NA,807,NA,10,NA,8.2,NA,NA,NA,NA,NA,NA,NA,NA,NA
Weekly,2017-07-22,77.45,25.2,NA,27.9,43600,NA,NA,NA,NA,NA,813,NA,1,NA,8.2,NA,NA,NA,NA,NA,NA,NA,NA,NA
Weekly,2017-07-29,77.2813,25.1,NA,26.9,42100,NA,NA,NA,NA,NA,805,NA,4,NA,8.1,NA,NA,NA,NA,NA,NA,NA,NA,NA
Weekly,2017-08-05,77.2813,25.1,NA,27.5,42900,NA,NA,NA,NA,NA,809,NA,3,NA,8.1,NA,NA,NA,NA,NA,NA,NA,NA,NA
Weekly,2017-08-12,77.5625,25.3,NA,27.8,43500,NA,NA,NA,NA,NA,803,NA,4,NA,8.1,NA,NA,NA,NA,NA,NA,NA,NA,NA
Weekly,2017-08-19,77.675,25.4,NA,29.3,45500,NA,NA,NA,NA,NA,804,NA,0,NA,8.1,NA,NA,NA,NA,NA,NA,NA,NA,NA
Weekly,2017-08-26,76.775,24.9,NA,29.3,45200,NA,NA,NA,NA,NA,800,NA,0,NA,8.1,NA,NA,NA,NA,NA,NA,NA,NA,NA
Weekly,2017-09-02,76.9438,25,NA,29.3,45300,NA,NA,NA,NA,NA,800,NA,1,NA,8,NA,NA,NA,NA,NA,NA,NA,NA,NA
Weekly,2017-09-09,76.2125,24.6,NA,29.3,45000,NA,NA,NA,NA,NA,796,NA,3,NA,8,NA,NA,NA,NA,NA,NA,NA,NA,NA
Weekly,2017-09-16,76.1563,24.5,NA,29.4,45100,NA,NA,NA,NA,NA,804.5,NA,4,NA,8,NA,NA,NA,NA,NA,NA,NA,NA,NA
Weekly,2017-09-23,75.2563,24,NA,29.5,44800,NA,NA,NA,NA,NA,794,NA,0,NA,7.6,NA,NA,NA,NA,NA,NA,NA,NA,NA
Weekly,2017-09-30,72.3875,22.4,NA,29.6,43700,NA,NA,NA,NA,NA,797,NA,0,NA,7.7,NA,NA,NA,NA,NA,NA,NA,NA,NA
Weekly,2017-10-07,72.1063,22.3,NA,30,43900,NA,NA,NA,NA,NA,796,NA,0,NA,7.8,NA,NA,NA,NA,NA,NA,NA,NA,NA
Weekly,2017-10-14,70.8688,21.6,NA,29.8,43100,NA,NA,NA,NA,NA,799,NA,0,NA,7.8,NA,NA,NA,NA,NA,NA,NA,NA,NA
Weekly,2017-10-21,70.6438,21.5,NA,30.6,43900,NA,NA,NA,NA,NA,787,NA,0,NA,8.1,NA,NA,NA,NA,NA,NA,NA,NA,NA
Weekly,2017-10-28,69.9688,21.1,NA,30.2,43100,NA,NA,NA,NA,NA,789,NA,0,NA,8.2,NA,NA,NA,NA,NA,NA,NA,NA,NA
Weekly,2017-11-04,68.7313,20.3,NA,29.3,41200,NA,NA,NA,NA,NA,726,NA,0,NA,8.6,NA,NA,NA,NA,NA,NA,NA,NA,NA
Weekly,2017-11-11,70.72810000000001,21.5,NA,29.4,42400,NA,NA,NA,NA,NA,757,NA,0,NA,8.8,NA,NA,NA,NA,NA,NA,NA,NA,NA
Weekly,2017-11-18,73.0625,22.8,NA,29.5,43700,NA,NA,NA,NA,NA,769,NA,0,NA,8.8,NA,NA,NA,NA,NA,NA,NA,NA,NA
Weekly,2017-11-25,73.2313,22.9,NA,30.6,45100,NA,NA,NA,NA,NA,703,NA,0,NA,8.4,NA,NA,NA,NA,NA,NA,NA,NA,NA
Weekly,2017-12-02,72.95,22.7,NA,30.5,45000,NA,NA,NA,NA,NA,754,NA,0,NA,8.4,NA,NA,0.7,1.4,NA,NA,NA,NA,NA
Weekly,2017-12-09,71.9375,22.1,NA,30.5,44400,NA,NA,NA,NA,NA,756,NA,0,NA,8.3,0,0.04,0.9,1.5,NA,NA,NA,NA,NA
Weekly,2017-12-16,72.05,22.2,NA,31,45100,NA,NA,NA,NA,NA,752,NA,0,NA,8.4,0,0.05,1,1.7,NA,NA,NA,NA,NA
Weekly,2017-12-23,74.8063,23.8,NA,30,45800,NA,NA,NA,NA,NA,697,NA,0,NA,8.6,0,0.06,1,1.3,NA,NA,NA,NA,NA
Weekly,2017-12-30,76.6625,24.8,NA,30,46200,NA,NA,NA,NA,NA,733,NA,0,NA,8.6,0,0.05,0.8,1.5,NA,NA,NA,NA,NA
Weekly,2018-01-06,76.6063,24.8,NA,30.3,46400,NA,NA,NA,NA,NA,754,NA,0,NA,8.5,0,0.08,1.2,2,NA,NA,NA,NA,NA
Weekly,2018-01-13,76.6625,24.8,NA,30.4,46600,NA,NA,NA,NA,NA,754,NA,0,NA,8.5,0,0.09,1.1,2.5,NA,NA,NA,NA,NA
Weekly,2018-01-20,77.0563,25,NA,31,47500,NA,NA,NA,NA,NA,758,NA,0,NA,8.7,0,0.05,1,1.5,NA,NA,NA,NA,NA
Weekly,2018-01-27,77.45,25.2,NA,31.1,48000,NA,NA,NA,NA,NA,782,NA,0,NA,8.7,0,0.12,1.2,1.8,NA,NA,NA,NA,NA
Weekly,2018-02-03,75.5938,24.2,NA,31.1,47100,NA,NA,NA,NA,NA,794,NA,0,NA,8.6,NA,NA,1,1.9,NA,NA,NA,NA,NA
Weekly,2018-02-10,75.9875,24.4,NA,31,47100,NA,NA,NA,NA,NA,789,NA,0,NA,8.6,0,0.2,1,1.4,NA,NA,NA,NA,NA
Weekly,2018-02-17,75.9313,24.4,NA,31,47100,NA,NA,NA,NA,NA,739,NA,0,NA,8.5,0,0.05,0.8,1.4,NA,NA,NA,NA,NA
Weekly,2018-02-24,77.2813,25.1,NA,31.7,48700,NA,NA,NA,NA,NA,745,NA,0,NA,8.8,0,0.06,0.7,1.8,NA,NA,NA,NA,NA
Weekly,2018-03-03,76.69065,24.8,NA,32,48900,NA,NA,NA,NA,NA,760,NA,0,NA,8.8,0,NA,0.8,1.1,NA,NA,NA,NA,NA
Weekly,2018-03-10,76.8875,24.9,NA,32,49000,NA,NA,NA,NA,NA,770,NA,0,NA,8.8,0,0.12,0.9,1.6,NA,NA,NA,NA,NA
Weekly,2018-03-17,76.775,24.8,NA,32.1,49000,NA,NA,NA,NA,NA,778,NA,0,NA,8.8,0,0.11,0.9,1,NA,NA,NA,NA,NA
Weekly,2018-03-24,77,25,NA,32.6,49600,NA,NA,NA,NA,NA,745,NA,0,NA,8.8,0,0.1,0.7,1.8,NA,NA,NA,NA,NA
Weekly,2018-03-31,76.775,24.8,NA,32.9,50100,NA,NA,NA,NA,NA,768,NA,0,NA,8.7,0,0.12,1,1.3,NA,NA,NA,NA,NA
Weekly,2018-04-07,76.7188,24.8,NA,33.1,50300,NA,NA,NA,NA,NA,777,NA,0,NA,8.7,1,0.13,1.1,1.4,NA,NA,NA,NA,NA
Weekly,2018-04-14,76.55,24.7,NA,33,50200,NA,NA,NA,NA,NA,783,NA,0,NA,8.7,0,0.12,0.8,1.2,NA,NA,NA,NA,NA
Weekly,2018-04-21,75.5375,24.1,NA,33.1,49700,NA,NA,NA,NA,NA,793,NA,0,NA,8.8,0,0.06,1,1.5,NA,NA,NA,NA,NA
Weekly,2018-04-28,75.5938,24.2,NA,33.1,49900,NA,NA,NA,NA,NA,798,NA,0,NA,8.8,2,0.22,1.2,1.8,NA,NA,NA,NA,NA
Weekly,2018-05-05,74.1875,23.4,NA,31.7,47200,NA,NA,NA,NA,NA,740,NA,0,NA,8.8,0,0.03,1.1,2.8,NA,NA,NA,NA,NA
Weekly,2018-05-12,74.2438,23.5,NA,31.7,47200,NA,NA,NA,NA,NA,746,NA,0,NA,8.8,0,0.09,1,2.3,NA,NA,NA,NA,NA
Weekly,2018-05-19,73.625,NA,NA,NA,NA,NA,NA,NA,NA,NA,NA,NA,NA,NA,NA,0,0.08,1.2,2.2,NA,NA,NA,NA,NA
Weekly,2018-05-26,74.3,23.3,NA,31.5,46800,NA,NA,NA,NA,NA,774,NA,0,NA,8.8,0,0.05,0.7,2,NA,NA,NA,NA,NA
Weekly,2018-06-02,73.5688,23.1,NA,31.3,46350,NA,NA,NA,NA,NA,776,NA,0,NA,8.7,0,0.12,1.1,2.3,NA,NA,NA,NA,NA
Weekly,2018-06-09,74.75,23.7,NA,31.2,46800,NA,NA,NA,NA,NA,806,NA,0,NA,8.7,0,0.2,0.8,1.8,NA,NA,NA,NA,NA
Weekly,2018-06-16,75.2563,24.1,NA,31.2,47100,NA,NA,NA,NA,NA,808,NA,0,NA,8.7,0,0.17,1.2,1.5,NA,NA,NA,NA,NA
Weekly,2018-06-23,75.1437,NA,NA,NA,NA,NA,NA,NA,NA,NA,NA,NA,0,NA,NA,0,0.15,0.9,1.2,NA,NA,NA,NA,NA
Weekly,2018-06-30,76.3813,NA,NA,NA,NA,NA,NA,NA,NA,NA,NA,NA,0,NA,NA,0,0.18,1.1,1.9,NA,NA,NA,NA,NA
Weekly,2018-07-07,76.4938,NA,NA,NA,NA,NA,NA,NA,NA,NA,NA,NA,0,NA,NA,0,0.07,1.3,2,NA,NA,NA,NA,NA
Weekly,2018-07-14,76.9438,NA,NA,NA,NA,NA,NA,NA,NA,NA,NA,NA,0,NA,NA,0,0.1,1.5,1.8,NA,NA,NA,NA,NA
Weekly,2018-07-21,77.9,NA,NA,NA,NA,NA,NA,NA,NA,NA,NA,NA,0,NA,NA,0,0.08,1.1,1.8,NA,NA,NA,NA,NA
Weekly,2018-07-28,79.5313,NA,NA,NA,NA,NA,NA,NA,NA,NA,NA,NA,0,NA,NA,NA,NA,NA,NA,NA,NA,NA,NA,NA
Weekly,2018-08-04,79.7563,NA,NA,NA,NA,NA,NA,NA,NA,NA,NA,NA,0,NA,NA,0,0.09,0.9,0.9,NA,NA,NA,NA,NA
Weekly,2018-08-11,79.7,NA,NA,NA,NA,NA,NA,NA,NA,NA,NA,NA,0,NA,NA,NA,NA,NA,NA,NA,NA,NA,NA,NA
Weekly,2018-08-18,79.025,NA,NA,NA,NA,NA,NA,NA,NA,NA,NA,NA,0,NA,NA,NA,NA,NA,NA,NA,NA,NA,NA,NA
Weekly,2018-08-25,79.0812,NA,NA,NA,NA,NA,NA,NA,NA,NA,NA,NA,0,NA,NA,NA,NA,NA,NA,NA,NA,NA,NA,NA
Weekly,2018-09-01,78.4063,NA,NA,NA,NA,NA,NA,NA,NA,NA,NA,NA,0,NA,NA,NA,NA,NA,NA,NA,NA,NA,NA,NA
Weekly,2018-09-08,77.7313,NA,NA,NA,NA,NA,NA,NA,NA,NA,NA,NA,0,NA,NA,NA,NA,NA,NA,NA,NA,NA,NA,NA
Weekly,2018-09-15,77.45,NA,NA,NA,NA,NA,NA,NA,NA,NA,NA,NA,0,NA,NA,NA,NA,NA,NA,NA,NA,NA,NA,NA
Weekly,2018-09-22,77.225,NA,NA,NA,NA,NA,NA,NA,NA,NA,NA,NA,0,NA,NA,0,0.1,1.1,NA,NA,NA,NA,NA,NA
Weekly,2018-09-29,76.6625,NA,NA,NA,NA,NA,NA,NA,NA,NA,NA,NA,0,NA,NA,0,0.04,1.2,2.2,NA,NA,NA,NA,NA
Weekly,2018-10-06,75.5938,NA,NA,NA,NA,NA,NA,NA,NA,NA,NA,NA,0,NA,NA,0,0.05,0.9,1.5,NA,NA,NA,NA,NA
Weekly,2018-10-13,72.3313,21.959999,NA,31.587498500000002,45387.497,NA,NA,NA,91,NA,762,NA,0,NA,8.197499,NA,NA,1.4,NA,NA,NA,NA,NA,NA
Weekly,2018-10-20,70.1375,21.184999,NA,31.459999,44784.373999999996,NA,NA,NA,93,NA,768,NA,NA,NA,8.3025,0,NA,0.8,1.2,NA,NA,NA,NA,NA
Weekly,2018-10-27,70.0813,21.139999,NA,31.434999,44637.497,NA,NA,NA,92.5,NA,778,NA,NA,NA,8.3025,0,0.08,0.8,1.2,NA,NA,NA,NA,NA
Weekly,2018-11-03,69.8563,20.994999,NA,31.439999,44500,NA,NA,NA,92.5,NA,784,NA,NA,NA,8.3524995,0,0.06,1.3,1.2,NA,NA,NA,NA,NA
Weekly,2018-11-10,68.5062,20.279999,NA,31.439999,43731.247,NA,NA,NA,92.5,NA,788,NA,NA,NA,8.344999,0,0.06,1.2,NA,NA,NA,NA,NA,NA
Weekly,2018-11-17,73.0625,22.785,NA,31.424999,46012.497,NA,NA,NA,92,NA,812,NA,NA,NA,8.325,0,0.09,0.9,2.6,NA,NA,NA,NA,NA
Weekly,2018-11-24,76.4375,24.639999,NA,31.309999,47756.248,NA,NA,NA,90.5,NA,808,NA,NA,NA,8.362499,NA,NA,NA,NA,8.2,132,0.325,0.005,NA
Weekly,2018-12-01,75.7625,23.035,NA,31.33,46221.873999999996,NA,NA,NA,90.5,NA,0,NA,NA,NA,8.165,0,0.03,1,1.8,8.29,NA,0.3,0.004,NA
Weekly,2018-12-08,71.6563,22.019999,NA,31.2924985,45387.497,NA,NA,NA,92,NA,802,NA,NA,NA,8.174999,0,0.06,0.8,1.5,8.3,NA,0.26,0,NA
Weekly,2018-12-15,71.825,22.064999,NA,31.059999,44881.248,NA,NA,NA,92.5,NA,0,NA,NA,NA,8.2275,0,0.09,NA,2.5,NA,NA,NA,NA,NA
Weekly,2018-12-22,72.05,22.269999,NA,31.064999,45187.5,NA,NA,NA,93,NA,800,NA,NA,NA,8.304999,NA,0.05,0.7,1,8.39,NA,NA,NA,NA
Weekly,2018-12-29,72.1625,22.289999,NA,31.044998,45181.248,NA,NA,NA,93,NA,800,NA,NA,NA,8.28,NA,NA,NA,NA,NA,NA,NA,NA,NA
Weekly,2019-01-05,73.85,23.754999,NA,30.984999,46468.75,NA,NA,NA,91.5,NA,810,NA,NA,NA,8.28,0,0.07,NA,1.6,NA,NA,NA,NA,NA
Weekly,2019-01-12,74.1875,23.24,NA,31.0495605,45924.999,NA,NA,NA,89,NA,782,NA,NA,NA,8.139999,NA,NA,NA,NA,NA,NA,NA,NA,NA
Weekly,2019-01-19,72.95,22.7224985,NA,31.299999,45856.247,NA,NA,NA,92.5,NA,802,NA,NA,NA,7.97375,0,0.06,0.7,1,8.45,NA,NA,NA,NA
Weekly,2019-01-26,72.1063,22.23,NA,31.394999,45506.248,NA,NA,NA,94,NA,781,NA,NA,NA,8.2,2,0.03,0.7,1.6,NA,NA,NA,NA,NA
Weekly,2019-02-02,71.375,21.884998,NA,31.419998,45243.748,NA,NA,NA,93,NA,768,NA,NA,NA,8.2625,0,0.015,1,2.25,8.5,136,0.095,0.005,NA
Weekly,2019-02-09,71.7125,22.23,NA,31.324999,45506.248,NA,NA,NA,94,NA,768,NA,NA,NA,8.28,NA,NA,NA,NA,NA,NA,NA,NA,NA
Weekly,2019-02-16,72.05,22.309999,NA,31.33,45543.747,NA,NA,NA,93.5,NA,768,NA,NA,NA,8.294999,NA,NA,NA,NA,NA,NA,NA,NA,NA
Weekly,2019-02-23,71.3187,21.6449985,NA,31.32,44937.5,NA,NA,NA,92.5,NA,764,NA,NA,NA,8.179999,0,0.06,0.6,1.6,NA,125.2,0.28,0.007,NA
Weekly,2019-03-02,70.9813,21.674999,NA,31.309999,44912.498,NA,NA,NA,95.5,NA,756,NA,NA,NA,8.395,0,0.025,0.85,2,NA,111.6,0.12,0.018,NA
Weekly,2019-03-09,71.0938,21.674999,NA,31.314999,44924.999,NA,NA,NA,94,NA,766,NA,NA,NA,8.395,0,NA,0.7,1.8,NA,107.2,0.48,0,NA
Weekly,2019-03-16,69.4625,20.834999,NA,32.559998,45543.747,NA,NA,NA,93.5,NA,764,NA,NA,NA,8.245,0,0.02,0.7,1,8.5,145.2,0.31,0,NA
Weekly,2019-03-23,70.1937,21.179998,NA,32.379997,45643.749,NA,NA,NA,94,NA,776,NA,NA,NA,8.349999,0,0.02,0.65,1.2,8.3,126,0.21,0.008,NA
Weekly,2019-03-30,70.8125,21.504999,NA,33.874998000000005,47893.749,NA,NA,NA,89.75,NA,632,NA,NA,NA,8.692499,0,0.02,0.4,0.8,8.2,124,0.36,0.002,NA
Weekly,2019-04-06,71.0938,21.719999,NA,33.869999,48331.249,NA,NA,NA,89,NA,668,NA,NA,NA,8.37,1,0.02,0.7,1.2,NA,121,0.51,0,NA
Weekly,2019-04-13,71.9375,22.174999,NA,34.149998,48906.25,NA,NA,NA,88.5,NA,696,NA,NA,NA,8.389999,0,0,0.6,1,8.2,102,0.21,0.02,NA
Weekly,2019-04-20,72.1063,22.299999,NA,34.129997,49187.5,NA,NA,NA,88,NA,698.6875,NA,NA,NA,8.41,0,0.02,0.4,0.7,8.3,107,0.3,0.003,NA
Weekly,2019-04-27,73.1188,22.844999,NA,34.349998,49893.749,NA,NA,NA,88,NA,699.5,NA,NA,NA,8.259999,0,0.07,0.8,1.5,8.4,NA,0,0,NA
Weekly,2019-05-04,73.85,23.264999,NA,34.189999,50181.248,NA,NA,NA,87.5,NA,710,NA,NA,NA,8.277499,0,0.07,0.6,0.4,8,NA,0.32,0,NA
Weekly,2019-05-11,73.3438,23.144999,NA,34.139999,50006.248,NA,NA,NA,87,NA,721,NA,NA,NA,8.277499,NA,NA,NA,NA,NA,NA,NA,NA,NA
Weekly,2019-05-18,73.0062,22.814999,NA,34.279999,49849.998,NA,NA,NA,89,NA,721.5,NA,NA,NA,8.254999,2,0.05,0.7,1.3,NA,NA,0.19,0.007,NA
Weekly,2019-05-25,72.2188,22.289999,NA,34.369999,49349.998,NA,NA,NA,88.5,NA,712,NA,NA,NA,8.2525,NA,NA,NA,NA,NA,NA,NA,NA,NA
Weekly,2019-06-01,72.275,22.375,NA,34.344997,49418.747,NA,NA,NA,89,NA,712.027344,NA,NA,NA,8.2575,0,0.09,0.7,2.3,NA,NA,0.45,0,NA
Weekly,2019-06-08,74.1313,23.429998,NA,34.139999,50324.997,NA,NA,NA,87.5,NA,724,NA,NA,NA,8.355,0,0,1.5,1.7,NA,126,0.46,NA,NA
Weekly,2019-06-15,75.5938,24.375,NA,34.339996,51456.249,NA,NA,NA,88,NA,745.5,NA,NA,NA,8.2,0,0.03,0.8500000000000001,1.9500000000000002,8.43,123.25,0.57,0.0075,NA
Weekly,2019-06-22,76.325,24.6374985,NA,34.359997,51699.997,NA,NA,NA,86.5,NA,747,NA,NA,NA,8.2575,0,0.05500000000000001,1.2000000000000002,2.1,8.45,118.5,0.25,0.003,NA
Weekly,2019-06-29,76.3813,24.769999,NA,34.109997,51556.248,NA,NA,NA,95,NA,731,NA,NA,NA,8.70625,0,0.02,0.9,1.5499999999999998,8.485,111.5,0.69,0.0075,NA
Weekly,2019-07-06,77.7313,25.4,NA,34.099998,52162.498,NA,NA,NA,94,NA,739,NA,NA,NA,8.697499,0,0,0.9,1.35,8.48,117,0.9249999999999999,0.002,NA
Weekly,2019-07-13,77.7875,25.424999,NA,34.099998,52162.498,NA,NA,NA,93,NA,762.5,NA,NA,NA,8.575,0,0,0.75,1,8.485,NA,0.45999999999999996,0,NA
Weekly,2019-07-20,78.35,25.764999,NA,34.099998,52587.498,NA,NA,NA,92.5,NA,757,NA,NA,NA,8.2575,0,0,0.9,1.25,8.46,121.5,1.1,0,NA
Weekly,2019-07-27,78.9688,26.049999,NA,34.124998000000005,52881.248,NA,NA,NA,93.5,NA,764.5,NA,NA,NA,8.3924995,0,0,1.5,1.3,8.445,130,1.125,0.022,NA
Weekly,2019-08-03,79.6437,26.234999,NA,34,53081.249,NA,NA,NA,91,NA,783.796875,NA,NA,NA,8.429999,0,0.17,1.1,1.1,8.45,133.5,0.555,0.009,NA
Weekly,2019-08-10,78.5187,25.734999,NA,33.899998,52406.25,NA,NA,NA,91,NA,799.816406,NA,NA,NA,8.492499,NA,0.06,NA,NA,8.43,103,0.62,NA,NA
Weekly,2019-08-17,NA,25.469999,NA,33.879997,52087.498,NA,NA,NA,95,NA,783.84375,NA,NA,NA,8.6025,0,0.07,NA,NA,8.44,111,0.39,0,NA
Weekly,2019-08-24,NA,25.3474985,NA,34.109997,52118.748,NA,NA,NA,93.5,NA,787.832031,NA,NA,NA,8.58,0,0,0.7,1.3,8.47,128,0.64,0.008,NA
Weekly,2019-08-31,NA,25.869999,NA,34.109997,52843.75,NA,NA,NA,93.5,NA,787.808594,NA,NA,NA,8.5425,NA,NA,NA,NA,NA,NA,NA,NA,NA
Weekly,2019-09-07,NA,26,NA,34.349998,53087.498,NA,NA,NA,92.5,NA,791.820312,NA,NA,NA,8.504999,NA,0.03,0.7,1.2,8.48,115,0.85,0.007,NA
Weekly,2019-09-14,NA,25.494999,NA,34.384998,52768.749,NA,NA,NA,92.5,NA,795.84375,NA,NA,NA,8.294999,NA,0.05,0.8,1.7,8.45,139,1.12,0.014,NA
Weekly,2019-09-21,NA,24.429998,NA,34.469997,51812.5,NA,NA,NA,94.5,NA,799.878906,NA,NA,NA,8.375,NA,0.03,0.6,0.2,8.41,123,1.26,0,NA
Weekly,2019-09-28,NA,22.949999,NA,34.539997,50399.998,NA,NA,NA,90.5,NA,807.980469,NA,NA,NA,8.325,0,0.03,0.5,0.3,8.31,125,1.51,0.006,NA
Weekly,2019-10-05,NA,22.924999,NA,33.994999,49662.498,NA,NA,NA,94,NA,679.988281,NA,NA,NA,8.3825,NA,NA,NA,NA,NA,NA,NA,NA,NA
Weekly,2019-10-12,NA,22.754999,NA,33.549999,48812.5,NA,NA,NA,95,NA,723.988281,NA,NA,NA,8.205,NA,NA,NA,NA,NA,NA,NA,NA,NA
Weekly,2019-10-19,NA,22.094999,NA,33.359997,48174.999,NA,NA,NA,94.5,NA,756.039062,NA,NA,NA,8.3025,0,0,0.4,1.1,8.48,127,1.1,0.006,NA
Weekly,2019-10-26,NA,21.719999,NA,33.379997,47724.998,NA,NA,NA,95,NA,744,NA,NA,NA,8.242499,0,0.03,0.4,0.6,8.22,132,0.61,0,NA
Weekly,2019-11-02,NA,21.644999,NA,33.379997,47562.5,NA,NA,NA,94.5,NA,768.027344,NA,NA,NA,8.245,0,0.02,0.6,0.8,8.42,130,0.35,0,NA
Weekly,2019-11-09,NA,21.07,NA,33.339996,47131.248,NA,NA,NA,94.5,NA,776.011719,NA,NA,NA,8.224999,0,0.02,0.6,1.1,8.3,131,0.23,0.015,NA
Weekly,2019-11-16,NA,21.91,NA,33.349998,47837.498,NA,NA,NA,94,NA,780.039062,NA,NA,NA,8.16,0,0.04,1.3,1.1,8.21,116,0.28,0,NA
Weekly,2019-11-23,NA,22.195,NA,33.429996,48134.3725,NA,NA,NA,93,NA,788.035156,NA,NA,NA,8.157499,0,0.03,0.5,0.5,8.23,138,1.79,0,NA
Weekly,2019-11-30,NA,23.794998,NA,33.32,49812.5,NA,NA,NA,91.5,NA,800.011719,NA,NA,NA,8.235,0,0.03,0.5,0.6,8.37,132,0.36,0,NA
Weekly,2019-12-07,NA,23.855,NA,33.669998,49862.499,NA,NA,NA,93,NA,811.929687,NA,NA,NA,8.192499,NA,NA,NA,NA,NA,NA,NA,NA,NA
Weekly,2019-12-14,NA,23.879999,NA,33.329998,49875,NA,NA,NA,93,NA,819.925781,NA,NA,NA,8.232499,NA,NA,NA,NA,NA,NA,NA,NA,NA
Weekly,2019-12-21,NA,23.824999,NA,33.349998,49856.247,NA,NA,NA,96,NA,NA,NA,NA,NA,8.179999,0,0.09,0.4,0.7,8.41,129,1.86,0.002,NA
Weekly,2019-12-28,NA,23.834999,NA,33.369999,49875,NA,NA,NA,94,NA,823.929687,NA,NA,NA,8.054999,0,0.04,0.4,NA,8.4,137,NA,0.005,NA
Weekly,2020-01-04,NA,23.889999,NA,33.399998,49868.748,NA,NA,NA,95,NA,823.945312,NA,NA,NA,8.0625,1,0.03,0.4,1,NA,136,0.99,0,NA
Weekly,2020-01-11,NA,23.9,NA,33.669998,49918.747,NA,NA,NA,93.5,NA,823.933594,NA,NA,NA,8.2575,0,0,0.5,0.6,NA,135,1.63,0,NA
Weekly,2020-01-18,NA,23.884998,NA,34.399998,51118.748,NA,NA,NA,91.5,NA,699.941406,NA,NA,NA,8.669999,2,0.12,0.5,2.8,NA,135,1.63,0,NA
Weekly,2020-01-25,NA,23.839998,NA,34.41,51118.748,NA,NA,NA,92,NA,727.941406,NA,NA,NA,8.6775,0,0.14,0.6,0.9,8.46,133,NA,0,NA
Weekly,2020-02-01,NA,23.844999,NA,34.419998,51118.748,NA,NA,NA,92.5,NA,735.929687,NA,NA,NA,8.804999,0,0,0.4,0.3,8.51,128,1.6,0,NA
Weekly,2020-02-08,NA,23.844999,NA,34.41,51125,NA,NA,NA,92,NA,735.929687,NA,NA,NA,8.6775,0,0.03,0.5,0.6,NA,NA,1.35,0,NA
Weekly,2020-02-15,NA,23.83,NA,34.399998,51125,NA,NA,NA,92,NA,735.933594,NA,NA,NA,8.5425,0,0,0.6,1,8.53,137,1.82,0,NA
Weekly,2020-02-22,NA,23.849998,NA,34.41,51062.5,NA,NA,NA,91.5,NA,739.9375,NA,NA,NA,8.61,0,0.04,0.4,0.6,NA,134,NA,0.002,NA
Weekly,2020-02-29,NA,23.859999,NA,34.289997,51081.249,NA,NA,NA,92.5,NA,743.941406,NA,NA,NA,8.647499,0,0.05,0.5,0.5,8.56,132,1.81,0.001,NA
Weekly,2020-03-07,NA,23.83,NA,34.359997,51125,NA,NA,NA,93,NA,747.925781,NA,NA,NA,8.78,0,0.05,0.7,1.2,NA,130,NA,0.003,NA
Weekly,2020-03-14,NA,23.859999,NA,34.309998,51125,NA,NA,NA,92,NA,743.929687,NA,NA,NA,8.652499,0,0.02,0.5,1.2,NA,131,NA,0.008,NA
Weekly,2020-03-21,NA,23.879999,NA,34.339996,51099.998,NA,NA,NA,93,NA,739.9375,NA,NA,NA,8.662499,0,0.04,1.1,1.2,8.17,134,1.41,0.002,NA
Weekly,2020-03-28,NA,23.9,NA,34.339996,51162.498,NA,NA,NA,92.5,NA,743.929687,NA,NA,NA,8.662499,0,0.07,0.6,0.8,8.18,132,1.26,0,NA
Weekly,2020-04-04,NA,23.98,NA,34.349998,51162.498,NA,NA,NA,94,NA,743.921875,NA,NA,NA,8.7225,0,0.03,0.5,0.9,8.23,NA,NA,0.003,NA
Weekly,2020-04-11,NA,23.934999,NA,34.309998,51125,NA,NA,NA,94.5,NA,747.925781,NA,NA,NA,8.775,0,0.02,0.6,NA,8.26,150,1.7,0.003,NA
Weekly,2020-04-18,NA,23.875,NA,34.329998,51049.999,NA,NA,NA,94.5,NA,743.921875,NA,NA,NA,8.709999,2,0.02,0.5,1,8.28,147,1.64,0.012,NA
Weekly,2020-04-25,NA,23.914999,NA,34.349998,50993.748,NA,NA,NA,95.5,NA,743.921875,NA,NA,NA,8.7675,0,0.02,0.6,0.7,8.25,128,1.78,0.001,NA
Weekly,2020-05-02,NA,24.049999,NA,34.32,51128.123999999996,NA,NA,NA,94,NA,735.910156,NA,NA,NA,8.7,0,0,0.6,1.1,8.29,132,1.82,0.007,NA
Weekly,2020-05-09,NA,23.939999,NA,34.289997,51074.997,NA,NA,NA,94.5,NA,739.919922,NA,NA,NA,8.6375,0,0.03,NA,NA,8.08,132,0.63,0,NA
Weekly,2020-05-16,NA,23.894999,NA,34.309998,50990.6235,NA,NA,NA,94,NA,739.933594,NA,NA,NA,8.6375,0,0.07,0.5,0.7,8.05,124,1.04,0,NA
Weekly,2020-05-23,NA,23.934999,NA,34.299999,50956.249,NA,NA,NA,93,NA,739.925781,NA,NA,NA,8.6325,NA,0.05,0.7,0.8,8.32,122,0.78,0,NA
Weekly,2020-05-30,NA,23.929998,NA,34.099998,50856.247,NA,NA,NA,93,NA,715.921875,NA,NA,NA,8.683749500000001,0,0.08,0.8,2.1,8.56,112,0.67,0,NA
Weekly,2020-06-06,NA,24.004999,NA,34.169998,51024.999500000005,NA,NA,NA,92,NA,739.886719,NA,NA,NA,8.674999,0,0.02,0.9,2.1,8.32,123,0.47,0.003,NA
Weekly,2020-06-13,NA,24.879999,NA,34.309998,51987.499,NA,NA,NA,94,NA,743.859375,NA,NA,NA,8.6912495,0,0.04,0.8,1,8.27,124,0.52,0.004,NA
Weekly,2020-06-20,NA,25,NA,34.279999,52062.5,NA,NA,NA,94,NA,739.875,NA,NA,NA,8.6275,0,0.06,0.7,0.9,NA,108,0.49,0,NA
Weekly,2020-06-27,NA,25.009998,NA,34.199997,52018.749,NA,NA,NA,93.5,NA,751.863281,NA,NA,NA,8.57,0,0.04,0.7,1,8.27,126,0.4,0,NA
Weekly,2020-07-04,NA,25.039999,NA,34.049999,52018.749,NA,NA,NA,94,NA,747.882812,NA,NA,NA,8.559999,0,0.01,0.7,0.6,8.28,128,0.41,0,NA
Weekly,2020-07-11,NA,25.094999,NA,34.349998,52125,NA,NA,NA,94,NA,751.863281,NA,NA,NA,8.509999,0,0.05,1.1,1.8,NA,135,0.46,0.022,NA
Weekly,2020-07-18,NA,25.0524985,NA,34.289997,52125,NA,NA,NA,94,NA,743.871094,NA,NA,NA,8.522499,0,0.11,0.8,1,NA,122,0.52,0,NA
Weekly,2020-07-25,NA,25.049999,NA,34.429996,52181.248,NA,NA,NA,92.5,NA,739.871094,NA,NA,NA,8.395,0,0,0.6,0.5,NA,127,0.62,0,NA
Weekly,2020-08-01,NA,25.059999,NA,34.369999,52118.748,NA,NA,NA,93,NA,759.871094,NA,NA,NA,8.3875,0,0.05,0.4,0.3,8.23,NA,0.52,0.033,NA
Weekly,2020-08-08,NA,25.059999,NA,34.139999,52006.248,NA,NA,NA,91.75,NA,755.867187,NA,NA,NA,8.4575,0,0.01,0.7,1.3,8.29,126,0.31,0.032,NA
Weekly,2020-08-15,NA,25.064999,NA,34.189999,52062.5,NA,NA,NA,90,NA,739.878906,NA,NA,NA,8.4537495,0,0,1.7,1.6,NA,126,0.31,0.033,NA
Weekly,2020-08-22,NA,25.049999,NA,34.329998,52106.247,NA,NA,NA,87.5,NA,739.875,NA,NA,NA,8.3875,0,0.02,1.3,1.6,NA,123,0.44,0,NA
Weekly,2020-08-29,NA,25.054998,NA,34.349998,52093.75,NA,NA,NA,86.5,NA,735.865234,NA,NA,NA,8.247499,0,0.15,1.7,1.7,8.23,130,0.41,0.003,NA
Weekly,2020-09-05,NA,25.054998,NA,34.32,52074.997,NA,NA,NA,88.5,NA,743.867187,NA,NA,NA,8.2625,NA,0.02,1.5,1.3,NA,134,0.02,0,NA
Weekly,2020-09-12,NA,25.014999,NA,34.219997,52065.623999999996,NA,NA,NA,87.5,NA,759.886719,NA,NA,NA,8.389999,0,0.05,1.7,2.3,NA,121,0.29,0,NA
Weekly,2020-09-19,NA,24.969999,NA,34.259998,52012.497,NA,NA,NA,88,NA,771.871094,NA,NA,NA,8.357499,0,0.02,1.5,1.8,8.27,117,0.37,0,NA
Weekly,2020-09-26,NA,25.029999,NA,34.149998,51937.5,NA,NA,NA,87.5,NA,775.871094,NA,NA,NA,8.375,0,0.01,1.3,1.8,NA,102,0.41,0,NA
Weekly,2020-10-03,NA,24.99,NA,34.089996,51768.749,NA,NA,NA,84.5,NA,771.875,NA,NA,NA,8.3075,0,0.19,1.4,1.6,8.28,103,0.33,0,NA
Weekly,2020-10-10,NA,24.984999,NA,34.039997,51731.247,NA,NA,NA,85,NA,759.878906,NA,NA,NA,8.452499,0,0.05,1.2,2,8.22,114,0.36,0.05,NA
Weekly,2020-10-17,NA,24.969999,NA,33.679996,51331.249,NA,NA,NA,86,NA,763.910156,NA,NA,NA,8.242499,0,0,1.8,2.5,8.27,116,0.38,0.007,NA
Weekly,2020-10-24,NA,24.98,NA,34.029999,51625,NA,NA,NA,87.5,NA,767.90625,NA,NA,NA,8.3125,0,0.17,1.6,2.2,8.15,119,0.36,0,NA
Weekly,2020-10-31,NA,24.9474995,NA,33.849998,51606.247,NA,NA,NA,86.5,NA,771.886719,NA,NA,NA,8.315,0,0.05,1.3,1.3,8.18,130,0.36,0.015,NA
Weekly,2020-11-07,NA,24.934999,NA,33.399998,50899.998,NA,NA,NA,85.5,NA,775.882812,NA,NA,NA,8.282499,0,0.09,0.9,1.2,8.19,132,0.48,0,NA
Weekly,2020-11-14,NA,24.955,NA,32.679996,49849.998,NA,NA,NA,85,NA,775.875,NA,NA,NA,8.211249500000001,0,NA,0.9,0.9,NA,133,0.55,0,NA
Weekly,2020-11-21,NA,24.974998,NA,33.289997,49581.249,NA,NA,NA,86,NA,771.882812,NA,NA,NA,8.083749000000001,0,0.11,1.5,NA,8.14,NA,0.91,0,NA
Weekly,2020-11-28,NA,24.929998,NA,33.919998,51593.75,NA,NA,NA,85,NA,759.886719,NA,NA,NA,8.12,0,0.1,0.9,0.7,8.13,126,0.56,0,NA
Weekly,2020-12-05,NA,24.959999,NA,34,51668.747,NA,NA,NA,87,NA,751.867187,NA,NA,NA,8.19,0,0.19,1.4,1.2,8.07,129,0.61,0.016,NA
Weekly,2020-12-12,NA,24.939999,NA,34.049999,51643.749,NA,NA,NA,87.5,NA,779.878906,NA,NA,NA,8.2225,0,0,NA,1.3,8.09,131,0.77,0,NA
Weekly,2020-12-19,NA,24.959999,NA,33.849998,51406.25,NA,NA,NA,87.5,NA,755.886719,NA,NA,NA,8.313749999999999,0,0,1.1,2.1,8.1,126,0.51,0.003,NA
Weekly,2020-12-26,NA,24.929998,NA,33.869999,51593.75,NA,NA,NA,87,NA,735.890625,NA,NA,NA,8.325,0,0.11,1.1,0.9,8.07,128,0.78,0.003,NA
Weekly,2021-01-02,NA,24.934999,NA,33.98,51662.498,NA,NA,NA,87.5,NA,735.898437,NA,NA,NA,8.2175,0,0.13,1.1,2.1,8.07,118,0.58,0,NA
Weekly,2021-01-09,NA,24.974998,NA,33.91,51625,NA,NA,NA,87.5,NA,743.890625,NA,NA,NA,8.2675,0,0,1.4,2.1,8.11,127,0.79,0,NA
Weekly,2021-01-16,NA,24.969999,NA,33.989998,51656.25,NA,NA,NA,88,NA,731.894531,NA,NA,NA,8.272499,0,0.05,0.8,1.5,8.14,NA,0.72,0,NA
Weekly,2021-01-23,NA,24.945,NA,33.669998,51199.997,NA,NA,NA,87.5,NA,731.882812,NA,NA,NA,8.28,0,0.09,1.2,2.3,8.1,123,0.86,0,NA
Weekly,2021-01-30,NA,24.994999,NA,33.279999,50781.25,NA,NA,NA,88,NA,731.902344,NA,NA,NA,8.28,0,0.03,1.4,1.7,8.07,NA,0.86,0.002,NA
Weekly,2021-02-06,NA,24.994999,NA,33.869999,51549.999,NA,NA,NA,89.5,NA,735.878906,NA,NA,NA,8.25,0,0.07,1.5,2.1,8.16,142,NA,0,NA
Weekly,2021-02-13,NA,24.98,NA,34.279999,52099.998,NA,NA,NA,88,NA,727.890625,NA,NA,NA,8.237499,0,0.09,1.2,1.7,8.17,137,0.5,0.002,NA
Weekly,2021-02-20,NA,24.974998,NA,34.174997000000005,52018.749,NA,NA,NA,87.5,NA,727.886719,NA,NA,NA,8.2575,0,0.03,1,2.1,8.35,143,0.5,0,NA
Weekly,2021-02-27,NA,25,NA,34.129997,51993.748,NA,NA,NA,88.5,NA,723.882812,NA,NA,NA,8.299999,NA,NA,NA,NA,NA,NA,NA,NA,NA
Weekly,2021-03-06,NA,25.035,NA,34.369999,51799.999,NA,NA,NA,89,NA,719.871094,NA,NA,NA,8.275,NA,0.08,0.7,1.4,8.25,132,0.64,0,NA
Weekly,2021-03-13,NA,25.049999,NA,34.109997,51862.499,NA,NA,NA,88.5,NA,711.875,NA,NA,NA,8.28,0,0.05,1,1.5,8.27,134,0.7,0.001,NA
Weekly,2021-03-27,NA,25.054998,NA,34.149998,51881.248,NA,NA,NA,89,NA,743.867187,NA,NA,NA,8.184999,0,0,1.1,1.2,8.34,131,0.5,0.006,NA
Weekly,2021-04-03,NA,25.039999,NA,34.119999,51868.748,NA,NA,NA,91.5,NA,759.875,NA,NA,NA,8.3325,0,0.04,0.5,0.7,8.4,135,0.51,0,NA
Weekly,2021-04-10,NA,25.054998,NA,34.179996,51887.497,NA,NA,NA,89.5,NA,767.875,NA,NA,NA,8.2225,0,0.02,0.9,0.8,8.28,136,0.45,0,NA
Weekly,2021-04-17,NA,25.044998,NA,34.039997,48656.25,NA,NA,NA,89,NA,763.898437,NA,NA,NA,8.174999,0,0.05,1.1,1.5,8.24,126,1.2,0,NA
Weekly,2021-04-24,NA,25.025,NA,33.089996,49537.498,NA,NA,NA,89.5,NA,771.882812,NA,NA,NA,8.19,0,0.19,1.3,1.9,8.19,132,0.64,0,NA
Weekly,2021-05-01,NA,25.014999,NA,34.099998,51787.498,NA,NA,NA,89.5,NA,771.890625,NA,NA,NA,8.157499,0,0.11,1,0.9,8.21,123,0.75,0,NA
Weekly,2021-05-08,NA,25.009998,NA,34.07,51824.997,NA,NA,NA,89.5,NA,767.894531,NA,NA,NA,8.07,0,0.15,1.3,2.4,8.27,135,0.84,0.007,NA
Weekly,2021-05-15,NA,25.08,NA,32.509998,49968.75,NA,NA,NA,89,NA,771.886719,NA,NA,NA,8.08,0,0.11,1.6,1.2,8.35,125,2.05,0,NA
Weekly,2021-05-22,NA,26.054998,NA,32.029999,50224.998,NA,NA,NA,86,NA,771.882812,NA,NA,NA,8.0525,0,0.04,1.3,0.8,8.36,125,0.92,0.002,NA
Weekly,2021-05-29,77.181122,25.134165,-91.340248,33.225279,50462.498,50307.773438000004,50301.847655000005,6.10371,87.337158,101.488876,260.303345,0.421839,1.038903,32731.998047,8.189692,0,0,1.5,2,8.38,125,0.83,0.001,NA
Weekly,2021-06-05,77.181122,25.100624,-90.842957,33.224903,50663.753906,50311.9140625,50323.851563,6.1863,90.453117,102.569061,258.333557,0.4625285,1.1330915,32888.8925785,8.209661,0,0.05,1.5,2.2,8.21,126,0.95,0.005,NA
Weekly,2021-06-12,77.181122,25.100624,-90.645912,33.00885,49634.332031,50260.6328125,50313.859375,6.07913,88.559624,101.2585715,277.2430265,0.8356945,1.4328210000000001,32720.397461,8.1642555,0,0.16,1.1,1,8.25,131,NA,0,NA
Weekly,2021-06-19,77.181122,25.100624,-91.002304,32.307308,49450.1972655,49408.847656,49412.511719,6.121594,89.026962,102.051659,276.23681650000003,0.1559105,0.663066,32090.648438,8.19381,0,0.11,1.3,1.5,8.27,125,0.94,NA,NA
Weekly,2021-06-26,77.181122,25.100624,-90.817604,32.2889175,49444.267578,49535.152344,49538.8906255,6.1538699999999995,89.530052,102.5947645,282.645538,0.50551,1.071015,32185.3984375,8.203013,NA,0.17,1.6,1.3,8.22,132,1.26,0.018,NA
Weekly,2021-07-03,77.181122,25.100624,-91.005348,32.283054,49434.916016,49485.765625,49495.507813,6.155283,89.5393675,102.664406,260.634583,0.135026,1.5905725,32159.34375,8.265678000000001,NA,0.09,1.4,1.3,8.21,126,1.64,0.013,NA
Weekly,2021-07-10,77.181122,25.100624,-89.300407,32.453447499999996,49610.53125,49285.669922,49285.09375,6.1811335,89.960922,103.021271,268.087891,0.12902750000000002,1.0002119999999999,32041.244141,8.195799,0,0.16,1.4,1.9,8.14,128,1.86,0,NA
Weekly,2021-07-17,77.181122,25.100624,-90.048012,32.446426,49351.976563,49211.910156,49356.734375,6.143198,89.16449,102.065804,270.102051,0.144365,0.319573,32041.244141,8.159058,0,0,1.5,1.9,8.15,128,1.82,0.009,NA
Weekly,2021-07-24,77.181122,25.100624,-90.3017345,32.416332,49581.8007815,49542.003906,49536.388672,6.168746,89.95713,102.950142,281.426086,0.95292,2.9023835,32253.539063,8.0907395,0,0.13,1.6,1.7,8.21,125,1.61,0.007,NA
Weekly,2021-07-31,77.181122,25.100624,-88.52687449999999,32.451992,49627.746094,49545.5410155,49516.0859375,6.1844205,89.957092,102.958572,291.641632,1.344657,27.0702515,32253.539063,8.085909,0,0.21,1.2,1.1,8.17,123,1.86,0.006,NA
Weekly,2021-08-07,77.181122,25.100624,-91.890282,32.2637785,49906.832031,49569.783203,49656.601563,6.194973,90.354164,103.499775,303.810608,2.7367524999999997,53.402193,32353.337891,8.1542025,0,0.22,1.3,1.3,8.15,119,1.24,0,NA
Weekly,2021-08-14,77.181122,25.100624,-91.844139,32.261341,49910.480469,49588.910156,49669.179688,6.1855530000000005,90.1060295,103.357399,313.902222,2.0883625,9.761638,32284.138672,8.1588435,0,0.25,1.3,1.3,8.15,130,1.53,0.004,NA
Weekly,2021-08-21,77.181122,25.100624,-91.28653,32.522865,49677.078125,49826.2714845,49825.355469,6.177132,90.07812150000001,103.228966,305.99118,2.285464,5.5707645,32306.640625,8.139139,2,0.18,1.3,1.9,8.21,120,1.58,0.01,NA
Weekly,2021-08-28,77.005234,25.002907,-92.883156,32.5187665,49935.535156,50001.488281,50048.6875,6.1536954999999995,89.85593800000001,103.29742049999999,275.529388,0.307072,-4.174179499999999,32450.240234,8.112842,2,0.27,1.8,2,8.26,117,1.61,0.006,NA
Weekly,2021-09-04,77.005234,25.002907,-92.2890015,32.521904,50162.457031,49844.84375,49915.28125,6.1408085,89.729004,102.987095,287.388,1.218645,-1.5776545,32436.140625,8.095158,0,0.2,1.6,2.3,8.19,115,1.78,0.015,NA
Weekly,2021-09-11,77.005234,25.002907,-93.1150205,32.528386999999995,49942.697266,50042.8203125,50046.746094,6.169618,89.9806135,103.532372,281.6293945,1.26515,6.8331125,32453.839844,8.123096,0,0.16,1.3,1.8,8.24,115,1.88,0.012,NA
Weekly,2021-09-18,77.005234,25.002907,-93.1322745,32.5181235,49933.876953,50036.6875,50053.9726565,6.143217,89.6133845,103.00495950000001,289.488205,4.942902,19.386615499999998,32441.539063,8.098287500000001,0,0.21,1.1,1.5,8.22,112,1.9,0.008,NA
Weekly,2021-09-25,77.005234,25.002907,-91.66698450000001,32.5086745,50170.9296875,49971.082031,50027.59375,6.152767,89.741112,103.0887985,295.450073,7.660049,19.2535705,32446.9404295,8.095099,0,0.11,1.2,2.2,8.15,128,2.09,0,NA
Weekly,2021-10-02,77.005234,25.002907,-90.17439300000001,32.5214195,49938.826172,50042.873047,50045.421875,6.147041,89.813339,103.00579450000001,291.732605,9.947821999999999,35.40073,32454.140625,8.0944735,NA,0.17,1.3,2.1,8.18,132,2.01,0.01,NA
Weekly,2021-10-09,77.005234,25.002907,-91.25824,32.8726695,50043.560547,50009.1835935,50026.722656,6.151257,89.6501045,102.94440850000001,284.23411550000003,0.41280700000000004,21.590656,32443.939453,8.090777,0,0.14,1.2,1.5,NA,138,1.93,0.008,NA
Weekly,2021-10-16,77.005234,25.002907,-92.1848145,32.723802500000005,50147.4531255,49822.566406,49814,6.019405,87.729584,100.337151,252.614517,-1.0898335000000001,0.180527,32438.845703,8.093888,0,0.13,0.8,1.6,8.16,131,1.79,0,NA
Weekly,2021-10-23,77.005234,25.002907,-92.051392,32.5289765,49941.064453,50054.824219,50065.375,6.054077,88.281631,101.03339,253.827789,-1.073818,0.236975,32434.993164,8.10002,0,0.12,0.8,1,8.13,139,NA,0.009,NA
Weekly,2021-10-30,77.005234,25.002907,-91.788666,32.51667,49935.574219,50002.3378905,50027.1875,6.041653,88.20792399999999,100.874855,251.710098,-1.010197,0.133329,32432.8427735,8.158347,0,0.16,0.8,0.8,8.16,136,1.9,0.004,NA
Weekly,2021-11-06,77.005234,25.002907,-91.26218,32.508211,50267.9941405,49908.339844,50074.90625,6.076759,88.451859,101.212944,246.721428,-0.950663,0.221235,32444.392578,8.153198,0,0.1,1.1,1.1,8.16,130,2.03,0,NA
Weekly,2021-11-13,77.005234,25.002907,-90.390602,32.87455,50290.003906,50295.410156,50313.984375,6.084693,88.958481,101.75625600000001,251.86937749999998,-0.219533,1.221756,32695.644531,8.143023,0,0.16,1,0.9,8.11,139,1.84,0.008,NA
Weekly,2021-11-20,77.005234,25.002907,-89.790306,32.915445,50637.40625,50294.3085935,50309.867188,6.09842,89.218826,101.784485,248.951309,-0.200107,1.356852,32681.243164,8.1033505,0,NA,1,1.6,8.05,132,1.69,0,NA
Weekly,2021-11-27,77.005234,25.002907,-88.804909,33.216034,50645.003906,50312.519531,50296.875,6.1252815,89.656319,102.257408,251.076431,-0.3646005,0.737857,32707.943359,8.0937355,0,0.1,0.8,1.2,8.03,129,1.78,0.006,NA
Weekly,2021-12-04,77.005234,25.002907,-88.866043,33.1828,50627.2734375,50337.3828125,50345.453125,6.14317,89.87820450000001,102.839447,247.980988,-0.3703365,0.90148,32713.242188,8.084975,0,0.13,1.1,1.4,8.07,128,1.86,0.015,NA
Weekly,2021-12-11,77.005234,25.002907,-88.89340250000001,33.422092,51125.253906,50820.089844,50827.042969,6.094904,89.4872895,102.295311,245.487656,-2.189729,-12.447548,33137.085938,8.027724500000001,0,0.14,0.9,1.2,7.98,128,1.89,0,NA
Weekly,2021-12-18,77.005234,25.002907,-88.365158,33.421337,51114.763672,50823.140625,50824.244141,6.097577,89.333694,102.238716,240.471359,-2.1269615,-12.508529,33121.587891,7.944045,0,0.06,0.7,0.8,7.97,123,1.73,0.009,NA
Weekly,2021-12-25,77.005234,25.002907,-88.82303999999999,33.406544,50838.507813,50810.4375,50821.890625,6.10981,89.58977150000001,102.572929,237.44455,-2.1080050000000004,-12.5061425,33104.292969,7.9749315,0,0.11,0.8,0.8,8.02,128,1.89,0.005,NA
Weekly,2022-01-01,77.005234,25.002907,-86.922096,33.431076,51123.3457035,50810.640625,50817.871094,6.056528,88.837818,101.58095549999999,235.495338,-2.064109,-12.4487025,33118.089844,8.095648,0,0.07,0.7,1.2,8.02,128,2.09,0.01,NA
Weekly,2022-01-08,77.005234,25.002907,-89.378998,33.481828500000006,51164.355469,50852.7734375,50845.050781,6.1397875,89.932442,102.818672,242.668945,-2.302039,-12.58103,33126.289063,8.029363,0,0.24,0.7,1.5,8,128,1.91,0.009,NA
Weekly,2022-01-15,77.005234,25.002907,-90.839806,33.655876,NA,51073.238281,51067.351563,6.166224,90.4277385,103.93997200000001,254.16587800000002,0.570618,-1.544644,33133.488281,8.0227475,2,0.13,0.7,NA,8.06,125,1.88,0.006,NA
Weekly,2022-01-22,77.005234,25.002907,-90.803398,33.666832,NA,51073.378906,51074.8828125,6.140855,89.9919625,103.482018,240.229172,0.71893,-1.279397,33117.289063,8.145153,0,0.24,0.8,1.1,8.08,142,NA,0.02,NA
Weekly,2022-01-29,77.005234,25.002907,-91.348717,33.681902,51377.8125,51061.015625,51077.529297,6.1386825,89.975525,103.471268,231.335007,0.6058,-1.709994,33116.6875005,8.05544,0,0.03,NA,NA,8.06,133.5,1.96,0.016,NA
Weekly,2022-02-05,77.005234,25.002907,-93.45130950000001,33.678307,51373.28125,51046.636719,51050.8359375,6.12479,89.822823,103.215492,233.2463535,0.74663,-1.397197,33099.886719,8.1549975,0,0.09,0.8,1.3,8.07,131,1.82,0.013,NA
Weekly,2022-02-12,77.005234,25.002907,-94.843475,33.2767585,50705.007813,50802.21875,50806.40625,6.095084,89.220936,100.996651,233.084518,-0.350457,0.09389,32850.285156,8.162119,0,0.07,0.6,1.2,8.1,134,NA,0.016,NA
Weekly,2022-02-19,77.230232,25.127907,-95.474304,33.2775555,50705.238281,50723.863281,50807.96875,6.0822355,89.260807,100.93914000000001,238.9973905,-0.368033,0.039485,32859.691406,8.198682,0,0.12,NA,NA,8.11,132,NA,0.005,NA
Weekly,2022-02-26,77.230232,25.127907,-95.97913349999999,NA,50932.128906,50625.1875,50770.3007815,6.072744500000001,88.841381,100.5747605,225.958755,-0.37391850000000004,-0.5066120000000001,32862.488281,8.1570115,0,0.08,0.9,0.7,8.15,130,1.16,0.014,NA
Weekly,2022-03-05,77.005234,25.002907,-96.265015,33.192503,50870.6875,50580.7734375,50684.558594,6.135221,89.9010275,102.30162849999999,222.995506,-0.375803,-0.61812,32878.890625,8.1332775,0,0.06,0.8,0.8,8.02,125,1.42,0.017,NA
Weekly,2022-03-12,77.230232,25.127907,-96.834652,33.219093,50897.230469,50555.074219,50552.121094,6.139474,89.9566345,102.8050195,247.858139,-0.552198,-2.556562,32869.292969,8.057774,0,0.07,0.7,0.4,8.17,132,1.22,0.005,NA
Weekly,2022-03-19,77.005234,25.002907,-98.187439,33.2136385,50893.9589845,50560.957031,50550.105469,6.183348,90.528542,103.546494,237.856674,-0.5723685000000001,-2.40793,32884.9882815,8.135183,0,0.07,0.9,0.9,8.23,138,1.55,0.011,NA
Weekly,2022-03-26,77.005234,25.002907,-98.16468800000001,33.213472499999995,50904.566406,50560.5,50561.011719,6.178354,90.4375265,103.30654150000001,235.854904,-0.55048,-2.197229,32873.3906255,8.167883,0,0.14,0.8,1.2,8.18,124,1.65,0,NA
Weekly,2022-04-02,77.005234,25.002907,-97.1646575,33.204777,50638.769531,50572.2695315,50544.964844,6.154019999999999,89.96743,102.830635,234.84747299999998,-0.5197575,-2.602903,32846.792969,8.1592655,0,0.09,0.9,0.9,8.1,122,1.59,0,NA
Weekly,2022-04-09,77.005234,25.002907,-99.055782,33.061651,NA,50438.265625,50436.601563,6.184432,90.3399545,103.237038,241.2948305,-0.450108,-2.3904065,32777.886719,8.124254,0,0.1,1,1.1,8.18,128,1.62,0,NA
Weekly,2022-04-16,77.005234,25.002907,-100.53141,32.9475215,NA,50041.21875,50066.8515625,6.13171,89.355507,102.098,239.33590700000002,-0.315262,0.040407,32561.644531,8.1198245,0,0.13,0.9,1.4,8.24,121,1.57,0.002,NA
Weekly,2022-04-23,77.005234,25.002907,-101.010185,32.9232925,NA,50049.8652345,50028.0234375,6.142118,89.718254,102.395157,234.178436,-0.346995,-0.036938,32557.443359,8.233603,0,0.22,1.2,1,8.25,121,1.52,0.002,NA
Weekly,2022-04-30,77.005234,25.002907,-101.310791,32.8826465,50049.623047,50045.375,50058.726563,6.13343,89.54619600000001,102.247204,233.101692,-0.32948299999999997,-0.13941,32555.34375,8.1927375,0,0.14,1.1,0.8,8.23,125,1.7,0.002,NA
Weekly,2022-05-07,77.005234,25.002907,-102.010216,32.8777805,50046.25,50143.128906,50121.1875,6.12692,89.78553,102.64947900000001,233.555054,-0.312046,0.189568,32598.792969000002,8.164995000000001,0,0.19,1.1,1.3,8.24,120,1.68,0.006,NA
Weekly,2022-05-14,77.218964,25.121647,-102.591938,33.081165,50509.546875,50554.1328125,50544.464844,6.115071,89.361145,102.735054,232.488098,-0.278457,1.611637,32868.488281,8.210773,0,0.16,0.9,1.4,8.17,122,1.73,0.008,NA
Weekly,2022-05-21,77.207703,25.115391,-102.833229,33.042917,50469.951172,50556.2890625,50564.0625005,6.1357040000000005,89.707581,103.01510999999999,228.346298,-0.258781,1.55604,32864.2871095,8.217838,0,0.22,1.4,1.4,8.1,123,1.81,0,NA
Weekly,2022-05-28,77.218964,25.121647,-103.09355550000001,33.055443,50483.039063,50564.765625,50566.4687505,6.106181,89.3344495,102.69002499999999,231.353195,-0.224221,2.065634,32877.0859375,8.216596,NA,0.15,1.1,1.5,8.22,133,2.18,0.011,NA
Weekly,2022-06-04,77.207703,25.109131,-103.326046,33.043068,50469.066406,50537.080078,50543.5,6.073826,88.770782,101.99688,231.350098,-0.216829,2.094522,32857.9882815,8.2483535,NA,NA,NA,NA,NA,NA,NA,NA,NA
Weekly,2022-06-11,77.207703,25.115391,-102.75135,33.451202,51138.53125,50707.363281,50692.992188,6.081001,88.810211,102.074146,239.570786,-0.124142,1.736088,33022.8867185,8.232638,2,0.22,1.3,1.87,NA,115,NA,0.002,NA
Weekly,2022-06-18,77.185165,25.102871,-102.328583,33.439789000000005,50841.664063,50822.6875,50816.132813,6.0705275,88.9089165,102.03194049999999,237.546669,-0.053469,2.057316,33112.882813,8.183581499999999,0,0.07,1.33,1.13,8.13,120,1.89,0.001,NA
Weekly,2022-06-25,77.162636,25.096615,-101.081604,33.40781,50847.5683595,50803.6015625,50815.269531,6.1177105,89.516823,102.55538899999999,231.438705,0.0025595,1.9617304999999998,33120.886719,8.177308,0,0.2,1.27,1.57,7.97,110,1.94,0.022,NA
Weekly,2022-07-02,77.162636,25.090355,-100.245979,33.411858,50849.125,50817.4453125,50808.1113285,6.1295295,89.667606,102.799503,230.49487299999998,0.0250185,1.9975885,33113.890625,8.142147,0,0.03,NA,NA,8.01,117,2.01,0,NA
Weekly,2022-07-09,77.173904,25.096615,-102.0056495,34.080132,51792.082031,51720.199219,51726.15625,6.0993315,89.425858,102.4631765,232.524445,-3.696949,1.67306,33543.2871095,8.1519735,0,NA,NA,NA,8.06,123,2,0.009,NA
Weekly,2022-07-16,77.162636,25.090355,-103.418213,34.077415,51782.7929685,51840.472656,51843.578125,6.036766,88.8376125,101.44854000000001,227.201775,-3.77616,-5.671801,33630.089844,8.182845,0,NA,NA,NA,8.05,120,2.03,0.008,NA
Weekly,2022-07-23,77.162636,25.090355,-104.786129,34.078859,51782.054688,51843.263672,51840.109375,6.033522,88.702988,101.54552799999999,222.226227,-3.7121445,-5.359084,33632.289063,8.181239,NA,NA,NA,NA,8.07,117,2.11,0.023,NA
Weekly,2022-07-30,77.151375,25.084099,-103.096935,34.069504,51777.5058595,51839.355469,51831.304688,6.0015445,88.286087,100.927338,217.232986,-3.4908824999999997,-4.5774159999999995,33633.1875,8.178692,0,0.06,NA,NA,7.99,120,NA,0.009,NA
Weekly,2022-08-06,77.151375,25.084099,-102.8582955,34.089455,51794.841797,51838.015625,51833.8085935,6.005292000000001,88.35685749999999,101.01398449999999,214.335648,-3.4079534999999996,-4.392282,33623.9902345,8.163795,NA,0.23,1.3,2.27,8.08,118.5,NA,0.015,NA
Weekly,2022-08-13,77.140106,25.077839,-104.126534,34.1550755,NA,51839.167969,51842.6347655,6.027539,88.687027,101.4334525,212.4852295,-3.517562,-4.7089965,33629.587891,8.2082525,NA,0.12,1.43,1.96,8.09,132,NA,0,NA
Weekly,2022-08-20,77.128845,25.071581,-103.560913,34.187294,50359.125,50421.34375,51715.683594,5.9991185,88.03427500000001,100.5843505,220.573929,-3.266223,-4.493045,33541.2910155,8.2036315,NA,NA,NA,NA,NA,NA,NA,NA,NA
Weekly,2022-08-27,77.095047,25.052805,-101.434357,32.925707,50349.2851565,50306.355469,50302.332031,5.963264499999999,87.125633,99.825592,218.0197675,-1.286091,-3.3626104999999997,32686.042969,8.091491,0,0.13,1.36,2.33,8.11,122,NA,0,NA
Weekly,2022-09-03,77.095047,25.052805,-102.6472775,33.2024405,50338.957031,50312.7128905,50308.914063,5.988093,87.51032599999999,100.332565,214.06887799999998,-1.366739,-3.46694,32690.244141,8.0920280000000009,NA,0,1.3,1.7,8.08,112.5,NA,0.002,NA
Weekly,2022-09-10,77.083786,25.046549,-102.92552950000001,32.907341,50333.714844,50296.375,50312.195313,5.976513,87.222115,99.93631,212.950317,-1.3761805,-3.524724,32691.59375,8.083366999999999,0,0.11,1.2,1.8,8.09,117,NA,0.019,NA
Weekly,2022-09-17,77.095047,25.052805,-102.454159,33.1876715,50344.679688,50303.4453125,50303.214844,6.113124,89.41024,102.070076,229.026581,-1.5628595,-3.479787,32689.493164,8.081668,0,0.17,1.4,1.4,8.06,115,NA,0.011,NA
Weekly,2022-09-24,77.095047,25.052805,-102.540836,33.195702,NA,50304.1933595,50302.9765625,6.122342,89.54483,102.438232,221.0867385,-1.662524,-3.468165,32686.793945,8.096118,NA,NA,1.03,1.5,8.07,115,NA,0.042,NA
Weekly,2022-10-01,77.083786,25.046549,-101.671516,32.895004,50320.9843755,50303.2460935,50316.058594,6.13631,89.738327,102.636719,217.988327,-1.661721,-3.574974,32682.443359,8.150045,0,NA,1.13,1.3,8.03,113,NA,0.018,NA
Weekly,2022-10-08,77.083786,25.046549,-100.618538,32.810987499999996,50231.171875,50312.7089845,50314.716797,6.133229,89.391846,102.511593,229.669281,-0.5248655,-7.814986,32689.34375,7.989828,0,0.18,NA,2.37,8.03,116,NA,0.012,0.01
Weekly,2022-10-15,77.072517,25.040289,-100.120102,32.795601,50217.0683595,50303.0097655,50306.015625,6.123366,89.2459645,102.37963500000001,226.598526,-0.4595765,-8.125456,32683.644531,8.006518,0,0.09,1.07,NA,8.08,118,NA,0.004,NA
Weekly,2022-10-22,77.072517,25.040289,-99.721653,32.7937505,50216.308594,50286.9941405,50294.507813,6.070589,88.627777,101.624931,217.61669899999998,-0.5086765,-8.377154,32667.744141,8.082913,NA,NA,NA,NA,NA,NA,NA,NA,NA
Weekly,2022-10-29,77.061256,25.034033,-100.11009999999999,32.78376,50203.9707035,50305.957031,50287.9902345,6.060542,88.46286,101.4381295,218.547806,-0.461757,-8.246478,32577.9433595,8.089744,0,0.07,1.1,1.1,7.96,105,1.6,NA,NA
Weekly,2022-11-05,77.049988,25.027773,-99.730431,32.773883999999995,50194.039063,50322.03125,50298.5,6.0532535,88.272888,101.272247,214.514122,-0.444013,-8.244068,32552.943359,8.083426,2,0,1.27,1.67,7.97,104.5,1.6,0,NA
Weekly,2022-11-12,77.038727,25.021513,-98.82901000000001,33.186859,50187.597656,50513.496094,50495.667969,6.039541,88.3627015,101.156586,218.798035,-2.2671695,-13.722676,32825.886719,8.069462,1,0.07,0.5,0.7,7.96,123,0.04,NA,0.05
Weekly,2022-11-19,77.016197,25.008997,-99.255646,33.203793,50890.859375,50565.6308595,50556.8789065,6.0332775000000005,88.3565295,101.092888,220.8355635,-2.4076735,-14.224916,32857.386719,8.035987,0,0.07,0.93,1.43,7.96,127,1.6,0.027,NA
Weekly,2022-11-26,77.004929,25.002739,-98.79108049999999,33.218633499999996,50903.994141,50571.785156,50561.230469,6.05581,88.615128,101.62753649999999,218.912613,-2.4556509999999996,-14.352595,32854.085938,8.0271065,0,0.08,0.9,1.1,7.98,107,1.6,NA,NA
Weekly,2022-12-03,77.207397,25.115223,-98.286713,33.2065145,50897.800781,50571.7597655,50553.6484375,6.060958,88.650475,101.766022,221.30835000000002,-2.407076,-14.098094,32851.292969,8.080633500000001,0,0.04,1.1,1.48,7.93,134,1.6,0.006,NA
Weekly,2022-12-10,77.218666,25.121481,-94.77136250000001,33.2016625,50887.0234375,50442.2597655,50449.71875,6.065227,88.680832,101.5336535,224.41215499999998,-2.191453,-13.600011,32773.1875,7.987332,0,0.11,0.9,1.4,7.87,108,1.6,0.016,NA
Weekly,2022-12-17,77.207397,25.115223,-96.374966,32.874825,50025.546875,50045.564453,50048.730469,6.0630705,88.48632,100.977287,226.096497,-1.194216,-4.03371,32553.09375,8.006368,0,0.08,0.8,1.4,7.92,119,1.6,0,NA
Weekly,2022-12-24,77.207397,25.115223,-97.271362,32.87775,50042.558594,50056.951172,50057.179688,6.0490405,88.364296,100.828873,217.075195,-1.178012,-3.6601495,32559.3935545,8.031196999999999,0,0.13,0.9,0.6,7.91,137,1.6,0.011,NA
Weekly,2022-12-31,77.196136,25.108965,-97.210144,32.896955500000004,50063.359375,50050.484375,50045.921875,6.1338265,89.584053,102.2274855,222.141052,-1.139664,-3.6133480000000002,32556.3427735,8.007779,0,0,1,1.2,7.86,133,1.6,0.005,NA
Weekly,2023-01-07,77.184875,25.102707,-94.8620565,33.165218499999995,50042.6757815,50432.279297,50441.9628905,6.19756,90.6680565,103.3872835,225.09096499999998,-1.037681,-2.3201395,32772.9902345,7.986203,0,0.09,0.9,1.6,7.85,136,1.6,0.003,NA
Weekly,2023-01-14,77.184875,25.102707,-97.865753,33.164848,50574.304688,50556.753906,50567.925781,6.2396519999999995,91.305031,103.877857,222.6996995,-0.4911805,-1.9174885,32852.886719,8.032832500000001,0,0.25,1.1,1.3,7.87,129,1.6,0.004,NA
Weekly,2023-01-21,77.173607,25.096447,-96.369549,33.117405,50542.378906,50557.550781,50563.699219,6.1708940000000005,90.3378715,102.752869,220.0880815,-0.49284300000000003,-1.86218,32856.488281,8.019387,0,0.07,0.93,0.63,7.88,133,1.6,0,NA
Weekly,2023-01-28,77.151077,25.083931,-99.378231,33.088287,50513.9277345,50558.6933595,50549.820313,6.210117,90.911026,103.381325,221.492096,-0.536172,-1.9477579999999999,32917.6875,8.091254,0,0.02,1.1,1.4,7.93,130,1.6,0.012,NA
Weekly,2023-02-04,77.162346,25.090191,-101.38458600000001,33.071045,50494.3242185,50582.246094,50574.117188,6.2012095,90.654476,103.12222249999999,224.4346845,-0.42510349999999997,-1.5017475,32941.28125,8.102136,0,0.15,1.06,2,8.01,139,2.11,0.012,0.03
Weekly,2023-02-11,77.151077,25.083931,-102.428741,33.3375305,50760.558594,50827.6308595,50812.914063,6.191325,90.54178999999999,103.156975,238.18425,-0.847223,-6.028967,32853.679688,8.1546,0,0.02,0.96,0.3,8.03,131,1.6,0.005,NA
Weekly,2023-02-18,77.139809,25.077671,-101.36697,33.299938,50729.515625,50823.902344,50825.15625,6.1242655,89.68251000000001,102.039734,236.1021045,-0.489391,7.619754,32845.878906,8.114877,0,0.09,0.8,1.46,8.12,133,1.8,0.036,0.02
Weekly,2023-02-25,77.139809,25.077671,-99.757912,33.227043,50904.777344,50607.671875,50608.0625,6.1435275,89.844772,102.267036,236.88501,0.782137,9.2941315,32824.878906,8.116204,0,0.06,0.66,NA,7.95,131,1.73,0.014,NA
Weekly,2023-03-04,77.139809,25.077671,-101.71257750000001,33.111881,50536.992188,50555.859375,50555.230469,6.15681,90.016182,102.3595465,242.65065,9.540759,32.112751,32839.277344,8.109995,0,0.02,0.7,1.3,7.97,127,1.3,0.004,0.03
Weekly,2023-03-11,77.128548,25.071415,-103.681267,33.022869,50466.046875,50378.957031,50354.9277345,6.211951,90.6987345,103.337021,242.366547,18.411157,16.767223,32803.878906,8.144628,0,0.27,0.97,1.17,8.07,134.8,1.64,0.012,NA
Weekly,2023-03-18,77.117279,25.058899,-103.273521,32.63467,49783.7714845,49783.765625,49782.375,6.254865,91.207245,104.33070000000001,240.26702899999998,0.22433,2.6042695,32357.041016,8.082922,0,0,1.1,1.1,NA,NA,1.7,0.002,NA
Weekly,2023-03-25,77.117279,25.065155,-102.52431849999999,32.549202,49703.8027345,49792.421875,49786.8125,6.241558,90.9615745,104.090034,241.014359,-0.110013,5.9526615,32288.039063,8.092693,0,0,0.66,1.03,8.04,142,1.56,0.002,NA
Weekly,2023-04-01,77.094749,25.052639,-105.250847,32.435745,49893.966797,49536.6777345,49551.789063,6.294644,91.70083600000001,105.014229,226.7050855,-1.640321,-5.9307289999999995,32203.845703,8.150616,NA,0,1.1,NA,8.18,NA,1.23,0.017,NA
Weekly,2023-04-08,77.106018,25.058899,-107.327286,32.326995999999994,49467.322266,49528.767578,49543.984375,6.279999999999999,91.4467735,104.640739,224.30276500000002,-1.553948,-5.415617,32176.0927735,8.1536985,0,0.06,1.03,1.4,8.16,136.8,1.41,0,NA
Weekly,2023-04-15,77.117279,25.065155,-108.204987,32.342979,49623.675781,49390.4726565,49438.419922,6.27078,91.3187025,104.96157099999999,227.115692,-1.481236,-5.3440650000000005,32086.244141,8.157561,0,0.18,1.67,1.13,8.24,125,1.44,0.033,NA
Weekly,2023-04-22,77.117279,25.058899,-108.74007,32.414997,49761.029297,49597.611328,49613.654297,6.271478500000001,91.451256,105.999817,231.533043,-0.982153,-8.779874,32228.993164,8.159945,0,0.06,1.03,1.7,8.25,136.4,1.74,0.001,NA
Weekly,2023-04-29,77.106018,25.058899,-109.4255715,32.672705,49971.464844,49892.921875,49901.460938,6.221541,90.842018,105.00647,225.362335,-0.9115759999999999,-8.2666075,32430.445313,8.192841000000001,0,0.14,1.33,2.13,8.25,130,1.78,0.027,NA
Weekly,2023-05-06,77.106018,25.058899,-109.55404300000001,32.901253,50246.1171875,50190.691406,50223.9902345,6.223923,90.838791,105.248909,220.310028,-0.9696754999999999,-8.323642,32623.943359,8.223700000000001,0,0.11,1.5,2.3,8.3,135,1.95,0.008,NA
Weekly,2023-05-13,77.094749,25.046381,-109.346462,33.19693,50511.2558595,50568.542969,50589.6191405,6.197275,90.679802,104.877693,219.470444,-0.919166,-8.266575,32905.089844,8.218643,0,0.03,1.3,1.8,8.34,133,1.56,0.022,0.01
Weekly,2023-05-20,77.07222,25.040123,-109.7531815,33.6048355,51044.859375,51024.6621095,51045.671875,6.153694,90.02502100000001,103.5740855,221.6054385,-0.5256735,-7.480327,33116.292969,8.177114,0,0.17,1.4,1.9,8.36,128,1.62,0.005,NA
Weekly,2023-05-27,77.07222,25.040123,-110.97538750000001,33.627201,51056.009766,51072.5234375,51072.925781,6.12818,89.91761,103.408409,218.222,-0.479777,-7.028665,33116.8925785,8.184398,0,0.1,1.5,2.1,8.34,130,1.5,0.005,NA
Weekly,2023-06-03,77.060959,25.033865,-111.771145,33.537189,51029.449219,51117.089844,51114.65625,6.118101,89.707954,103.13881699999999,222.958206,-0.467885,-6.722168,33162.6894535,8.2191845,0,0.15,1.3,2.17,8.2,129,1.57,0.017,0
Weekly,2023-06-10,77.060959,25.033865,-112.17347,33.32727800000001,51014.2246095,51055.972656,51037.441406,6.13755,89.95560449999999,103.336021,220.925369,-0.393418,-6.173479,33108.2871095,8.216612999999999,0,0.08,1.3,2.2,8.12,131,1.57,0.004,NA
Weekly,2023-06-17,77.038429,25.021349,-112.180511,33.28857,50718.757813,50811.7226565,50809.685547,6.2014525,90.592438,103.674232,218.056152,-1.854842,-4.35338,32863.890625,8.2233005,0,0.12,NA,NA,8.11,122,1.48,0.004,NA
Weekly,2023-06-24,77.04969,25.021349,-112.635345,33.282143,50929.367188,50660.2890625,50746.7421875,6.225531,91.183403,104.344746,211.2640455,-1.846735,-4.649065,32862.089844,8.277476499999999,0,0.14,1.4,2.3,8.14,144,1.36,0.012,NA
Weekly,2023-07-01,77.027161,25.015089,-113.178925,32.990639,50695.355469,50325.269531,50306.109375,6.276187,91.727203,105.0863305,214.269806,-1.729742,-4.3348525,32634.544922,8.250181,0,NA,1.2,1.3,7.99,NA,0.97,0.007,NA
Weekly,2023-07-08,77.038429,25.015089,-113.81660450000001,32.773724,50222.7871095,50215.810547,50222.4648435,6.321826,92.4952585,105.830017,220.82525650000002,-1.685051,-4.252315,32555.644531,8.182907,0,0.13,1.5,2.1,8.28,136,0.68,0.006,0.01
Weekly,2023-07-15,77.252159,25.140089,-113.548012,32.700235500000005,50122.71875,49792.902344,49813.71875,6.365113,92.839245,106.499054,224.601898,-0.119889,-32.056156,32473.1416015,8.235942000000001,0,0.18,1.2,1.8,7.94,131,0.59,0.006,NA
Weekly,2023-07-22,77.027161,25.015089,-113.772705,32.5649735,49973.296875,50156.1171875,50145.40625,6.317966,92.405968,105.87679299999999,244.265579,-0.030832,-31.827753,32511.998047,8.26022,0,0.18,1.6,2.4,7.93,138,0.55,0,0.06
Weekly,2023-07-29,77.027161,25.015089,-112.744671,32.897682,50619.5527345,50314.640625,50301.777344,6.323936,92.5845985,106.149292,233.4431385,0.1548545,-31.304242000000002,32767.998047,8.21635,0,0.19,1.8,2.6,7.95,142,0.84,0.007,NA
Weekly,2023-08-05,77.218361,25.121313,-113.03220400000001,32.972271,50438.2578125,50249.453125,50263.964844,6.2897605,92.185272,105.4309575,231.174774,-0.0992265,-29.60629,32767.998047,8.251143500000001,0,0.12,1.5,2.1,7.85,144,0.7,0.006,NA
Weekly,2023-08-12,77.2071,25.115057,-112.902283,32.848164,50248.910156,50283.470703,50302.828125,6.167911999999999,90.282593,102.736065,232.6778185,-0.169154,-14.7929225,32767.998047,8.256845,0,0.22,1.5,2.3,8.22,139,0.95,0.017,NA
Weekly,2023-08-19,77.218361,25.121313,-110.0533985,33.208817,50659.6875,50358.628906,50379.1347655,6.1636575,90.178627,102.70582200000001,228.135811,0.095037,11.6869505,33023.996094,8.1300235,0,0.14,1.2,2.2,8.14,139,0.78,0.015,NA
Weekly,2023-08-26,77.2071,25.115057,-109.7731325,32.681683,50438.707031,50187.4375,50220.5527345,6.140057,89.830162,102.507172,226.4286345,0.16618,5.3156555,32511.998047,8.1453035,0,0.01,1.13,1.73,8.23,126,0.77,0.028,NA
Weekly,2023-09-02,77.2071,25.115057,-110.838318,32.671436,50086.921875,49786.589844,49799.890625,6.133336999999999,89.627457,102.294388,229.468643,1.092563,6.814077,32511.998047,8.145839500000001,0,0.18,1.33,0.83,8.26,124,0.61,0.012,NA
Weekly,2023-09-09,77.18457,25.102539,-110.739502,32.747566,50168.234375,49891.105469,49897.425781,6.138743,89.679382,102.428154,233.18244950000002,1.446237,8.895014,32511.998047,8.15273,0,0.05,1.7,2.07,8.14,127,0.86,0.005,0
Weekly,2023-09-16,77.173309,25.096281,-110.240715,33.318626,50751.1894535,50810.7070315,50837.185547,6.1222235000000005,89.693909,102.5444755,226.1924285,-1.2142135,-15.866808,33023.996094,8.1524235,0,0.01,1,1.33,8.18,118,0.59,0.015,NA
Weekly,2023-09-23,77.18457,25.102539,-110.273933,33.2766515,50711.75,50768.484375,50919.4453125,6.101249,89.403904,102.258102,225.017113,1.32738,-0.22039799999999998,33023.996094,8.171323,0,0.01,1.43,1.86,8.18,129,0.76,0.03,NA
Weekly,2023-09-30,77.162041,25.090021,-110.0582005,33.293171,50723.390625,50824.324219,50943.996094,6.135449,89.89773550000001,102.904251,222.083847,NA,NA,33023.996094,8.176869,0,0.04,1,0.23,8.22,130,0.62,0.02,NA
Weekly,2023-10-07,77.162041,25.090021,-110.362579,33.292486,50722.476563,50673.171875,50943.996094,6.028758,88.192787,100.928139,231.4818345,NA,NA,33023.996094,8.143417,0,NA,1.4,1.73,8.09,128,0.6,0.051,0
Weekly,2023-10-14,77.162041,25.083765,-109.80242200000001,33.081272,50507.5566405,50554.8691405,50687.996094,5.974451,87.391823,99.97080650000001,233.456604,NA,NA,33023.996094,8.094559,0,0,1.43,2.27,NA,NA,NA,NA,NA
Weekly,2023-10-21,77.162041,25.083765,-108.97715,33.09354,50515.417969,50560.714844,50687.996094,6.0170285,87.9330215,100.704342,242.50177,NA,NA,33023.996094,8.093267,0,0.04,1.8,0.83,8.15,126,0.57,NA,NA
Weekly,2023-10-28,77.162041,25.090021,-108.366768,33.135296,50547.90625,50565.316406,50687.996094,5.977363,87.448212,100.16153,246.633026,NA,NA,33023.996094,8.148182,0,0.06,1.43,1.8,8.07,117,0.66,0.021,NA
Weekly,2023-11-04,77.139511,25.077505,-108.085609,33.138311,50089.6308595,50469.691406,50687.996094,5.9463105,86.9850275,100.96638899999999,250.085487,NA,NA,33023.996094,8.134628,0,0.13,1.5,2.83,8.11,124,0.66,NA,NA
Weekly,2023-11-11,77.139511,25.077505,-107.856682,32.630512,49943.121094,49783.140625,49919.996094,5.881362,85.862328,101.732635,246.329559,NA,NA,32383.998047,8.0203995,0,0.14,1.36,2.66,8.09,132,0.43,NA,0.02
Weekly,2023-11-18,77.116982,25.064989,-106.930725,32.655144,49807.71875,49775.4472655,49919.996094,5.903769,86.12019749999999,102.153881,240.415375,NA,NA,32511.998047,8.031446,0,0.09,1.5,2.5,8.12,127,0.78,0.018,NA
Weekly,2023-12-16,77.1,NA,NA,32.525000000000006,49750,NA,NA,6.25,NA,91.1,278.4,-10.504999999999999,-2.83,NA,7.91,0,0,1.1,1.7,NA,121,0.92,0.009,NA
Weekly,2023-12-23,77.1,NA,NA,32.485,49683,NA,NA,6.28,NA,91.5,287.25,-11.22,-2.86,NA,8.05,0,0.26,0.7,1.1,8.08,123,0.96,NA,NA
Weekly,2024-01-13,77.375473,25.208597,-76.5602495,32.090374,49222.40625,49295.199219,49285.0019535,5.951267,86.70062999999999,89.5867845,147.719368,2.433471,0.054834999999999995,NA,8.293117,0,0.05,0.96,1.16,8.14,129,1.16,0.012,NA
Weekly,2024-01-20,77.128242,25.064989,-77.407433,32.142925,50099.5625,49301.515625,49291.8164065,6.086574,88.583305,91.818634,178.886185,2.3113245,-0.073377,32464.400391,8.289966499999998,0,0.03,1.1,1.43,8.14,124,1.02,0.024,NA
Weekly,2024-01-27,77.173309,25.096281,-74.491093,32.707494999999994,50122.152344,49790.3046875,49788.951172,6.2319375,90.976395,104.08568199999999,188.550308,1.0182335,0.269857,32465.75,7.9799620000000004,0,0.11,0.6,1.3,8.16,128,1.18,0.014,NA
Weekly,2024-02-03,77.2071,25.115057,-76.857563,32.695381,50116.363281,49805.636719,49783.7265625,6.2360015,91.1208575,104.2708285,175.484024,0.287231,0.09526,32458.550781,7.923129,0,0.1,1.23,1.4,8.01,132,1.1,NA,NA
Weekly,2024-02-10,77.2071,25.121313,-75.948235,32.5326345,50133.203125,49809.394531,49823.90625,6.1635705000000005,89.5164455,102.734711,144.63562,-0.4727925,-0.078412,32441.851563,8.006777,0,0.11,0.7,0.7,7.97,120,1.3,0.013,NA
Weekly,2024-02-17,77.432106,25.240057,-77.596451,28.320689,NA,43918.1875,43892.917969,6.3793855,90.71402,104.44755549999999,204.583359,0.465057,-4.5604205,28562.902344000002,8.083585,0,0.04,0.86,1.3,8.35,105,0.93,0.041,NA
Weekly,2024-02-24,77.218361,25.027605,-81.338135,28.309456,43886.816406,43897.6953125,43899.6796875,6.319316000000001,89.990593,103.4734155,192.4049685,0.514696,-4.621822,28489.1015625,8.127995,0,0.13,0.8,0.86,8.16,115,0.77,0.021,NA
Weekly,2024-03-02,77.218361,25.121313,-79.493843,28.30341,43875.554688,43903.996094,43878.96875,6.307337499999999,89.430664,102.827263,184.4106675,0.327766,-4.683616,28486.401367,8.124894,0,NA,1.3,1.83,8.15,129,0.87,0.021,NA
Weekly,2024-03-09,77.038429,25.021349,-81.395325,28.303263,43876.925781,43913.234375,43905.498047,6.312704500000001,90.327377,103.790188,176.32933050000003,0.388494,-4.711881,28493.300781500002,8.127611,0,0.01,0.9,1.1,8.11,122,1.07,0.024,NA
Weekly,2024-03-16,77.218361,25.121313,-81.8876495,32.80452,50220.265625,50311.998047,50311.263672,6.300599500000001,91.625164,105.4043045,245.669464,0.448509,1.0795085000000002,32716.451172,8.096131499999998,0,0.07,0.8,1.27,7.91,129,0.79,NA,NA
Weekly,2024-03-23,77.2071,25.115057,-82.395733,32.800231499999995,50215.8125005,50319.21875,50304.1660155,6.28267,91.711208,105.6749535,219.600586,0.188257,1.0159545,32711.801758,8.098774,0,0.04,0.9,1.23,8.07,117,0.82,0.015,NA
Weekly,2024-03-30,77.2071,25.115057,-82.822731,32.8496685,50266.285156,50290.503906,50300.273438,6.219725,91.1404345,104.8465885,206.753845,0.476238,1.0100875,32713.100586,8.139195,0,0.03,0.9,1.26,8.15,131,0.88,0.022,NA
Weekly,2024-04-06,77.004631,25.002573,-83.587379,32.845352,50259.535156,50280.871094,50283.953125,6.226618,90.8516615,104.054237,199.778351,0.249382,1.017422,32698.349609,8.01583,NA,NA,NA,NA,NA,NA,NA,NA,NA
Weekly,2024-04-13,77.218361,25.115057,-86.3802455,29.826289,NA,45951.9140625,45947.439453,7.198388,103.209007,103.3701895,248.441101,0.652933,-8.029219,29896.851563,8.155668,0,0.02,1,1.36,8.03,123,0.97,0.014,NA
Weekly,2024-04-20,77.218361,25.121313,-88.023918,29.817097,45955.070313,45964.90625,45943.964844,7.164422500000001,102.4781035,102.483231,229.272034,0.9170435,-8.085721,29902.251953,8.1486035,0,0.04,NA,2.6,8.14,123,1.01,0.019,NA
Weekly,2024-04-27,77.015892,25.008831,-88.756264,29.81505,45940.355469,45950.714844,45950.9238285,7.159694,102.73877350000001,102.781013,215.32304349999998,0.5778179999999999,-8.022793499999999,29897.949219,8.098484,0,0.01,1.1,1.76,7.97,123,0.87,0.001,NA
Weekly,2024-05-04,77.2071,25.115057,-89.308289,29.8117155,45938.841797,45973.546875,45966.253906,7.082906,101.6977045,102.540779,208.271072,0.811131,-8.019944,29902.75,8.164227,NA,NA,NA,NA,NA,NA,NA,NA,NA
Weekly,2024-05-11,77.2071,25.115057,-90.693787,30.384207,46864.013672,46948.0625,46973.3046875,6.2339185,89.682808,103.45502450000001,250.644745,0.2921135,0.640691,30448.701172,8.156108,0,0.14,1.2,1.8,8.24,125,1.06,0.01,NA
Weekly,2024-05-18,77.195831,25.108797,-91.5021325,30.387014,46881.015625,46862.019531,46943.7812505,6.235335,89.693901,103.580574,259.05867,0.151536,0.691331,30431.849609,8.160054,0,0.06,1.5,2.36,7.79,123,0.99,0.009,NA
Weekly,2024-05-25,77.195831,25.108797,-91.77478400000001,30.496124,47090.492188,46753.808594,46783.3632815,6.230721,89.712006,103.45385,237.411911,0.218145,0.59703,30404.3017575,8.1096845,0,0.155,1.15,1.565,8.105,116.5,0.885,0.009000000000000001,NA
Weekly,2024-06-01,77.18457,25.102539,-92.968208,30.495687,47087.65625,46727.746094,46729.4453125,6.240392,89.959846,103.657738,229.40799,0.10025400000000001,0.69085,30409.349609,8.092862,0,0.27,1.2,1.6,NA,NA,0.66,0.009,NA
Weekly,2024-06-08,77.162041,25.090021,-93.9035265,30.495161,47085.839844,46742.925781,46744.808594,6.232703,89.764374,103.491554,226.42465199999998,0.2717445,0.6849405,30413.25,8.031967999999999,0,0.2,1.4,2.36,8.15,NA,0.58,0,NA
Weekly,2024-06-15,77.18457,25.102539,-94.3461685,32.444263,49594.996094,49280.9902345,49280.9902345,6.1122,89.144669,102.325119,244.009033,4.907723,1.770314,32066.552734,8.150503,0,0.16,1.3,2.1,8.28,NA,0.92,0.005,NA
Weekly,2024-06-22,77.162041,25.090021,-94.350685,32.154324,49612.236328,49287.8125,49270.8359375,6.0989315,88.832787,102.15445700000001,240.86055,4.7798,1.768132,32064.1015625,8.046116,2,NA,1.73,NA,8.17,106,0.56,0.004,NA
Weekly,2024-06-29,77.375778,25.208765,-91.585968,32.159935000000004,49562.234375,49273.511719,49278.5820315,6.0824505,88.6701435,101.76340450000001,233.640366,4.7885285,1.8040764999999999,32055.152344,8.101301,0,0,1.6,2.2,NA,122,0.87,0.001,NA
Weekly,2024-07-06,77.398308,25.221281,-92.080437,32.056177000000005,49195.664063,49276.5,49279.939453,6.101256,88.83642950000001,102.10136399999999,238.62221549999998,4.586136,1.850548,31935.150391,8.150285499999999,0,0.07,1.6,NA,8.05,117,0.6,0.001,NA
Weekly,2024-07-13,77.398308,25.221281,-94.583099,33.504883,51441.732422,51060.058594,51202.3769535,6.047221,88.596092,101.872841,241.452713,1.340047,1.3984580000000002,33210.902344,8.195733,0,0.02,1.43,2.43,8.01,122,0.73,0.003,NA
Weekly,2024-07-20,77.370144,25.202505,-95.66354,33.543728,51233.5996095,51319.03125,51317.847656,6.032542,88.634605,101.907272,250.522949,1.3496899999999998,1.2511774999999998,33408.701172,8.221684,0,0.09,1.43,2.2,8.01,123,0.6,0.008,NA
Weekly,2024-07-27,77.353241,25.196247,-95.58636849999999,33.600281,51268.5585935,51331.144531,51318.652344,6.001859,88.132248,101.465271,242.833046,1.242615,1.220648,33418.300781,8.218261,0,0.07,1.3,1.8,8.17,116,0.76,0.021,NA
Weekly,2024-08-03,77.353241,25.196247,-95.0042305,33.6651265,51610.503906,51362.058594,51358.3613285,5.99987,88.198372,101.207428,222.92009,1.2200199999999999,1.292843,33426.699219,8.181203,0,0.01,1.4,2.03,7.93,116,0.86,0.016,NA
Weekly,2024-08-10,77.330719,25.189989,-93.4508745,33.8792935,51862.300781,51582.6953125,51581.460938,6.020972,88.60544949999999,100.905937,254.598633,1.223679,3.235642,33473.8964845,8.110854,0,0.05,1.13,1.83,7.96,119,0.85,0.033,0
Weekly,2024-08-17,77.31945,25.183731,-93.635078,33.9165055,51869.357422,51584.6171875,51584.263672,6.030029,88.835564,101.1007765,253.75145750000001,0.488601,4.1589825000000005,33665.300781,8.109056,0,0,1.47,2.13,7.88,113,0.73,NA,NA
Weekly,2024-08-24,77.34198,25.189989,-96.2063255,33.9204005,51873.0683595,51581.3828125,51595.6816405,5.9952505,88.183601,100.299782,261.443207,0.256234,5.990999,33634.902344,8.212315,NA,NA,NA,NA,NA,NA,NA,NA,NA
Weekly,2024-08-31,77.139511,25.077505,-94.4017945,33.786991,51486.140625,51506.6054685,51543.5312505,5.948057,87.419518,99.634125,251.202934,0.270714,7.304707,33414.101563,8.054876,NA,NA,NA,NA,NA,NA,NA,NA,NA
Weekly,2024-09-07,77.15078,25.077505,-93.4394,33.9808825,51686.972656,51302.480469,51310.734375,5.9853190000000005,87.670086,99.871284,235.218246,0.268614,4.95614,33386.5,8.0387515,NA,NA,NA,NA,NA,NA,NA,NA,NA
Weekly,2024-09-14,77.105713,25.058731,-95.924881,31.977884000000003,49098.2539065,48766.8515625,48755.8515625,6.075383,88.216484,100.8022,264.270325,-0.9499925,-106.0493085,31805.650391,8.0969,0,0,1.5,2.8,NA,116,1.15,0.018,NA
Weekly,2024-09-21,77.139511,25.077505,-95.076408,31.978506,49096.7656255,48769.9316405,48749.992188,6.0329265,87.6704445,100.0862195,253.148331,-0.827399,-106.0525055,31809.7509765,8.1205475,0,0.03,1.53,2.2,NA,127,0.86,0.043,NA
Weekly,2024-09-28,77.3250845,25.064989,-95.2408525,31.981901,49103.732422,48766.675781,48771.921875,6.049109,87.921204,100.257408,245.1888885,-0.9393735000000001,-107.56989300000001,31806.849609,8.095935,0,0.2,1.7,2.4,NA,111,0.73,0.031,NA
Weekly,2024-10-05,77.083183,25.039955,-95.422112,31.976302,49091.488281,48800.6367185,48803.9746095,6.0428465,87.873795,100.303307,245.094673,-0.9582014999999999,-107.03210100000001,31826.050781,8.140573,0,0.12,1.7,2.7,NA,127,0.81,NA,NA
Weekly,2024-10-12,77.071922,25.033699,-94.399597,32.919574999999995,50587.054688,50295.925781,50308.3964845,6.00037,87.709114,100.425247,261.94046000000003,-1.8667935,0.8991260000000001,32708.7509765,7.951115,0,0.02,1.1,1.3,NA,128,0.81,0.046,NA
Weekly,2024-10-19,77.296921,25.164955,-93.44826499999999,32.905483000000004,50592.5273435,50307.3671875,50305.96875,5.96455,87.1931955,99.91466550000001,257.869141,-1.876461,0.607806,32703.449219,7.958622,0,0.21,1,1.63,NA,121,0.82,0.021,NA
Weekly,2024-10-26,77.274391,25.152439,-91.85553,32.905628,50617.5117185,50305.4375,50300.4003905,5.970605,87.192535,99.97192,262.115509,-1.8985880000000002,0.321294,32707.650391,7.9895185,0,0,1.3,0.8,NA,122,0.9,0.032,NA
Weekly,2024-11-02,77.263123,25.146179,-91.639641,32.89114,50572.2695315,50303.597656,50307.970703,5.941884,86.8631555,99.352501,259.86174,-1.907306,0.2843715,32710.050781,8.026182,0,0.01,1.2,1.5,8.19,130,1,0.047,NA
Weekly,2024-11-09,77.28566,25.158699,-89.876587,32.9077415,50577.761719,50277.109375,50268.929688,5.898937,86.149574,98.505478,255.913986,-1.916313,0.3664225,32695.048828,7.970751,0,0.09,0.9,2.2,8.18,133,1.14,0.012,NA
Weekly,2024-11-16,77.251862,25.139923,-90.596321,28.346989999999998,44219.3457035,43892.6796875,43896.6738285,6.080969,86.602524,99.041122,265.608612,-2.14405,2.551586,28617.349609,8.02483,0,0.05,1.1,1.3,NA,130,1.24,0.032,NA
Weekly,2024-11-23,77.274391,25.146179,-90.59470350000001,28.490889,44252.4414065,43900.5351565,43901.289063,6.083078,86.7171515,99.24786,257.816162,-2.1233165,2.4831235,28617.152344,8.031744,0,0.09,1.4,2.27,NA,129,1.5,0.015,NA
Weekly,2024-11-30,77.026863,25.014923,-90.465538,28.3461635,44221.203125,43896.78125,43901.390625,6.102447,86.929428,99.47978950000001,255.82222000000002,-2.0174655,2.380353,28613.75,8.018852500000001,0,0.1,1.1,1.8,8.13,125,1.46,NA,NA
Weekly,2024-12-07,77.026863,25.014923,-90.443687,28.337249999999997,45071.210938,43924.113281,43922.726563,6.11975,87.134026,99.66730150000001,263.4073485,-2.064443,2.112917,28616.75,8.006716,0,0.06,0.93,1.8,8.07,121,1.67,0.013,NA
Weekly,2024-12-14,77.038124,25.014923,-90.6700705,29.131756,45304.1445315,45112.9804685,45185.832031,6.075516,86.9340935,99.531769,270.359955,-4.389334,-5.56036,29253.050781500002,7.967065,0,0.06,1.1,1.5,8.03,125,1.72,0.043,NA
Weekly,2024-12-21,77.206802,25.114889,-90.965443,29.134041,45298.75,44983.472656,45057.214844,6.116789,87.298004,100.23497,260.453583,-4.388331,-5.558517500000001,29252.700195,7.822452,NA,NA,NA,NA,NA,NA,NA,NA,NA
Weekly,2024-12-28,77.195534,25.108631,-91.418739,29.132162,45300.2910155,45005.84375,45134.298828,6.281051,89.951378,102.963181,239.197876,-4.445678,-5.52483,29255.0996095,7.8279555,0,0.05,1,1.6,7.97,122,1.69,0.041,NA
Weekly,2025-01-04,77.184273,25.102373,-91.402008,29.1283225,45305.191406,44941.152344,45174.091797,6.3219045000000005,90.168098,103.21418399999999,234.095169,-4.4480885,-5.620262,29259.552734,7.8280785,NA,NA,NA,NA,NA,NA,NA,NA,NA
