year,variable,mean,median,std,IQR,min,max
2011,chlorophyll_rfu,NA,NA,NA,NA,NA,NA
2011,chlorophyll_ugL,NA,NA,NA,NA,NA,NA
2011,conductivity_uScm,44677.21,45200,1447.08,2500,41300,47100
2011,do_local_percent,NA,NA,NA,NA,NA,NA
2011,do_mgL,NA,NA,NA,NA,NA,NA
2011,do_saturated_percent,NA,NA,NA,NA,NA,NA
2011,nlf_conductivity_uScm,NA,NA,NA,NA,NA,NA
2011,orp_mV,332.02,316,43.79,82,253,402
2011,pH,8.52,8.5,0.05,0.1,8.4,8.6
2011,pH_mV,NA,NA,NA,NA,NA,NA
2011,salinity_psu,28.25,28.8,1.06,2.1,26.4,29.7
2011,sp_conductivity_uScm,NA,NA,NA,NA,NA,NA
2011,temp_c,25.85,25.9,0.49,0.6,24.5,27
2011,temp_f,78.54,78.58,0.89,1.07,75.99,80.66
2011,total_algae_cellsL,NA,NA,NA,NA,NA,NA
2011,total_algae_rfu,NA,NA,NA,NA,NA,NA
2011,total_dissolved_solids_mgL,NA,NA,NA,NA,NA,NA
2012,chlorophyll_rfu,NA,NA,NA,NA,NA,NA
2012,chlorophyll_ugL,NA,NA,NA,NA,NA,NA
2012,conductivity_uScm,41420.64,41900,1907.56,3000,34000,44000
2012,do_local_percent,NA,NA,NA,NA,NA,NA
2012,do_mgL,NA,NA,NA,NA,NA,NA
2012,do_saturated_percent,NA,NA,NA,NA,NA,NA
2012,nlf_conductivity_uScm,NA,NA,NA,NA,NA,NA
2012,orp_mV,329.33,349,52.29,92,241,415
2012,pH,8.71,8.7,0.1,0.2,8.5,8.9
2012,pH_mV,NA,NA,NA,NA,NA,NA
2012,salinity_psu,26.25,26.3,0.63,1.1,24,27.2
2012,sp_conductivity_uScm,NA,NA,NA,NA,NA,NA
2012,temp_c,25.45,25.8,1.14,1.9,21.7,27.4
2012,temp_f,77.81,78.35,2.09,3.54,71.04,81.61
2012,total_algae_cellsL,NA,NA,NA,NA,NA,NA
2012,total_algae_rfu,NA,NA,NA,NA,NA,NA
2012,total_dissolved_solids_mgL,NA,NA,NA,NA,NA,NA
2013,chlorophyll_rfu,NA,NA,NA,NA,NA,NA
2013,chlorophyll_ugL,NA,NA,NA,NA,NA,NA
2013,conductivity_uScm,39491.98,38500,1679.4,3200,37300,42400
2013,do_local_percent,NA,NA,NA,NA,NA,NA
2013,do_mgL,NA,NA,NA,NA,NA,NA
2013,do_saturated_percent,NA,NA,NA,NA,NA,NA
2013,nlf_conductivity_uScm,NA,NA,NA,NA,NA,NA
2013,orp_mV,185.61,182,9.66,17,168,209
2013,pH,8.8,8.8,0.04,0,8.7,8.9
2013,pH_mV,NA,NA,NA,NA,NA,NA
2013,salinity_psu,25.23,25.2,0.36,0.7,24.6,25.8
2013,sp_conductivity_uScm,NA,NA,NA,NA,NA,NA
2013,temp_c,24.77,23.9,1.53,3,22.7,27.6
2013,temp_f,76.63,75.09,2.85,5.62,72.89,82.12
2013,total_algae_cellsL,NA,NA,NA,NA,NA,NA
2013,total_algae_rfu,NA,NA,NA,NA,NA,NA
2013,total_dissolved_solids_mgL,NA,NA,NA,NA,NA,NA
2014,chlorophyll_rfu,NA,NA,NA,NA,NA,NA
2014,chlorophyll_ugL,NA,NA,NA,NA,NA,NA
2014,conductivity_uScm,37878.13,38000,1072.37,900,35600,40200
2014,do_local_percent,NA,NA,NA,NA,NA,NA
2014,do_mgL,NA,NA,NA,NA,NA,NA
2014,do_saturated_percent,NA,NA,NA,NA,NA,NA
2014,nlf_conductivity_uScm,NA,NA,NA,NA,NA,NA
2014,orp_mV,183.95,183,12.87,15,110,222
2014,pH,8.47,8.6,0.34,0.5,7.5,8.8
2014,pH_mV,NA,NA,NA,NA,NA,NA
2014,salinity_psu,24.26,24.3,0.27,0.3,23,24.9
2014,sp_conductivity_uScm,NA,NA,NA,NA,NA,NA
2014,temp_c,24.45,24.6,1.24,1.5,20,26.7
2014,temp_f,76.06,76.38,2.12,2.76,71.43,80.21
2014,total_algae_cellsL,NA,NA,NA,NA,NA,NA
2014,total_algae_rfu,NA,NA,NA,NA,NA,NA
2014,total_dissolved_solids_mgL,NA,NA,NA,NA,NA,NA
2015,chlorophyll_rfu,NA,NA,NA,NA,NA,NA
2015,chlorophyll_ugL,NA,NA,NA,NA,NA,NA
2015,conductivity_uScm,36184.15,36000,1622.28,1900,32500,39700
2015,do_local_percent,NA,NA,NA,NA,NA,NA
2015,do_mgL,NA,NA,NA,NA,NA,NA
2015,do_saturated_percent,NA,NA,NA,NA,NA,NA
2015,nlf_conductivity_uScm,NA,NA,NA,NA,NA,NA
2015,orp_mV,166.28,167,21.37,19,116,241
2015,pH,8.26,8.3,0.08,0.1,7.5,8.4
2015,pH_mV,NA,NA,NA,NA,NA,NA
2015,salinity_psu,23.7,24.3,1.18,0.5,21,24.8
2015,sp_conductivity_uScm,NA,NA,NA,NA,NA,NA
2015,temp_c,23.39,22.7,1.95,3.7,20.2,27.1
2015,temp_f,73.96,73.01,3.23,5.06,68.34,80.26
2015,total_algae_cellsL,NA,NA,NA,NA,NA,NA
2015,total_algae_rfu,NA,NA,NA,NA,NA,NA
2015,total_dissolved_solids_mgL,NA,NA,NA,NA,NA,NA
2016,chlorophyll_rfu,NA,NA,NA,NA,NA,NA
2016,chlorophyll_ugL,NA,NA,NA,NA,NA,NA
2016,conductivity_uScm,36806.62,37700,2361.82,4200,32500,42000
2016,do_local_percent,NA,NA,NA,NA,NA,NA
2016,do_mgL,NA,NA,NA,NA,NA,NA
2016,do_saturated_percent,NA,NA,NA,NA,NA,NA
2016,nlf_conductivity_uScm,NA,NA,NA,NA,NA,NA
2016,orp_mV,330.83,148,266.8,531,106,792
2016,pH,8.13,8.1,0.15,0.2,7.5,8.3
2016,pH_mV,NA,NA,NA,NA,NA,NA
2016,salinity_psu,24.06,24.7,1.12,1.8,22,26
2016,sp_conductivity_uScm,NA,NA,NA,NA,NA,NA
2016,temp_c,23.67,23.7,1.47,1.6,20,27.3
2016,temp_f,74.72,74.75,3.25,3.66,66.42,80.54
2016,total_algae_cellsL,NA,NA,NA,NA,NA,NA
2016,total_algae_rfu,NA,NA,NA,NA,NA,NA
2016,total_dissolved_solids_mgL,NA,NA,NA,NA,NA,NA
2017,chlorophyll_rfu,NA,NA,NA,NA,NA,NA
2017,chlorophyll_ugL,NA,NA,NA,NA,NA,NA
2017,conductivity_uScm,40313.26,41300,4028.56,7800,33500,47100
2017,do_local_percent,NA,NA,NA,NA,NA,NA
2017,do_mgL,NA,NA,NA,NA,NA,NA
2017,do_saturated_percent,NA,NA,NA,NA,NA,NA
2017,nlf_conductivity_uScm,NA,NA,NA,NA,NA,NA
2017,orp_mV,790.85,797,21.97,19,654,833
2017,pH,8.21,8.2,0.25,0.2,7.5,8.8
2017,pH_mV,NA,NA,NA,NA,NA,NA
2017,salinity_psu,27.15,27.4,2.33,4.4,23.3,31
2017,sp_conductivity_uScm,NA,NA,NA,NA,NA,NA
2017,temp_c,22.53,22,1.74,3.4,20,25.8
2017,temp_f,72.41,71.43,3.19,6.24,66.71,78.8
2017,total_algae_cellsL,NA,NA,NA,NA,NA,NA
2017,total_algae_rfu,NA,NA,NA,NA,NA,NA
2017,total_dissolved_solids_mgL,NA,NA,NA,NA,NA,NA
2018,chlorophyll_rfu,NA,NA,NA,NA,NA,NA
2018,chlorophyll_ugL,8.19,0,21.61,6.39,0,154.6
2018,conductivity_uScm,47290.05,47100,1903.69,3343.75,43500,50700
2018,do_local_percent,NA,NA,NA,NA,NA,NA
2018,do_mgL,NA,NA,NA,NA,NA,NA
2018,do_saturated_percent,92.75,92,2.7,4.5,89,98.5
2018,nlf_conductivity_uScm,NA,NA,NA,NA,NA,NA
2018,orp_mV,777.91,781,24.03,33,624,828
2018,pH,8.56,8.6,0.22,0.46,8.09,9
2018,pH_mV,NA,NA,NA,NA,NA,NA
2018,salinity_psu,31.57,31.4,0.76,0.95,30.2,33.2
2018,sp_conductivity_uScm,NA,NA,NA,NA,NA,NA
2018,temp_c,23.72,24.3,1.4,2.19,20.01,25.7
2018,temp_f,75.53,76.38,2.65,2.98,67.94,80.21
2018,total_algae_cellsL,308.92,307.2,84.12,109.2,57.2,597.6
2018,total_algae_rfu,0,0,0.02,0,0,3
2018,total_dissolved_solids_mgL,NA,NA,NA,NA,NA,NA
2019,chlorophyll_rfu,NA,NA,NA,NA,NA,NA
2019,chlorophyll_ugL,212.51,0,307.56,672,0,679.2
2019,conductivity_uScm,49138.78,49556.25,2282.96,2550,44500,53725
2019,do_local_percent,NA,NA,NA,NA,NA,NA
2019,do_mgL,NA,NA,NA,NA,NA,NA
2019,do_saturated_percent,92.39,92.5,4.52,5.5,76.5,106
2019,nlf_conductivity_uScm,NA,NA,NA,NA,NA,NA
2019,orp_mV,767.39,772,39.61,57.84,648,844
2019,pH,8.29,8.26,0.16,0.19,7.84,8.8
2019,pH_mV,NA,NA,NA,NA,NA,NA
2019,salinity_psu,33.4,33.46,0.98,0.83,30.88,34.77
2019,sp_conductivity_uScm,NA,NA,NA,NA,NA,NA
2019,temp_c,23.16,22.93,1.46,1.99,20.25,26.6
2019,temp_f,73.63,72.72,2.77,4.5,68.79,80.09
2019,total_algae_cellsL,115804.98,169907.19,79268.06,169412.8,15.01,170982.39
2019,total_algae_rfu,0,0,0,0,0,0
2019,total_dissolved_solids_mgL,NA,NA,NA,NA,NA,NA
2020,chlorophyll_rfu,NA,NA,NA,NA,NA,NA
2020,chlorophyll_ugL,673.59,673.6,1.5,1.6,442.4,676
2020,conductivity_uScm,51445.44,51406.25,586.39,868.75,47362.5,52587.5
2020,do_local_percent,NA,NA,NA,NA,NA,NA
2020,do_mgL,NA,NA,NA,NA,NA,NA
2020,do_saturated_percent,91.02,91,5.13,6.5,70,105.5
2020,nlf_conductivity_uScm,NA,NA,NA,NA,NA,NA
2020,orp_mV,750.5,747.88,21.56,19.99,619.93,839.94
2020,pH,8.48,8.51,0.23,0.38,7.71,8.87
2020,pH_mV,NA,NA,NA,NA,NA,NA
2020,salinity_psu,34.13,34.25,0.4,0.34,31.02,34.91
2020,sp_conductivity_uScm,NA,NA,NA,NA,NA,NA
2020,temp_c,24.54,24.9,0.55,1.1,23.46,25.24
2020,temp_f,NA,NA,NA,NA,NA,NA
2020,total_algae_cellsL,169895.49,169907.19,17.6,25.59,169702.39,169958.39
2020,total_algae_rfu,0,0,0,0,0,0
2020,total_dissolved_solids_mgL,NA,NA,NA,NA,NA,NA
2021,chlorophyll_rfu,1.12,0.2,3.05,1.55,-2.21,15.53
2021,chlorophyll_ugL,673.59,673.6,1.14,1.6,669.6,675.6
2021,conductivity_uScm,50864.81,50839.29,892.84,1585.88,46543.75,52581.25
2021,do_local_percent,104.86,104.18,3.17,4.96,95.51,114
2021,do_mgL,6.27,6.23,0.19,0.29,5.88,7.07
2021,do_saturated_percent,90.53,90.39,4.03,4.68,69.5,107.5
2021,nlf_conductivity_uScm,49921.36,49921.27,433.78,637.52,49152.32,50883.02
2021,orp_mV,532.43,715.88,234.61,461.77,221.38,779.89
2021,pH,8.17,8.18,0.11,0.16,7.71,8.43
2021,pH_mV,-91.13,-91.26,1.76,2.37,-95.42,-85.94
2021,salinity_psu,33.31,33.44,0.78,1.53,31,35.47
2021,sp_conductivity_uScm,49955.52,49974.98,440.88,629.37,49152.12,50910.45
2021,temp_c,25.04,25,0.16,0.09,24.75,26.49
2021,temp_f,77.07,77.01,0.09,0.18,76.56,77.47
2021,total_algae_cellsL,169894.9,169907.19,16.14,25.59,169728,169958.39
2021,total_algae_rfu,5.6,1.26,10.27,4.92,-11.82,63.18
2021,total_dissolved_solids_mgL,32448.75,32422.94,322.07,220.18,32000.65,33231.29
2022,chlorophyll_rfu,-1.1,-0.56,1.12,1.24,-4.05,0.55
2022,chlorophyll_ugL,NA,NA,NA,NA,NA,NA
2022,conductivity_uScm,50828.07,50722.7,495.27,749.53,50037.75,52165.75
2022,do_local_percent,104.74,104.16,3.5,5.66,94.11,114.86
2022,do_mgL,6.26,6.22,0.2,0.34,5.54,7.12
2022,do_saturated_percent,91.57,91.06,3.01,4.98,82.38,100.47
2022,nlf_conductivity_uScm,50591.51,50531.36,442.44,507.11,49920.03,51873.89
2022,orp_mV,230.26,230.25,11.58,16.01,197.94,267.53
2022,pH,8.14,8.14,0.08,0.13,7.85,8.37
2022,pH_mV,-99.58,-100.25,4.03,5.92,-107.49,-86.5
2022,salinity_psu,32.98,32.92,0.15,0.11,32.76,33.49
2022,sp_conductivity_uScm,50606.98,50528.46,472.24,518.46,49920,51894.84
2022,temp_c,25.05,25.05,0.05,0.09,24.25,25.13
2022,temp_f,77.1,77.08,0.08,0.17,75.66,77.23
2022,total_algae_cellsL,NA,NA,NA,NA,NA,NA
2022,total_algae_rfu,-3.08,-2.57,4.42,5.16,-15.1,2.93
2022,total_dissolved_solids_mgL,32903.73,32828.29,320.63,388.64,32400.64,33791.89
2023,chlorophyll_rfu,-0.55,-0.52,0.13,0.07,-0.93,-0.3
2023,chlorophyll_ugL,NA,NA,NA,NA,NA,NA
2023,conductivity_uScm,50541.41,50536.55,35.68,63.98,50402.95,50607.84
2023,do_local_percent,105.5,104.61,2.92,4.78,98.33,112.45
2023,do_mgL,6.34,6.29,0.18,0.29,6.07,6.76
2023,do_saturated_percent,92.7,91.9,2.59,4.2,87.43,98.86
2023,nlf_conductivity_uScm,50573.16,50571.14,130.57,145.31,50091.67,50933.39
2023,orp_mV,225.18,223.7,6.72,6.69,211.41,248.3
2023,pH,8.06,8.06,0.06,0.09,7.94,8.19
2023,pH_mV,-98.6,-98.74,2.83,4.6,-103.9,-92.27
2023,salinity_psu,33.1,33.11,0.08,0.08,32.87,33.2
2023,sp_conductivity_uScm,50569.25,50568.23,120.52,147.7,50109.8,50907.13
2023,temp_c,25.1,25.1,0.01,0.01,25.07,25.12
2023,temp_f,77.17,77.17,0.02,0.02,77.12,77.21
2023,total_algae_cellsL,NA,NA,NA,NA,NA,NA
2023,total_algae_rfu,-1.97,-1.95,0.18,0.18,-4.94,-1.63
2023,total_dissolved_solids_mgL,32849.81,32870.79,121.02,133.79,32512.14,33023.69
