KorEXO MEASUREMENT DATA FILE EXPORT,,,,,,,,,,,,,,,,,,,,
,,,,,,,,,,,,,,,,,,,,
FILE CREATED:,3/11/2021 17:18,,,,,,,,,,,,,,,,,,,
,,,,,,,,,,,,,,,,,,,,
,,,MEAN VALUE:,0.61,49892.4,49795.3,91.4,104.2,6.26,267,32.6,49804.4,-3.55,32373,1.191,NA,-87.6,25.092,1.01,11.6
,,,STANDARD DEVIATION:,0.03,2077.2,2072.9,2.8,3.2,0.19,1.7,1.36,2073.3,0.23,1348,0.005,0.03,1.9,0.036,0.01,0
,,,,,,,,,,,,,,,,,,,,
,,,SENSOR SERIAL NUMBER:,20J103744,20B121032,20B121032,20C000323,20C000323,20C000323,20C202371,20B121032,20B121032,20J103744,20B121032,20B120857,20C202371,20C202371,20B121032,20C202414,20C202414
Date (MM/DD/YYYY),Time (HH:mm:ss),Time (Fract. Sec),Site Name,Chlorophyll RFU,Cond µS/cm,nLF Cond µS/cm,ODO % sat,ODO % local,ODO mg/L,ORP mV,Sal psu,SpCond µS/cm,TAL PE RFU,TDS mg/L,Wiper Position volt,pH,pH mV,Temp °C,Battery V,Cable Pwr V
3/5/2021,10:00:00,0,B2,0.59,49985.8,49883.9,91.3,104.1,6.25,249.6,32.66,49893.4,-3.79,32431,1.197,8.14,-85.8,25.097,1.03,11.6
3/5/2021,10:15:00,0,B2,0.59,49996,49884.8,91.7,104.6,6.28,256.4,32.66,49895.2,-3.81,32432,1.192,8.16,-86.9,25.106,1.03,11.6
3/5/2021,10:30:00,0,B2,0.59,50005.6,49882.8,92.6,105.6,6.34,260.2,32.66,49894.3,-3.77,32431,1.199,8.17,-87.4,25.117,1.02,11.6
3/5/2021,10:45:00,0,B2,0.6,50010.8,49879.2,93.7,106.9,6.42,263.2,32.66,49891.6,-3.74,32430,1.192,8.17,-87.6,25.125,1.02,11.6
3/5/2021,11:00:00,0,B2,0.58,50038.7,49884.8,93.9,107.1,6.43,264.9,32.66,49899.2,-3.82,32434,1.196,8.18,-87.9,25.146,1.02,11.6
3/5/2021,11:15:00,0,B2,0.58,50037.6,49876.4,94.7,108.1,6.48,266.1,32.65,49891.5,-3.7,32429,1.187,8.18,-88.1,25.153,1.02,11.6
3/5/2021,11:30:00,0,B2,0.59,50042.1,49881,94.5,107.8,6.47,267.4,32.66,49896.1,-3.74,32432,1.187,8.18,-88,25.153,1.02,11.6
3/5/2021,11:45:00,0,B2,0.59,50049.9,49880.1,95.5,108.9,6.53,267.9,32.66,49896,-3.76,32432,1.192,8.18,-88.2,25.162,1.02,11.6
3/5/2021,12:00:00,0,B2,0.6,50048.6,49878,95.4,108.8,6.53,268,32.66,49894,-3.8,32431,1.199,8.19,-88.3,25.162,1.02,11.6
3/5/2021,12:15:00,0,B2,0.59,50054.7,49883.7,95.6,109,6.54,268.5,32.66,49899.7,-3.75,32435,1.195,8.19,-88.5,25.163,1.02,11.6
3/5/2021,12:30:00,0,B2,0.58,50048.3,49879.2,96,109.5,6.57,269.1,32.66,49895,-3.82,32432,1.183,8.19,-88.5,25.161,1.02,11.6
3/5/2021,12:45:00,0,B2,0.57,50041,49880,95.7,109.2,6.55,268.8,32.66,49895.1,-3.76,32432,1.189,8.19,-88.6,25.153,1.02,11.6
3/5/2021,13:00:00,0,B2,0.58,50046.9,49874.8,96.4,110,6.6,269,32.65,49890.9,-3.79,32429,1.201,8.19,-88.7,25.164,1.02,11.6
3/5/2021,13:15:00,0,B2,0.59,50038.7,49878.7,96.6,110.2,6.61,269.5,32.66,49893.7,-3.8,32431,1.19,8.2,-88.8,25.152,1.02,11.6
3/5/2021,13:30:00,0,B2,0.57,50036.5,49883.4,96.6,110.2,6.62,269.3,32.66,49897.7,-3.78,32434,1.193,8.2,-89,25.146,1.02,11.6
3/5/2021,13:45:00,0,B2,0.57,50051,49883.3,96.9,110.6,6.63,269.5,32.66,49899,-3.93,32434,1.189,8.2,-89.1,25.159,1.02,11.6
3/5/2021,14:00:00,0,B2,0.59,50036.9,49880.3,97.2,110.8,6.65,269.4,32.66,49895,-3.85,32432,1.191,8.2,-89.1,25.149,1.02,11.6
3/5/2021,14:15:00,0,B2,0.57,50034.1,49880.4,97.1,110.8,6.65,269.5,32.66,49894.8,-3.81,32432,1.197,8.2,-89.3,25.146,1.02,11.6
3/5/2021,14:30:00,0,B2,0.58,50038.5,49876.5,97.4,111.1,6.67,269.8,32.65,49891.7,-3.84,32430,1.181,8.2,-89.3,25.154,1.02,11.6
3/5/2021,14:45:00,0,B2,0.58,50032.6,49879.7,97.1,110.7,6.65,269.6,32.66,49894,-3.85,32431,1.192,8.2,-89.4,25.145,1.02,11.6
3/5/2021,15:00:00,0,B2,0.59,50032.5,49880,96.9,110.5,6.63,269.6,32.66,49894.3,-3.78,32431,1.19,8.2,-89.3,25.145,1.02,11.6
3/5/2021,15:15:00,0,B2,0.58,50041,49882.6,97.2,110.9,6.65,269.3,32.66,49897.4,-3.82,32433,1.184,8.21,-89.4,25.151,1.02,11.6
3/5/2021,15:30:00,0,B2,0.6,50038.2,49880,97.1,110.7,6.65,269.4,32.66,49894.8,-3.78,32432,1.192,8.21,-89.5,25.15,1.02,11.6
3/5/2021,15:45:00,0,B2,0.58,50038.1,49881.1,96.8,110.4,6.63,269,32.66,49895.8,-3.87,32432,1.188,8.21,-89.5,25.149,1.02,11.6
3/5/2021,16:00:00,0,B2,0.66,50038.5,49880.2,95.8,109.3,6.56,264.4,32.66,49895,-3.52,32432,1.194,8.21,-89.5,25.151,1.02,11.6
3/5/2021,16:15:00,0,B2,0.59,50037.6,49880.9,96.3,109.8,6.59,267.7,32.66,49895.6,-3.87,32432,1.188,8.21,-89.5,25.149,1.02,11.6
3/5/2021,16:30:00,0,B2,0.6,50032.1,49877,95.9,109.4,6.57,268.4,32.65,49891.6,-3.79,32430,1.183,8.21,-89.5,25.147,1.02,11.6
3/5/2021,16:45:00,0,B2,0.57,50034.7,49880,95.8,109.3,6.56,268.6,32.66,49894.5,-3.86,32431,1.188,8.21,-89.6,25.147,1.02,11.6
3/5/2021,17:00:00,0,B2,0.59,50030.6,49877.6,95.5,109,6.54,268.7,32.65,49891.9,-3.75,32430,1.201,8.21,-89.5,25.146,1.02,11.6
3/5/2021,17:15:00,0,B2,0.58,50030.1,49878.2,95.2,108.6,6.52,268.1,32.66,49892.4,-3.8,32430,1.192,8.21,-89.6,25.144,1.02,11.6
3/5/2021,17:30:00,0,B2,0.59,50028,49877.6,95.1,108.5,6.51,268.8,32.65,49891.7,-3.75,32430,1.189,8.21,-89.5,25.143,1.02,11.6
3/5/2021,17:45:00,0,B2,0.57,50023.8,49876.3,94.9,108.3,6.5,268.9,32.65,49890.1,-3.71,32429,1.196,8.21,-89.6,25.14,1.02,11.6
3/5/2021,18:00:00,0,B2,0.6,50025.1,49879,94.6,107.9,6.48,269.6,32.66,49892.7,-3.8,32430,1.192,8.21,-89.6,25.139,1.02,11.6
3/5/2021,18:15:00,0,B2,0.6,50020.6,49877.5,94.4,107.6,6.46,269.3,32.65,49890.9,-3.76,32429,1.188,8.21,-89.5,25.136,1.02,11.6
3/5/2021,18:30:00,0,B2,0.59,50022.8,49881.5,94.1,107.4,6.44,268.9,32.66,49894.7,-3.85,32432,1.192,8.21,-89.5,25.134,1.02,11.6
3/5/2021,18:45:00,0,B2,0.58,50018.4,49880.8,94,107.2,6.43,268.6,32.66,49893.7,-3.79,32431,1.197,8.21,-89.5,25.131,1.02,11.6
3/5/2021,19:00:00,0,B2,0.57,50012.4,49878.8,93.6,106.7,6.41,268.5,32.65,49891.3,-3.76,32429,1.188,8.21,-89.4,25.127,1.02,11.6
3/5/2021,19:15:00,0,B2,0.58,50007.9,49878.1,93.3,106.5,6.39,268.2,32.65,49890.3,-3.79,32429,1.183,8.2,-89.4,25.123,1.02,11.6
3/5/2021,19:30:00,0,B2,0.59,50007.1,49881.9,93.1,106.2,6.38,267.7,32.66,49893.6,-3.73,32431,1.193,8.2,-89.3,25.119,1.02,11.6
3/5/2021,19:45:00,0,B2,0.57,49999.5,49879.8,92.9,106,6.37,268.1,32.65,49891,-3.75,32429,1.191,8.2,-89.3,25.114,1.02,11.6
3/5/2021,20:00:00,0,B2,0.58,49990.6,49878.1,92.3,105.3,6.32,268.1,32.65,49888.6,-3.76,32428,1.191,8.2,-89.3,25.107,1.02,11.6
3/5/2021,20:15:00,0,B2,0.59,49992,49882,92.4,105.3,6.33,267.5,32.66,49892.3,-3.69,32430,1.2,8.2,-89.2,25.105,1.02,11.6
3/5/2021,20:30:00,0,B2,0.57,49982,49881.7,92,104.9,6.3,267.5,32.66,49891,-3.78,32429,1.183,8.2,-89.2,25.095,1.02,11.6
3/5/2021,20:45:00,0,B2,0.61,49976.5,49881.3,91.7,104.6,6.29,267.6,32.65,49890.2,-3.76,32429,1.191,8.2,-89.1,25.091,1.02,11.6
3/5/2021,21:00:00,0,B2,0.58,49977.4,49883.7,91.7,104.6,6.28,267.8,32.66,49892.5,-3.78,32430,1.19,8.2,-89.1,25.089,1.02,11.6
3/5/2021,21:15:00,0,B2,0.6,49968.1,49882.3,91.6,104.5,6.28,267.9,32.66,49890.3,-3.7,32429,1.191,8.2,-89.1,25.082,1.02,11.6
3/5/2021,21:30:00,0,B2,0.59,49961.2,49882.5,91.2,104.1,6.25,268.1,32.65,49889.9,-3.78,32428,1.198,8.2,-89,25.075,1.02,11.6
3/5/2021,21:45:00,0,B2,0.59,49958,49884.1,91.1,104,6.25,267.7,32.66,49891.1,-3.74,32429,1.182,8.2,-89,25.07,1.02,11.6
3/5/2021,22:00:00,0,B2,0.58,49949.3,49881.6,91,103.8,6.24,268.2,32.65,49888,-3.72,32427,1.188,8.2,-88.9,25.064,1.02,11.6
3/5/2021,22:15:00,0,B2,0.61,49943.3,49884.1,90.7,103.5,6.22,267.8,32.66,49889.7,-3.69,32428,1.184,8.2,-88.9,25.056,1.02,11.6
3/5/2021,22:30:00,0,B2,0.59,49941,49886.6,90.2,102.8,6.18,267.5,32.66,49891.7,-3.73,32430,1.187,8.19,-88.7,25.052,1.02,11.6
3/5/2021,22:45:00,0,B2,0.58,49943,49883.3,90.5,103.2,6.2,267.2,32.65,49888.9,-3.65,32428,1.192,8.2,-88.8,25.057,1.02,11.6
3/5/2021,23:00:00,0,B2,0.6,49938.3,49885.8,90.3,103,6.19,267.6,32.66,49890.7,-3.74,32429,1.198,8.2,-88.8,25.05,1.02,11.6
3/5/2021,23:15:00,0,B2,0.58,49941.3,49886.5,90,102.6,6.17,267.1,32.66,49891.7,-3.81,32430,1.191,8.19,-88.7,25.052,1.02,11.6
3/5/2021,23:30:00,0,B2,0.59,49944.4,49884.2,90.2,102.9,6.18,267.6,32.66,49889.8,-3.77,32428,1.19,8.19,-88.7,25.057,1.02,11.6
3/5/2021,23:45:00,0,B2,0.6,49942,49885.5,89.7,102.3,6.15,266.9,32.66,49890.8,-3.72,32429,1.189,8.19,-88.6,25.054,1.02,11.6
3/6/2021,0:00:00,0,B2,0.58,49950.8,49887.5,89.8,102.5,6.16,266.8,32.66,49893.5,-3.72,32431,1.189,8.19,-88.6,25.06,1.02,11.6
3/6/2021,0:15:00,0,B2,0.59,49947.1,49885.8,89.7,102.3,6.15,266.7,32.66,49891.6,-3.74,32430,1.189,8.19,-88.6,25.058,1.02,11.6
3/6/2021,0:30:00,0,B2,0.58,49941.7,49880,89.5,102.1,6.14,266.3,32.65,49885.8,-3.77,32426,1.192,8.19,-88.5,25.059,1.02,11.6
3/6/2021,0:45:00,0,B2,0.57,49956.1,49887.6,89.5,102.1,6.14,266.7,32.66,49894,-3.81,32431,1.189,8.19,-88.5,25.065,1.02,11.6
3/6/2021,1:00:00,0,B2,0.58,49941.7,49885,89.3,101.9,6.12,266.8,32.66,49890.3,-3.71,32429,1.195,8.19,-88.4,25.054,1.02,11.6
3/6/2021,1:15:00,0,B2,0.59,49944.7,49887.3,89.3,101.9,6.12,266.6,32.66,49892.6,-3.71,32430,1.191,8.19,-88.4,25.055,1.02,11.6
3/6/2021,1:30:00,0,B2,0.61,49951.6,49884,89.2,101.8,6.12,266,32.66,49890.3,-3.63,32429,1.183,8.19,-88.3,25.064,1.02,11.6
3/6/2021,1:45:00,0,B2,0.59,49942.1,49880.4,88.9,101.4,6.09,266,32.65,49886.2,-3.72,32426,1.187,8.19,-88.2,25.059,1.02,11.6
3/6/2021,2:00:00,0,B2,0.58,49952.6,49883.1,89.1,101.7,6.11,265.9,32.65,49889.6,-3.72,32428,1.199,8.19,-88.3,25.066,1.02,11.6
3/6/2021,2:15:00,0,B2,0.59,49955.3,49884.4,89.1,101.7,6.11,265.7,32.66,49891,-3.78,32429,1.19,8.19,-88.2,25.067,1.02,11.6
3/6/2021,2:30:00,0,B2,0.59,49956.7,49889.8,89,101.5,6.1,266.1,32.66,49896,-3.73,32432,1.183,8.18,-88.2,25.064,1.02,11.6
3/6/2021,2:45:00,0,B2,0.59,49943.2,49884.6,88.8,101.3,6.09,265.7,32.66,49890.1,-3.73,32429,1.181,8.18,-88.1,25.056,1.02,11.6
3/6/2021,3:00:00,0,B2,0.58,49956.7,49883,88.9,101.4,6.09,266.2,32.66,49889.9,-3.75,32428,1.184,8.18,-88.1,25.07,1.02,11.6
3/6/2021,3:15:00,0,B2,0.6,49946.8,49885.3,88.7,101.2,6.08,266.3,32.66,49891,-3.77,32429,1.185,8.18,-88,25.059,1.02,11.6
3/6/2021,3:30:00,0,B2,0.58,49943.5,49882.5,88.7,101.2,6.08,266.3,32.65,49888.2,-3.78,32427,1.185,8.18,-88,25.058,1.02,11.6
3/6/2021,3:45:00,0,B2,0.58,49959.8,49887.2,88.8,101.3,6.09,265.7,32.66,49894,-3.73,32431,1.191,8.18,-88,25.069,1.02,11.6
3/6/2021,4:00:00,0,B2,0.58,49956.8,49882,88.7,101.2,6.08,266,32.65,49889,-3.68,32428,1.189,8.18,-87.9,25.071,1.02,11.6
3/6/2021,4:15:00,0,B2,0.59,49952.7,49887.8,88.5,100.9,6.07,266.5,32.66,49893.8,-3.7,32431,1.192,8.18,-87.9,25.062,1.02,11.6
3/6/2021,4:30:00,0,B2,0.6,49959.3,49886.2,88.5,101,6.07,266.5,32.66,49893,-3.64,32430,1.19,8.18,-87.8,25.07,1.02,11.6
3/6/2021,4:45:00,0,B2,0.58,49954.6,49886.1,88.3,100.8,6.06,266.5,32.66,49892.5,-3.75,32430,1.192,8.18,-87.7,25.065,1.02,11.6
3/6/2021,5:00:00,0,B2,0.57,49960.1,49884.8,88.5,100.9,6.07,266.5,32.66,49891.8,-3.7,32430,1.189,8.18,-87.7,25.072,1.02,11.6
3/6/2021,5:15:00,0,B2,0.6,49962.5,49889.1,88.3,100.7,6.05,266.2,32.66,49896,-3.75,32432,1.192,8.18,-87.7,25.07,1.02,11.6
3/6/2021,5:30:00,0,B2,0.6,49964.1,49889.8,88.4,100.9,6.06,266.2,32.66,49896.8,-3.66,32433,1.201,8.18,-87.6,25.071,1.02,11.6
3/6/2021,5:45:00,0,B2,0.6,49958.7,49891.5,88.2,100.6,6.04,265.8,32.66,49897.8,-3.66,32434,1.186,8.18,-87.6,25.064,1.02,11.6
3/6/2021,6:00:00,0,B2,0.58,49960.4,49888,88.2,100.6,6.05,265.4,32.66,49894.8,-3.73,32432,1.189,8.18,-87.6,25.069,1.02,11.6
3/6/2021,6:15:00,0,B2,0.58,49964.9,49892.2,88.1,100.5,6.04,266.1,32.66,49899,-3.67,32434,1.191,8.17,-87.5,25.069,1.02,11.6
3/6/2021,6:30:00,0,B2,0.58,49951.8,49887.3,88.1,100.5,6.04,266.1,32.66,49893.3,-3.6,32431,1.192,8.17,-87.5,25.061,1.02,11.6
3/6/2021,6:45:00,0,B2,0.61,49957,49888.7,87.9,100.3,6.03,266.5,32.66,49895.1,-3.59,32432,1.181,8.17,-87.5,25.065,1.02,11.6
3/6/2021,7:00:00,0,B2,0.6,49964.3,49898.6,87.9,100.3,6.03,266,32.67,49904.7,-3.65,32438,1.183,8.17,-87.3,25.063,1.02,11.6
3/6/2021,7:15:00,0,B2,0.6,49969,49889.3,88.1,100.5,6.04,266.1,32.66,49896.7,-3.73,32433,1.186,8.17,-87.4,25.076,1.02,11.6
3/6/2021,7:30:00,0,B2,0.6,49963.7,49888,88.2,100.6,6.05,266.5,32.66,49895.1,-3.69,32432,1.2,8.17,-87.3,25.072,1.02,11.6
3/6/2021,7:45:00,0,B2,0.62,49970.3,49891.9,88.2,100.6,6.05,266.2,32.66,49899.2,-3.64,32434,1.193,8.17,-87.3,25.075,1.02,11.6
3/6/2021,8:00:00,0,B2,0.67,49970.5,49892.2,88.3,100.8,6.06,266.5,32.66,49899.6,-3.33,32435,1.191,8.17,-87.3,25.074,1.02,11.6
3/6/2021,8:15:00,0,B2,0.64,49969,49890.3,88.6,101.1,6.07,266.9,32.66,49897.6,-3.56,32433,1.197,8.17,-87.3,25.075,1.02,11.6
3/6/2021,8:30:00,0,B2,0.63,49965.4,49887.9,88.9,101.4,6.09,267,32.66,49895.2,-3.6,32432,1.195,8.17,-87.4,25.074,1.02,11.6
3/6/2021,8:45:00,0,B2,0.63,49963.9,49886.9,89,101.6,6.1,267.2,32.66,49894.1,-3.59,32431,1.199,8.17,-87.3,25.073,1.02,11.6
3/6/2021,9:00:00,0,B2,0.65,49968,49890.3,89.3,101.9,6.12,267.8,32.66,49897.5,-3.46,32433,1.201,8.17,-87.3,25.074,1.02,11.6
3/6/2021,9:15:00,0,B2,0.62,49969.5,49887.2,89.8,102.5,6.16,267.9,32.66,49894.9,-3.62,32432,1.195,8.17,-87.4,25.078,1.02,11.6
3/6/2021,9:30:00,0,B2,0.61,49973.3,49889.8,90,102.7,6.17,268.4,32.66,49897.6,-3.58,32433,1.193,8.17,-87.5,25.079,1.02,11.6
3/6/2021,9:45:00,0,B2,0.59,49975.1,49886.7,90.6,103.3,6.21,268.6,32.66,49895,-3.47,32432,1.187,8.17,-87.5,25.084,1.02,11.6
3/6/2021,10:00:00,0,B2,0.61,49986.8,49889.1,91.1,103.9,6.24,267.6,32.66,49898.3,-3.67,32434,1.185,8.18,-87.7,25.093,1.02,11.6
3/6/2021,10:15:00,0,B2,0.6,49990.9,49887.2,91.7,104.6,6.28,268.3,32.66,49896.9,-3.73,32433,1.2,8.18,-87.7,25.099,1.02,11.6
3/6/2021,10:30:00,0,B2,0.59,49999.1,49886.7,91.6,104.5,6.27,268.5,32.66,49897.2,-3.67,32433,1.2,8.18,-87.7,25.107,1.02,11.6
3/6/2021,10:45:00,0,B2,0.6,50005.1,49882.5,92.2,105.1,6.31,268,32.66,49894,-3.67,32431,1.183,8.18,-87.9,25.117,1.02,11.6
3/6/2021,11:00:00,0,B2,0.64,50017.2,49882.3,93,106.1,6.37,268.4,32.66,49895,-3.61,32432,1.192,8.18,-88,25.128,1.02,11.6
3/6/2021,11:15:00,0,B2,0.6,50031.1,49883.6,93.1,106.2,6.37,268.6,32.66,49897.4,-3.49,32433,1.2,8.18,-88.1,25.14,1.02,11.6
3/6/2021,11:30:00,0,B2,0.61,50038.3,49885.2,93.4,106.5,6.39,268.6,32.66,49899.5,-3.68,32435,1.195,8.19,-88.2,25.146,1.02,11.6
3/6/2021,11:45:00,0,B2,0.59,50040.8,49882.5,93.9,107.2,6.43,268.8,32.66,49897.3,-3.75,32433,1.183,8.19,-88.3,25.151,1.02,11.6
3/6/2021,12:00:00,0,B2,0.59,50044.1,49883.1,94.7,108.1,6.49,268.6,32.66,49898.2,-3.78,32434,1.19,8.19,-88.5,25.153,1.02,11.6
3/6/2021,12:15:00,0,B2,0.6,50041.6,49881.7,94.7,108,6.48,269,32.66,49896.7,-3.64,32433,1.199,8.19,-88.6,25.152,1.02,11.6
3/6/2021,12:30:00,0,B2,0.59,50036.9,49880.5,95,108.4,6.5,268.8,32.66,49895.2,-3.76,32432,1.193,8.19,-88.7,25.149,1.02,11.6
3/6/2021,12:45:00,0,B2,0.58,50034.6,49881.7,95.3,108.8,6.53,268.9,32.66,49896,-3.75,32432,1.193,8.19,-88.8,25.145,1.02,11.6
3/6/2021,13:00:00,0,B2,0.58,50044.5,49887,95.9,109.4,6.56,268.7,32.66,49901.8,-3.73,32436,1.189,8.2,-88.9,25.15,1.02,11.6
3/6/2021,13:15:00,0,B2,0.58,50037.8,49881.9,96.5,110.1,6.61,269.3,32.66,49896.5,-3.85,32433,1.184,8.2,-89,25.148,1.02,11.6
3/6/2021,13:30:00,0,B2,0.59,50034.3,49878.9,96.5,110.1,6.61,269.4,32.66,49893.4,-3.76,32431,1.189,8.2,-89,25.148,1.02,11.6
3/6/2021,13:45:00,0,B2,0.57,50028.6,49875.3,97,110.6,6.64,268.7,32.65,49889.6,-3.75,32428,1.189,8.2,-89.2,25.146,1.02,11.6
3/6/2021,14:00:00,0,B2,0.6,50035.2,49880.5,96.8,110.4,6.63,269.1,32.66,49895,-3.69,32432,1.188,8.2,-89.2,25.147,1.02,11.6
3/6/2021,14:15:00,0,B2,0.58,50032.9,49883.9,96.6,110.2,6.61,268.8,32.66,49897.8,-3.82,32434,1.192,8.2,-89.3,25.142,1.02,11.6
3/6/2021,14:30:00,0,B2,0.63,50027,49883,96.5,110.1,6.61,268.8,32.66,49896.4,-3.77,32433,1.188,8.2,-89.3,25.137,1.02,11.6
3/6/2021,14:45:00,0,B2,0.59,50031.7,49880.8,96.9,110.6,6.64,268.6,32.66,49894.9,-3.83,32432,1.191,8.21,-89.6,25.143,1.02,11.6
3/6/2021,15:00:00,0,B2,0.6,50038.8,49884.2,97.1,110.7,6.65,269.1,32.66,49898.7,-3.69,32434,1.2,8.21,-89.5,25.147,1.02,11.6
3/6/2021,15:15:00,0,B2,0.6,50032.8,49882.2,96.3,109.8,6.59,268.6,32.66,49896.3,-3.75,32433,1.187,8.21,-89.5,25.143,1.02,11.6
3/6/2021,15:30:00,0,B2,0.58,50035.8,49881.6,96.6,110.1,6.61,268.4,32.66,49896,-3.81,32432,1.192,8.21,-89.6,25.147,1.02,11.6
3/6/2021,15:45:00,0,B2,0.6,50035.8,49881.8,96.3,109.9,6.59,268.8,32.66,49896.2,-3.75,32433,1.197,8.21,-89.6,25.146,1.02,11.6
3/6/2021,16:00:00,0,B2,0.59,50031.9,49879.2,95.9,109.5,6.57,266.6,32.66,49893.5,-3.8,32431,1.199,8.21,-89.6,25.145,1.02,11.6
3/6/2021,16:15:00,0,B2,0.59,50037.5,49882.8,96,109.5,6.57,267.5,32.66,49897.3,-3.66,32433,1.189,8.21,-89.7,25.147,1.02,11.6
3/6/2021,16:30:00,0,B2,0.59,50032.2,49879.1,95.6,109,6.55,267.6,32.66,49893.4,-3.78,32431,1.192,8.21,-89.7,25.146,1.02,11.6
3/6/2021,16:45:00,0,B2,0.59,50035,49881.6,95.3,108.7,6.53,268,32.66,49896,-3.8,32432,1.2,8.21,-89.6,25.146,1.02,11.6
3/6/2021,17:00:00,0,B2,0.59,50034.3,49881.7,95.2,108.6,6.52,263.6,32.66,49896,-3.73,32432,1.181,8.21,-89.6,25.145,1.02,11.6
3/6/2021,17:15:00,0,B2,0.59,50029.5,49879.3,95,108.4,6.5,266.1,32.66,49893.4,-3.69,32431,1.193,8.21,-89.7,25.143,1.02,11.6
3/6/2021,17:30:00,0,B2,0.61,50031.7,49882.3,94.8,108.1,6.49,266.5,32.66,49896.3,-3.67,32433,1.19,8.21,-89.6,25.142,1.02,11.6
3/6/2021,17:45:00,0,B2,0.58,50028.9,49880.3,94.5,107.8,6.47,267.3,32.66,49894.2,-3.84,32431,1.192,8.21,-89.6,25.141,1.02,11.6
3/6/2021,18:00:00,0,B2,0.6,50031.7,49883.9,94.3,107.6,6.46,264.6,32.66,49897.7,-3.8,32434,1.194,8.21,-89.6,25.141,1.02,11.6
3/6/2021,18:15:00,0,B2,0.58,50023.8,49879.7,94,107.3,6.44,264.5,32.66,49893.2,-3.69,32431,1.185,8.21,-89.6,25.137,1.02,11.6
3/6/2021,18:30:00,0,B2,0.6,50022.5,49880.6,93.8,107,6.42,265.9,32.66,49893.9,-3.7,32431,1.183,8.21,-89.6,25.135,1.02,11.6
3/6/2021,18:45:00,0,B2,0.59,50019.7,49881,93.6,106.7,6.41,266.4,32.66,49894,-3.7,32431,1.19,8.21,-89.5,25.132,1.02,11.6
3/6/2021,19:00:00,0,B2,0.59,50018.5,49881.5,93.2,106.3,6.38,265,32.66,49894.3,-3.7,32431,1.184,8.21,-89.5,25.13,1.02,11.6
3/6/2021,19:15:00,0,B2,0.59,50015.6,49882.6,92.9,106,6.36,266,32.66,49895,-3.75,32432,1.19,8.21,-89.4,25.127,1.02,11.6
3/6/2021,19:30:00,0,B2,0.58,50009.9,49881.4,92.8,105.9,6.36,266.4,32.66,49893.5,-3.73,32431,1.194,8.21,-89.4,25.122,1.02,11.6
3/6/2021,19:45:00,0,B2,0.59,50007.4,49881,92.4,105.5,6.33,266.8,32.66,49892.8,-3.73,32430,1.198,8.2,-89.3,25.12,1.02,11.6
3/6/2021,20:00:00,0,B2,0.58,50004,49881.8,92.3,105.3,6.32,266.3,32.66,49893.2,-3.75,32431,1.191,8.2,-89.3,25.116,1.02,11.6
3/6/2021,20:15:00,0,B2,0.59,50001.8,49884.7,92.1,105.1,6.31,266.5,32.66,49895.6,-3.75,32432,1.192,8.2,-89.2,25.111,1.02,11.6
3/6/2021,20:30:00,0,B2,0.6,49997.6,49887.2,91.7,104.6,6.28,266.3,32.66,49897.5,-3.72,32433,1.197,8.2,-89.2,25.105,1.02,11.6
3/6/2021,20:45:00,0,B2,0.58,49990.7,49884.4,91.6,104.5,6.28,266.2,32.66,49894.4,-3.78,32431,1.192,8.2,-89.2,25.101,1.02,11.6
3/6/2021,21:00:00,0,B2,0.58,49989.1,49887.8,91.5,104.4,6.27,266.5,32.66,49897.3,-3.79,32433,1.191,8.2,-89,25.096,1.02,11.6
3/6/2021,21:15:00,0,B2,0.58,49983.1,49887,91.1,103.9,6.24,266.4,32.66,49896,-3.74,32432,1.186,8.2,-89.1,25.091,1.02,11.6
3/6/2021,21:30:00,0,B2,0.58,49970.6,49883.6,91,103.8,6.24,266.8,32.66,49891.8,-3.74,32430,1.187,8.2,-88.9,25.083,1.02,11.6
3/6/2021,21:45:00,0,B2,0.61,49968.6,49885.9,90.6,103.4,6.21,267.2,32.66,49893.6,-3.74,32431,1.195,8.2,-88.8,25.079,1.02,11.6
3/6/2021,22:00:00,0,B2,0.6,49968.4,49890.6,90.6,103.4,6.21,267.4,32.66,49897.9,-3.7,32434,1.199,8.19,-88.8,25.074,1.02,11.6
3/6/2021,22:15:00,0,B2,0.59,49961.2,49888.8,90.6,103.3,6.21,266.9,32.66,49895.6,-3.71,32432,1.197,8.2,-88.8,25.069,1.02,11.6
3/6/2021,22:30:00,0,B2,0.58,49953.4,49889.3,90.4,103.1,6.2,266.7,32.66,49895.3,-3.75,32432,1.191,8.19,-88.7,25.061,1.02,11.6
3/6/2021,22:45:00,0,B2,0.58,49948.7,49886.3,90.3,103,6.19,267,32.66,49892.1,-3.67,32430,1.187,8.19,-88.6,25.059,1.02,11.6
3/6/2021,23:00:00,0,B2,0.6,49940.6,49886.4,89.9,102.6,6.17,267,32.66,49891.5,-3.71,32429,1.193,8.19,-88.6,25.052,1.02,11.6
3/6/2021,23:15:00,0,B2,0.58,49944.3,49887.9,90,102.6,6.17,267,32.66,49893.2,-3.78,32431,1.201,8.19,-88.4,25.054,1.02,11.6
3/6/2021,23:30:00,0,B2,0.59,49943.8,49888.5,90,102.6,6.17,266.9,32.66,49893.7,-3.71,32431,1.196,8.19,-88.6,25.053,1.02,11.6
3/6/2021,23:45:00,0,B2,0.59,49948.8,49892,89.8,102.4,6.15,267,32.66,49897.3,-3.72,32433,1.192,8.19,-88.5,25.054,1.02,11.6
3/7/2021,0:00:00,0,B2,0.59,49947.2,49894.1,89.5,102.1,6.14,267.4,32.66,49899,-3.74,32434,1.192,8.19,-88.4,25.051,1.02,11.6
3/7/2021,0:15:00,0,B2,0.59,49950.6,49890.8,89.6,102.2,6.14,267.4,32.66,49896.3,-3.63,32433,1.189,8.19,-88.5,25.057,1.02,11.6
3/7/2021,0:30:00,0,B2,0.6,49948.3,49890.4,89.3,101.8,6.12,267.3,32.66,49895.8,-3.73,32432,1.182,8.19,-88.4,25.055,1.02,11.6
3/7/2021,0:45:00,0,B2,0.58,49949.3,49889.2,89.3,101.9,6.12,266.2,32.66,49894.8,-3.73,32432,1.186,8.19,-88.4,25.057,1.02,11.6
3/7/2021,1:00:00,0,B2,0.58,49946.4,49897.9,88.8,101.3,6.09,266.6,32.66,49902.4,-3.72,32437,1.2,8.19,-88.3,25.046,1.02,11.6
3/7/2021,1:15:00,0,B2,0.6,49960.1,49890.5,89.2,101.7,6.11,265.9,32.66,49897,-3.69,32433,1.184,8.19,-88.3,25.066,1.02,11.6
3/7/2021,1:30:00,0,B2,0.59,49948.1,49891,89.1,101.6,6.11,265.9,32.66,49896.3,-3.72,32433,1.193,8.19,-88.3,25.054,1.02,11.6
3/7/2021,1:45:00,0,B2,0.59,49955.2,49888.8,89.1,101.6,6.11,266,32.66,49895,-3.69,32432,1.2,8.19,-88.2,25.063,1.02,11.6
3/7/2021,2:00:00,0,B2,0.59,49951.9,49891.4,89,101.6,6.1,266,32.66,49897.1,-3.7,32433,1.189,8.19,-88.2,25.058,1.02,11.6
3/7/2021,2:15:00,0,B2,0.58,49957.1,49887.1,88.8,101.3,6.09,265.9,32.66,49893.7,-3.68,32431,1.186,8.18,-88.1,25.067,1.02,11.6
3/7/2021,2:30:00,0,B2,0.6,49945.9,49891,88.6,101.1,6.08,265.7,32.66,49896.1,-3.67,32432,1.192,8.18,-88.1,25.052,1.02,11.6
3/7/2021,2:45:00,0,B2,0.6,49962.9,49890.5,88.7,101.2,6.08,265.6,32.66,49897.3,-3.67,32433,1.19,8.18,-88,25.069,1.02,11.6
3/7/2021,3:00:00,0,B2,0.6,49957.1,49893.2,88.5,100.9,6.06,265.4,32.66,49899.2,-3.64,32434,1.192,8.18,-87.9,25.061,1.02,11.6
3/7/2021,3:15:00,0,B2,0.6,49955.2,49889.1,88.4,100.9,6.06,265.8,32.66,49895.3,-3.74,32432,1.201,8.18,-87.9,25.063,1.02,11.6
3/7/2021,3:30:00,0,B2,0.6,49961.6,49890.4,88.6,101.1,6.07,265.2,32.66,49897.1,-3.72,32433,1.185,8.18,-87.9,25.068,1.02,11.6
3/7/2021,3:45:00,0,B2,0.6,49955.7,49896.7,88.4,100.8,6.06,265.4,32.66,49902.2,-3.7,32436,1.189,8.18,-87.8,25.056,1.02,11.6
3/7/2021,4:00:00,0,B2,0.59,49965.5,49893,88.6,101.1,6.07,264.7,32.66,49899.8,-3.72,32435,1.188,8.18,-87.8,25.069,1.02,11.6
3/7/2021,4:15:00,0,B2,0.59,49956.9,49891.2,88.5,100.9,6.07,265.4,32.66,49897.3,-3.69,32433,1.193,8.18,-87.8,25.062,1.02,11.6
3/7/2021,4:30:00,0,B2,0.6,49958.6,49895,88.3,100.8,6.06,265.3,32.66,49901,-3.7,32436,1.19,8.18,-87.7,25.06,1.02,11.6
3/7/2021,4:45:00,0,B2,0.6,49946.8,49891.1,88.2,100.6,6.05,265,32.66,49896.3,-3.64,32433,1.182,8.17,-87.4,25.053,1.02,11.6
3/7/2021,5:00:00,0,B2,0.59,49951.7,49891.6,87.9,100.3,6.03,265.2,32.66,49897.2,-3.65,32433,1.187,8.17,-87.5,25.057,1.02,11.6
3/7/2021,5:15:00,0,B2,0.59,49961.6,49896.9,88.1,100.6,6.04,265.2,32.66,49903,-3.61,32437,1.189,8.17,-87.4,25.062,1.02,11.6
3/7/2021,5:30:00,0,B2,0.58,49964,49896,88.2,100.6,6.05,265.2,32.66,49902.4,-3.61,32437,1.197,8.17,-87.4,25.065,1.02,11.6
3/7/2021,5:45:00,0,B2,0.59,49957.8,49891.8,88.3,100.7,6.05,265.3,32.66,49898,-3.68,32434,1.191,8.17,-87.4,25.063,1.02,11.6
3/7/2021,6:00:00,0,B2,0.6,49967.2,49892.8,88.3,100.7,6.05,265.8,32.66,49899.8,-3.64,32435,1.196,8.17,-87.4,25.071,1.02,11.6
3/7/2021,6:15:00,0,B2,0.59,49953.8,49892.1,88.1,100.5,6.04,266,32.66,49897.9,-3.62,32434,1.188,8.17,-87.3,25.059,1.02,11.6
3/7/2021,6:30:00,0,B2,0.59,49968,49891.3,88.2,100.7,6.05,266.2,32.66,49898.5,-3.65,32434,1.192,8.17,-87.3,25.073,1.02,11.6
3/7/2021,6:45:00,0,B2,0.6,49962.5,49890.4,87.9,100.3,6.03,266.3,32.66,49897.2,-3.64,32433,1.189,8.17,-87.2,25.069,1.02,11.6
3/7/2021,7:00:00,0,B2,0.59,49969.1,49894.5,88.1,100.5,6.04,263.6,32.66,49901.5,-3.6,32436,1.181,8.17,-87.2,25.071,1.02,11.6
3/7/2021,7:15:00,0,B2,0.61,49971.3,49895.1,88.1,100.5,6.04,265.3,32.66,49902.2,-3.58,32436,1.184,8.17,-87.2,25.072,1.02,11.6
3/7/2021,7:30:00,0,B2,0.62,49966.3,49897.1,87.9,100.3,6.03,265.8,32.67,49903.6,-3.59,32437,1.191,8.17,-87.1,25.066,1.02,11.6
3/7/2021,7:45:00,0,B2,0.63,49974.4,49894.6,88.2,100.6,6.05,266.1,32.66,49902.1,-3.51,32436,1.196,8.17,-87.1,25.076,1.02,11.6
3/7/2021,8:00:00,0,B2,0.62,49964.2,49890,88.2,100.6,6.05,266.5,32.66,49897,-3.54,32433,1.19,8.17,-87.1,25.071,1.02,11.6
3/7/2021,8:15:00,0,B2,0.64,49959,49891.5,88.5,100.9,6.06,263.9,32.66,49897.8,-3.54,32434,1.182,8.17,-87,25.064,1.02,11.6
3/7/2021,8:30:00,0,B2,0.62,49968,49893.4,88.8,101.3,6.09,265.3,32.66,49900.4,-3.57,32435,1.19,8.17,-87,25.071,1.02,11.6
3/7/2021,8:45:00,0,B2,0.65,49972.8,49895.2,89.1,101.7,6.11,266.2,32.66,49902.5,-3.57,32437,1.19,8.17,-87.1,25.074,1.02,11.6
3/7/2021,9:00:00,0,B2,0.63,49976.7,49893.5,89.7,102.3,6.15,266.6,32.66,49901.3,-3.62,32436,1.192,8.17,-87.2,25.079,1.02,11.6
3/7/2021,9:15:00,0,B2,0.65,49981.4,49895,89.9,102.6,6.16,267.2,32.66,49903,-3.53,32437,1.191,8.17,-87.2,25.082,1.02,11.6
3/7/2021,9:30:00,0,B2,0.62,49990,49893.4,90.2,102.8,6.18,267.3,32.66,49902.5,-3.57,32437,1.184,8.17,-87.3,25.092,1.02,11.6
3/7/2021,9:45:00,0,B2,0.65,49995.8,49892.4,90.6,103.3,6.2,266.4,32.66,49902.1,-3.55,32436,1.191,8.17,-87.3,25.098,1.02,11.6
3/7/2021,10:00:00,0,B2,0.61,50007.9,49890.5,91.1,103.9,6.24,267.3,32.66,49901.5,-3.61,32436,1.201,8.17,-87.4,25.112,1.02,11.6
3/7/2021,10:15:00,0,B2,0.6,50019.6,49888.7,91.5,104.3,6.26,268,32.66,49900.9,-3.6,32436,1.201,8.17,-87.5,25.124,1.02,11.6
3/7/2021,10:30:00,0,B2,0.61,50024,49886.4,91.9,104.9,6.3,268,32.66,49899.3,-3.59,32435,1.2,8.18,-87.7,25.131,1.01,11.6
3/7/2021,10:45:00,0,B2,0.62,50035.7,49887.7,92.6,105.6,6.34,268,32.66,49901.6,-3.56,32436,1.201,8.18,-87.8,25.141,1.02,11.6
3/7/2021,11:00:00,0,B2,0.62,50030.6,49885.1,92.9,105.9,6.36,268,32.66,49898.7,-3.58,32434,1.192,8.18,-87.9,25.138,1.02,11.6
3/7/2021,11:15:00,0,B2,0.63,50025.7,49873.4,93.4,106.6,6.4,268.3,32.65,49887.7,-3.54,32427,1.187,8.18,-88,25.145,1.02,11.6
3/7/2021,11:30:00,0,B2,0.6,50030.3,49885.5,93.6,106.8,6.41,268.1,32.66,49899.1,-3.54,32434,1.199,8.18,-88.1,25.138,1.01,11.6
3/7/2021,11:45:00,0,B2,0.6,50028.6,49884.6,93.9,107.2,6.43,268.3,32.66,49898.1,-3.6,32434,1.19,8.18,-88.2,25.137,1.02,11.6
3/7/2021,12:00:00,0,B2,0.6,50034.1,49879.9,94.8,108.1,6.49,268.3,32.66,49894.4,-3.64,32431,1.187,8.19,-88.3,25.147,1.02,11.6
3/7/2021,12:15:00,0,B2,0.6,50036.9,49881.4,95.2,108.5,6.51,268.5,32.66,49895.9,-3.57,32432,1.194,8.19,-88.4,25.148,1.01,11.6
3/7/2021,12:30:00,0,B2,0.61,50035.4,49884.3,95,108.4,6.5,268.4,32.66,49898.4,-3.62,32434,1.187,8.19,-88.4,25.144,1.01,11.6
3/7/2021,12:45:00,0,B2,0.61,50027.7,49877.4,95.2,108.6,6.52,268.1,32.65,49891.5,-3.63,32429,1.189,8.19,-88.6,25.143,1.02,11.6
3/7/2021,13:00:00,0,B2,0.6,50039.2,49883.7,95.9,109.4,6.57,267.4,32.66,49898.3,-3.66,32434,1.199,8.19,-88.8,25.148,1.01,11.6
3/7/2021,13:15:00,0,B2,0.6,50033.7,49880.7,95.8,109.3,6.56,267.9,32.66,49895.1,-3.63,32432,1.194,8.19,-88.8,25.146,1.02,11.6
3/7/2021,13:30:00,0,B2,0.61,50034.3,49879.5,95.9,109.4,6.56,267.6,32.66,49894,-3.61,32431,1.194,8.2,-88.9,25.147,1.01,11.6
3/7/2021,13:45:00,0,B2,0.6,50037.7,49877.8,96.1,109.6,6.58,267.4,32.66,49892.8,-3.67,32430,1.191,8.2,-89,25.152,1.01,11.6
3/7/2021,14:00:00,0,B2,0.59,50032.8,49878.5,96.2,109.7,6.59,267.7,32.66,49892.9,-3.6,32430,1.189,8.2,-89,25.147,1.02,11.6
3/7/2021,14:15:00,0,B2,0.6,50035.3,49881.3,96.4,109.9,6.6,267.7,32.66,49895.7,-3.65,32432,1.183,8.2,-89.1,25.146,1.02,11.6
3/7/2021,14:30:00,0,B2,0.6,50030.5,49878.3,96.2,109.7,6.59,267.9,32.66,49892.6,-3.69,32430,1.188,8.2,-89.2,25.145,1.01,11.6
3/7/2021,14:45:00,0,B2,0.66,50043.1,49883.1,96.8,110.4,6.63,268.3,32.66,49898.1,-3.67,32434,1.196,8.2,-89.3,25.152,1.01,11.6
3/7/2021,15:00:00,0,B2,0.58,50036.6,49881.3,96.2,109.7,6.58,267.9,32.66,49895.9,-3.64,32432,1.198,8.2,-89.3,25.148,1.02,11.6
3/7/2021,15:15:00,0,B2,0.59,50036.2,49878.9,96.4,110,6.6,267.8,32.66,49893.6,-3.69,32431,1.196,8.2,-89.4,25.15,1.01,11.6
3/7/2021,15:30:00,0,B2,0.61,50038.2,49879.8,96.3,109.9,6.6,267.8,32.66,49894.6,-3.58,32431,1.192,8.2,-89.4,25.151,1.02,11.6
3/7/2021,15:45:00,0,B2,0.58,50039.8,49880.9,96.2,109.8,6.59,267.6,32.66,49895.8,-3.68,32432,1.189,8.21,-89.4,25.151,1.01,11.6
3/7/2021,16:00:00,0,B2,0.61,50038.1,49878.2,96.1,109.6,6.58,267.5,32.66,49893.2,-3.54,32431,1.186,8.21,-89.4,25.152,1.01,11.6
3/7/2021,16:15:00,0,B2,0.61,50039.5,49879.4,95.9,109.4,6.57,267.9,32.66,49894.4,-3.57,32431,1.191,8.21,-89.5,25.152,1.01,11.6
3/7/2021,16:30:00,0,B2,0.59,50038.9,49878,95.7,109.2,6.55,267.9,32.66,49893,-3.67,32430,1.191,8.21,-89.5,25.153,1.01,11.6
3/7/2021,16:45:00,0,B2,0.61,50037.8,49876.7,95.6,109,6.54,267.6,32.65,49891.8,-3.6,32430,1.183,8.21,-89.5,25.153,1.01,11.6
3/7/2021,17:00:00,0,B2,0.61,50037.8,49878.1,95.4,108.8,6.53,267.6,32.66,49893,-3.59,32430,1.188,8.21,-89.5,25.152,1.01,11.6
3/7/2021,17:15:00,0,B2,0.63,50039.3,49878.7,95.2,108.6,6.52,267.4,32.66,49893.8,-3.5,32431,1.187,8.21,-89.5,25.153,1.01,11.6
3/7/2021,17:30:00,0,B2,0.6,50036.2,49876.9,95,108.4,6.5,267.3,32.65,49891.8,-3.72,32430,1.191,8.21,-89.5,25.152,1.01,11.6
3/7/2021,17:45:00,0,B2,0.64,50034.6,49875.9,94.8,108.1,6.49,267.3,32.65,49890.8,-3.17,32429,1.188,8.21,-89.5,25.151,1.01,11.6
3/7/2021,18:00:00,0,B2,0.64,50037,49879.5,94.5,107.8,6.47,267.3,32.66,49894.2,-3.54,32431,1.186,8.21,-89.5,25.15,1.01,11.6
3/7/2021,18:15:00,0,B2,0.6,50035,49879,94.3,107.5,6.45,266.4,32.66,49893.6,-3.66,32431,1.185,8.21,-89.4,25.148,1.01,11.6
3/7/2021,18:30:00,0,B2,0.6,50028.9,49876.4,94,107.3,6.44,267.1,32.65,49890.7,-3.54,32429,1.193,8.21,-89.4,25.145,1.01,11.6
3/7/2021,18:45:00,0,B2,0.58,50031,49880.4,93.7,106.9,6.42,267.2,32.66,49894.5,-3.75,32431,1.191,8.21,-89.4,25.143,1.01,11.6
3/7/2021,19:00:00,0,B2,0.59,50023.4,49876.3,93.6,106.8,6.41,267.3,32.65,49890.1,-3.69,32429,1.193,8.2,-89.3,25.14,1.01,11.6
3/7/2021,19:15:00,0,B2,0.59,50018.1,49876.7,93.3,106.4,6.39,263.9,32.65,49889.9,-3.62,32428,1.195,8.2,-89.3,25.135,1.01,11.6
3/7/2021,19:30:00,0,B2,0.59,50016.7,49877.8,93.1,106.2,6.38,265.9,32.65,49890.8,-3.7,32429,1.192,8.2,-89.3,25.132,1.01,11.6
3/7/2021,19:45:00,0,B2,0.59,50013.1,49879,92.8,105.8,6.35,265.1,32.66,49891.5,-3.63,32429,1.194,8.2,-89.2,25.128,1.01,11.6
3/7/2021,20:00:00,0,B2,0.59,50006.7,49879.1,92.5,105.6,6.34,265.7,32.65,49891.1,-3.66,32429,1.192,8.2,-89.1,25.121,1.01,11.6
3/7/2021,20:15:00,0,B2,0.6,50005.2,49880.5,92.3,105.3,6.32,266.1,32.66,49892.2,-3.6,32430,1.184,8.2,-89.2,25.119,1.01,11.6
3/7/2021,20:30:00,0,B2,0.6,49998.4,49878.8,92.2,105.1,6.31,265.7,32.65,49890,-3.66,32428,1.184,8.2,-89.2,25.114,1.01,11.6
3/7/2021,20:45:00,0,B2,0.61,49994.6,49879.6,91.9,104.9,6.3,266.2,32.65,49890.4,-3.59,32429,1.19,8.2,-89.1,25.109,1.01,11.6
3/7/2021,21:00:00,0,B2,0.61,49990.2,49881.2,91.7,104.6,6.29,266.3,32.66,49891.4,-3.64,32429,1.194,8.2,-89,25.104,1.01,11.6
3/7/2021,21:15:00,0,B2,0.58,49984.2,49879,91.6,104.5,6.28,266.4,32.65,49888.8,-3.61,32428,1.191,8.2,-89,25.1,1.01,11.6
3/7/2021,21:30:00,0,B2,0.6,49978,49878.7,91.3,104.1,6.25,266.5,32.65,49888,-3.65,32427,1.186,8.2,-88.9,25.094,1.01,11.6
3/7/2021,21:45:00,0,B2,0.6,49971.1,49879.9,90.9,103.7,6.23,266.1,32.65,49888.4,-3.61,32427,1.194,8.2,-88.8,25.087,1.01,11.6
3/7/2021,22:00:00,0,B2,0.6,49969.4,49880.4,90.9,103.7,6.23,266.5,32.65,49888.8,-3.65,32428,1.187,8.2,-88.8,25.085,1.01,11.6
3/7/2021,22:15:00,0,B2,0.6,49968.5,49882.1,91,103.7,6.23,266.2,32.66,49890.2,-3.74,32429,1.186,8.2,-88.8,25.082,1.01,11.6
3/7/2021,22:30:00,0,B2,0.59,49961.7,49883.1,90.7,103.5,6.22,266.5,32.66,49890.5,-3.7,32429,1.186,8.19,-88.7,25.075,1.01,11.6
3/7/2021,22:45:00,0,B2,0.59,49954.8,49879.1,90.6,103.3,6.21,266.5,32.65,49886.2,-3.61,32426,1.185,8.19,-88.7,25.072,1.01,11.6
3/7/2021,23:00:00,0,B2,0.59,49948.8,49879.9,90.4,103.1,6.2,266.3,32.65,49886.3,-3.58,32426,1.183,8.19,-88.7,25.066,1.01,11.6
3/7/2021,23:15:00,0,B2,0.6,49949.4,49883.6,90.4,103.1,6.2,266.5,32.66,49889.8,-3.68,32428,1.191,8.19,-88.7,25.063,1.01,11.6
3/7/2021,23:30:00,0,B2,0.58,49940,49880.3,90.2,102.9,6.18,266.7,32.65,49885.9,-3.7,32426,1.192,8.19,-88.6,25.057,1.01,11.6
3/7/2021,23:45:00,0,B2,0.59,49943.4,49882.9,90.2,102.9,6.18,266.8,32.65,49888.5,-3.69,32428,1.2,8.19,-88.6,25.058,1.01,11.6
3/8/2021,0:00:00,0,B2,0.59,49940.8,49882.5,90.1,102.7,6.18,266.8,32.65,49888,-3.6,32427,1.193,8.19,-88.5,25.055,1.01,11.6
3/8/2021,0:15:00,0,B2,0.61,49935.5,49881.3,89.9,102.5,6.16,266.4,32.65,49886.3,-3.65,32426,1.188,8.19,-88.4,25.052,1.01,11.6
3/8/2021,0:30:00,0,B2,0.6,49935.4,49883.1,89.8,102.4,6.16,266.3,32.65,49888,-3.61,32427,1.191,8.19,-88.5,25.05,1.01,11.6
3/8/2021,0:45:00,0,B2,0.61,49937.5,49885.2,89.5,102.1,6.14,266.7,32.66,49890.1,-3.59,32429,1.2,8.19,-88.4,25.05,1.01,11.6
3/8/2021,1:00:00,0,B2,0.58,49931.3,49881.9,89.5,102.1,6.14,266.6,32.65,49886.5,-3.72,32426,1.189,8.19,-88.3,25.047,1.01,11.6
3/8/2021,1:15:00,0,B2,0.59,49934.2,49880.3,89.7,102.3,6.15,266.8,32.65,49885.4,-3.59,32425,1.193,8.19,-88.3,25.051,1.01,11.6
3/8/2021,1:30:00,0,B2,0.63,49931.2,49884.1,89,101.5,6.1,266.6,32.65,49888.5,-3.47,32428,1.184,8.19,-88.2,25.045,1.01,11.6
3/8/2021,1:45:00,0,B2,0.6,49938.8,49881.2,89.4,102,6.13,266.8,32.65,49886.6,-3.63,32426,1.191,8.19,-88.2,25.055,1.01,11.6
3/8/2021,2:00:00,0,B2,0.59,49939.1,49881.8,89.3,101.8,6.12,266.3,32.65,49887.1,-3.66,32427,1.195,8.18,-88.2,25.055,1.01,11.6
3/8/2021,2:15:00,0,B2,0.59,49948.5,49883.2,89.4,102,6.13,265.7,32.65,49889.3,-3.63,32428,1.186,8.18,-88.1,25.062,1.01,11.6
3/8/2021,2:30:00,0,B2,0.61,49949.2,49884.4,89.3,101.8,6.12,266,32.66,49890.5,-3.68,32429,1.188,8.18,-88,25.062,1.01,11.6
3/8/2021,2:45:00,0,B2,0.58,49941.6,49880.5,89.2,101.7,6.11,265.9,32.65,49886.2,-3.64,32426,1.201,8.18,-88,25.058,1.01,11.6
3/8/2021,3:00:00,0,B2,0.59,49940.8,49886.9,88.6,101.1,6.08,265.9,32.66,49891.9,-3.66,32430,1.2,8.18,-87.9,25.051,1.01,11.6
3/8/2021,3:15:00,0,B2,0.6,49945.9,49884.8,88.9,101.5,6.1,265.3,32.66,49890.5,-3.61,32429,1.188,8.18,-87.9,25.058,1.01,11.6
3/8/2021,3:30:00,0,B2,0.61,49930.3,49880,88.8,101.4,6.09,265.9,32.65,49884.7,-3.64,32425,1.187,8.18,-87.8,25.048,1.01,11.6
3/8/2021,3:45:00,0,B2,0.59,49940.1,49883.6,88.9,101.4,6.1,265.8,32.65,49888.9,-3.64,32428,1.188,8.18,-87.8,25.054,1.01,11.6
3/8/2021,4:00:00,0,B2,0.59,49940.3,49882.8,88.8,101.3,6.09,265.1,32.65,49888.1,-3.66,32427,1.193,8.18,-87.8,25.055,1.01,11.6
3/8/2021,4:15:00,0,B2,0.61,49937.1,49872.7,88.7,101.2,6.08,265.4,32.65,49878.7,-3.56,32421,1.194,8.18,-87.7,25.061,1.01,11.6
3/8/2021,4:30:00,0,B2,0.6,49931,49878.3,88.3,100.8,6.06,265.7,32.65,49883.2,-3.55,32424,1.199,8.18,-87.6,25.05,1.01,11.6
3/8/2021,4:45:00,0,B2,0.6,49946.2,49883.7,88.8,101.3,6.09,265.7,32.66,49889.6,-3.58,32428,1.19,8.18,-87.7,25.059,1.01,11.6
3/8/2021,5:00:00,0,B2,0.6,49942.2,49883.9,88.5,101,6.07,266,32.66,49889.3,-3.59,32428,1.187,8.18,-87.6,25.056,1.01,11.6
3/8/2021,5:15:00,0,B2,0.59,49934.5,49881,88.3,100.7,6.05,266.2,32.65,49886,-3.64,32426,1.196,8.17,-87.5,25.051,1.01,11.6
3/8/2021,5:30:00,0,B2,0.6,49946.8,49881.7,88.6,101.1,6.07,265.7,32.65,49887.8,-3.6,32427,1.199,8.17,-87.6,25.062,1.01,11.6
3/8/2021,5:45:00,0,B2,0.59,49946,49886.3,88.5,100.9,6.07,265.8,32.66,49891.9,-3.58,32430,1.195,8.17,-87.5,25.057,1.01,11.6
3/8/2021,6:00:00,0,B2,0.6,49939,49882.4,88.4,100.8,6.06,265.8,32.65,49887.7,-3.61,32427,1.189,8.17,-87.5,25.054,1.01,11.6
3/8/2021,6:15:00,0,B2,0.6,49940.8,49882.9,88.6,101.1,6.07,265.7,32.65,49888.3,-3.66,32427,1.195,8.17,-87.4,25.055,1.01,11.6
3/8/2021,6:30:00,0,B2,0.6,49939.6,49878.9,88.5,101,6.07,266.2,32.65,49884.6,-3.53,32425,1.191,8.17,-87.4,25.058,1.01,11.6
3/8/2021,6:45:00,0,B2,0.6,49946.8,49883.2,88.5,101,6.07,266.3,32.65,49889.2,-3.57,32428,1.182,8.17,-87.2,25.061,1.01,11.6
3/8/2021,7:00:00,0,B2,0.6,49946.3,49884.2,88.2,100.6,6.05,266.1,32.66,49890,-3.52,32429,1.195,8.17,-87.2,25.059,1.01,11.6
3/8/2021,7:15:00,0,B2,0.63,49950.2,49883.4,88.4,100.9,6.06,266.5,32.66,49889.6,-3.48,32428,1.197,8.17,-87.2,25.064,1.01,11.6
3/8/2021,7:30:00,0,B2,0.62,49949,49883.3,88.5,100.9,6.07,266.3,32.65,49889.5,-3.46,32428,1.193,8.17,-87.2,25.062,1.01,11.6
3/8/2021,7:45:00,0,B2,0.66,49940.9,49879.9,88.4,100.9,6.06,266.4,32.65,49885.6,-3.37,32426,1.182,8.17,-87.1,25.058,1.01,11.6
3/8/2021,8:00:00,0,B2,0.66,49941.9,49885.6,88.3,100.7,6.05,266.2,32.66,49890.9,-3.38,32429,1.192,8.17,-87.1,25.054,1.01,11.6
3/8/2021,8:15:00,0,B2,0.67,49946,49887.3,88.3,100.7,6.05,266.9,32.66,49892.8,-3.22,32430,1.191,8.17,-87.1,25.056,1.01,11.6
3/8/2021,8:30:00,0,B2,0.68,49945.2,49880.4,88.6,101.1,6.08,267,32.65,49886.5,-3.25,32426,1.192,8.17,-87.1,25.062,1.01,11.6
3/8/2021,8:45:00,0,B2,0.64,49950.1,49883.5,88.6,101.1,6.08,267.5,32.66,49889.7,-3.38,32428,1.19,8.17,-87,25.063,1.01,11.6
3/8/2021,9:00:00,0,B2,0.72,49947.3,49883.8,88.8,101.3,6.09,267.4,32.66,49889.7,-3.31,32428,1.183,8.16,-86.9,25.06,1.01,11.6
3/8/2021,9:15:00,0,B2,0.7,49947.4,49881.8,89,101.5,6.1,267.3,32.65,49887.9,-3.32,32427,1.193,8.17,-87,25.062,1.01,11.6
3/8/2021,9:30:00,0,B2,0.66,49951.7,49884.5,89.4,102,6.13,267.2,32.66,49890.8,-3.34,32429,1.189,8.17,-87.1,25.064,1.01,11.6
3/8/2021,9:45:00,0,B2,0.64,49947.8,49882.8,89.4,102,6.13,267.6,32.65,49888.9,-3.43,32428,1.186,8.17,-87,25.062,1.01,11.6
3/8/2021,10:00:00,0,B2,0.7,49946.8,49882,89.5,102.1,6.14,268,32.65,49888.1,-3.3,32427,1.183,8.17,-87,25.062,1.01,11.6
3/8/2021,10:15:00,0,B2,0.67,49946.3,49881.1,89.8,102.4,6.16,263.3,32.65,49887.2,-3.17,32427,1.185,8.17,-87,25.062,1.01,11.6
3/8/2021,10:30:00,0,B2,0.67,49949.9,49882.1,90,102.7,6.17,265.4,32.65,49888.4,-3.42,32427,1.199,8.17,-87.1,25.065,1.01,11.6
3/8/2021,10:45:00,0,B2,0.67,49947.4,49878.6,90.2,102.9,6.18,267.1,32.65,49885,-3.3,32425,1.196,8.17,-87.1,25.065,1.01,11.6
3/8/2021,11:00:00,0,B2,0.68,49951.6,49881.5,90.4,103.1,6.2,267.7,32.65,49888,-3.37,32427,1.193,8.17,-87.1,25.067,1.01,11.6
3/8/2021,11:15:00,0,B2,0.67,49950.8,49880.7,90.5,103.2,6.21,268.3,32.65,49887.2,-3.27,32427,1.195,8.17,-87.1,25.067,1.01,11.6
3/8/2021,11:30:00,0,B2,0.67,49953.4,49880.2,90.8,103.6,6.23,268.8,32.65,49887,-3.31,32427,1.193,8.17,-87.2,25.07,1.01,11.6
3/8/2021,11:45:00,0,B2,0.69,49952.4,49878.8,90.9,103.7,6.23,269.2,32.65,49885.7,-3.31,32426,1.199,8.17,-87.1,25.07,1.01,11.6
3/8/2021,12:00:00,0,B2,0.66,49956.2,49878.2,91.7,104.6,6.29,268.6,32.65,49885.5,-3.34,32426,1.187,8.17,-87.3,25.074,1.01,11.6
3/8/2021,12:15:00,0,B2,0.63,49962.7,49879.3,92.1,105,6.31,268.8,32.65,49887.1,-3.44,32427,1.182,8.17,-87.3,25.079,1.01,11.6
3/8/2021,12:30:00,0,B2,0.65,49964.6,49879.9,92.1,105.1,6.31,269,32.65,49887.8,-3.48,32427,1.201,8.17,-87.4,25.081,1.01,11.6
3/8/2021,12:45:00,0,B2,0.67,49973.8,49881.1,92.5,105.5,6.34,268.8,32.65,49889.7,-3.38,32428,1.191,8.17,-87.5,25.088,1.01,11.6
3/8/2021,13:00:00,0,B2,0.63,49979.1,49882.4,92.6,105.6,6.34,269.4,32.66,49891.4,-3.47,32429,1.189,8.17,-87.5,25.092,1.01,11.6
3/8/2021,13:15:00,0,B2,0.63,49982.3,49878.2,93.1,106.3,6.38,269.1,32.65,49887.9,-3.44,32427,1.182,8.18,-87.6,25.099,1.01,11.6
3/8/2021,13:30:00,0,B2,0.65,49994.1,49879.6,94.1,107.4,6.45,268.9,32.65,49890.4,-3.38,32429,1.183,8.18,-87.8,25.109,1.01,11.6
3/8/2021,13:45:00,0,B2,0.62,49993.9,49878.3,93.6,106.8,6.41,269,32.65,49889.1,-3.5,32428,1.2,8.18,-87.8,25.11,1.01,11.6
3/8/2021,14:00:00,0,B2,0.62,49997.4,49877.3,93.8,107,6.43,269.2,32.65,49888.6,-3.61,32428,1.197,8.18,-87.9,25.114,1.01,11.6
3/8/2021,14:15:00,0,B2,0.62,50007.8,49879,94.8,108.1,6.49,269.4,32.65,49891,-3.52,32429,1.185,8.18,-88.1,25.123,1.01,11.6
3/8/2021,14:30:00,0,B2,0.61,50010.2,49876.3,94.7,108,6.48,269.6,32.65,49888.8,-3.56,32428,1.183,8.18,-88,25.127,1.01,11.6
3/8/2021,14:45:00,0,B2,0.6,50016.6,49878.2,94.6,107.9,6.48,269,32.65,49891.1,-3.51,32429,1.197,8.18,-88.1,25.132,1.01,11.6
3/8/2021,15:00:00,0,B2,0.61,50023.4,49878.9,94.8,108.2,6.49,269.2,32.66,49892.4,-3.57,32430,1.193,8.18,-88.2,25.138,1.01,11.6
3/8/2021,15:15:00,0,B2,0.61,50022.2,49876.2,94.9,108.3,6.5,269,32.65,49889.9,-3.5,32428,1.19,8.19,-88.2,25.139,1.01,11.6
3/8/2021,15:30:00,0,B2,0.64,50025,49876.6,94.8,108.1,6.49,268.9,32.65,49890.5,-3.53,32429,1.189,8.19,-88.3,25.141,1.01,11.6
3/8/2021,15:45:00,0,B2,0.64,50026.1,49876.6,94.9,108.3,6.5,268.7,32.65,49890.6,-3.42,32429,1.185,8.19,-88.3,25.142,1.01,11.6
3/8/2021,16:00:00,0,B2,0.62,50023.8,49874.5,94.8,108.1,6.49,268.9,32.65,49888.5,-3.54,32428,1.183,8.19,-88.3,25.142,1.01,11.6
3/8/2021,16:15:00,0,B2,0.63,50027.8,49878,94.7,108,6.48,268.6,32.66,49892,-3.47,32430,1.184,8.19,-88.4,25.143,1.01,11.6
3/8/2021,16:30:00,0,B2,0.61,50024.7,49874.8,94.6,107.9,6.47,268.9,32.65,49888.8,-3.58,32428,1.192,8.19,-88.4,25.143,1.01,11.6
3/8/2021,16:45:00,0,B2,0.62,50023.5,49874,94.4,107.7,6.46,268.6,32.65,49888,-3.53,32427,1.197,8.19,-88.4,25.142,1.01,11.6
3/8/2021,17:00:00,0,B2,0.64,50024.8,49876,94.3,107.6,6.46,268.3,32.65,49889.9,-3.56,32428,1.192,8.19,-88.4,25.142,1.01,11.6
3/8/2021,17:15:00,0,B2,0.69,50021.9,49875.3,94.2,107.5,6.45,268.3,32.65,49889,-3.51,32428,1.186,8.19,-88.4,25.139,1.01,11.6
3/8/2021,17:30:00,0,B2,0.62,50020,49874.1,94.1,107.3,6.44,268.1,32.65,49887.7,-3.5,32427,1.189,8.19,-88.4,25.139,1.01,11.6
3/8/2021,17:45:00,0,B2,0.64,50020.4,49877.7,94.1,107.3,6.44,267.8,32.65,49891.1,-3.51,32429,1.19,8.19,-88.4,25.136,1.01,11.6
3/8/2021,18:00:00,0,B2,0.61,50018.1,49877.6,93.7,106.9,6.42,268,32.65,49890.8,-3.56,32429,1.187,8.19,-88.4,25.134,1.01,11.6
3/8/2021,18:15:00,0,B2,0.63,50013.7,49877.5,93.6,106.7,6.41,268.1,32.65,49890.3,-3.63,32429,1.191,8.19,-88.4,25.129,1.01,11.6
3/8/2021,18:30:00,0,B2,0.61,50011.6,49878.3,93.4,106.5,6.39,267.6,32.65,49890.7,-3.59,32429,1.191,8.19,-88.3,25.127,1,11.6
3/8/2021,18:45:00,0,B2,0.62,50005.2,49878.2,93.2,106.3,6.38,267.1,32.65,49890.1,-3.57,32429,1.184,8.19,-88.4,25.121,1.01,11.6
3/8/2021,19:00:00,0,B2,0.62,50002.2,49881.1,92.9,106,6.37,267.5,32.66,49892.4,-3.55,32430,1.182,8.19,-88.2,25.115,1.01,11.6
3/8/2021,19:15:00,0,B2,0.61,49995.4,49877.5,92.7,105.8,6.35,267.3,32.65,49888.5,-3.59,32428,1.184,8.19,-88.3,25.112,1.01,11.6
3/8/2021,19:30:00,0,B2,0.62,49991.2,49879.1,92.5,105.5,6.33,267.8,32.65,49889.5,-3.47,32428,1.189,8.19,-88.2,25.107,1.01,11.6
3/8/2021,19:45:00,0,B2,0.59,49983.2,49878.6,92.2,105.2,6.32,266.9,32.65,49888.4,-3.54,32427,1.189,8.18,-88.1,25.1,1.01,11.6
3/8/2021,20:00:00,0,B2,0.61,49984.1,49881.2,92.2,105.2,6.32,264.8,32.66,49890.8,-3.55,32429,1.196,8.18,-88.2,25.098,1,11.6
3/8/2021,20:15:00,0,B2,0.6,49977.5,49878.7,92,105,6.31,266.1,32.65,49888,-3.55,32427,1.197,8.18,-88.1,25.094,1.01,11.6
3/8/2021,20:30:00,0,B2,0.61,49971.7,49878.7,91.8,104.7,6.29,265.9,32.65,49887.4,-3.59,32427,1.196,8.18,-88.1,25.088,1.01,11.6
3/8/2021,20:45:00,0,B2,0.6,49970.9,49883.2,91.6,104.5,6.28,266.5,32.66,49891.4,-3.5,32429,1.194,8.18,-88,25.083,1,11.6
3/8/2021,21:00:00,0,B2,0.6,49965.2,49882.9,91.4,104.2,6.26,266.7,32.66,49890.6,-3.56,32429,1.187,8.18,-87.9,25.078,1,11.6
3/8/2021,21:15:00,0,B2,0.61,49961.9,49884.2,91.3,104.1,6.26,267,32.66,49891.4,-3.6,32429,1.187,8.18,-88,25.074,1,11.6
3/8/2021,21:30:00,0,B2,0.6,49956.1,49883.9,91.2,104,6.25,267,32.66,49890.6,-3.5,32429,1.189,8.18,-87.9,25.069,1,11.6
3/8/2021,21:45:00,0,B2,0.61,49947.2,49881.3,90.9,103.7,6.23,267.5,32.65,49887.4,-3.56,32427,1.189,8.18,-87.8,25.063,1.01,11.6
3/8/2021,22:00:00,0,B2,0.62,49941.9,49883.3,90.7,103.5,6.22,267.6,32.65,49888.8,-3.5,32428,1.186,8.18,-87.7,25.056,1.01,11.6
3/8/2021,22:15:00,0,B2,0.6,49944.8,49885.1,90.5,103.2,6.2,267.4,32.66,49890.7,-3.53,32429,1.187,8.18,-87.8,25.057,1,11.6
3/8/2021,22:30:00,0,B2,0.61,49943,49884.6,90.6,103.3,6.21,267.3,32.66,49890,-3.49,32429,1.186,8.18,-87.7,25.056,1,11.6
3/8/2021,22:45:00,0,B2,0.61,49942.8,49887.1,90.4,103.1,6.2,267.1,32.66,49892.3,-3.54,32430,1.192,8.18,-87.7,25.053,1.01,11.6
3/8/2021,23:00:00,0,B2,0.6,49938.3,49888.3,90.1,102.7,6.18,267.3,32.66,49893,-3.54,32430,1.19,8.18,-87.6,25.048,1,11.6
3/8/2021,23:15:00,0,B2,0.61,49945.9,49884.5,90.2,102.9,6.19,267.3,32.66,49890.2,-3.58,32429,1.192,8.18,-87.6,25.058,1.01,11.6
3/8/2021,23:30:00,0,B2,0.62,49944.3,49881.6,90.3,103,6.19,266.8,32.65,49887.5,-3.55,32427,1.191,8.18,-87.6,25.06,1,11.6
3/8/2021,23:45:00,0,B2,0.6,49946.1,49881.5,89.9,102.6,6.17,266.6,32.65,49887.5,-3.56,32427,1.192,8.17,-87.5,25.062,1,11.6
3/9/2021,0:00:00,0,B2,0.59,49946.5,49882.6,90.1,102.7,6.18,266.7,32.65,49888.6,-3.52,32428,1.191,8.17,-87.5,25.061,1,11.6
3/9/2021,0:15:00,0,B2,0.62,49949.7,49885,89.7,102.4,6.15,266.5,32.66,49891.1,-3.45,32429,1.19,8.17,-87.4,25.062,1,11.6
3/9/2021,0:30:00,0,B2,0.6,49945.2,49882.1,89.7,102.3,6.15,266.1,32.65,49888,-3.56,32427,1.192,8.17,-87.4,25.06,1,11.6
3/9/2021,0:45:00,0,B2,0.61,49941.5,49882.5,89.6,102.2,6.14,266.4,32.65,49888,-3.54,32427,1.201,8.17,-87.3,25.056,1,11.6
3/9/2021,1:00:00,0,B2,0.6,49949.8,49881.4,89.5,102.1,6.13,266.3,32.65,49887.8,-3.58,32427,1.184,8.17,-87.3,25.065,1,11.6
3/9/2021,1:15:00,0,B2,0.61,49946.5,49883.4,89.3,101.8,6.12,265.8,32.65,49889.3,-3.46,32428,1.192,8.17,-87.3,25.06,1,11.6
3/9/2021,1:30:00,0,B2,0.6,49954.5,49885.8,89.4,102,6.13,265.9,32.66,49892.3,-3.57,32430,1.19,8.17,-87.2,25.065,1,11.6
3/9/2021,1:45:00,0,B2,0.6,49948,49887.5,89.3,101.9,6.12,265.7,32.66,49893.2,-3.58,32431,1.187,8.17,-87.2,25.058,1.01,11.6
3/9/2021,2:00:00,0,B2,0.61,49942.2,49883.8,89,101.5,6.1,265.9,32.65,49889.3,-3.52,32428,1.196,8.17,-87.1,25.056,1,11.6
3/9/2021,2:15:00,0,B2,0.59,49947.3,49882.7,89.2,101.8,6.12,265.7,32.65,49888.8,-3.49,32428,1.191,8.17,-87.1,25.061,1.01,11.6
3/9/2021,2:30:00,0,B2,0.61,49945.7,49882.5,89.1,101.7,6.11,266.1,32.65,49888.4,-3.44,32427,1.201,8.17,-87.1,25.06,1,11.6
3/9/2021,2:45:00,0,B2,0.61,49949.3,49881.9,89.2,101.8,6.12,265.9,32.65,49888.2,-3.6,32427,1.193,8.17,-87,25.064,1.01,11.6
3/9/2021,3:00:00,0,B2,0.61,49954.6,49889.9,89,101.5,6.1,266.1,32.66,49896,-3.46,32432,1.185,8.17,-87,25.062,1,11.6
3/9/2021,3:15:00,0,B2,0.59,49953.4,49885.2,89.1,101.6,6.11,265.9,32.66,49891.6,-3.57,32430,1.189,8.17,-87,25.065,1,11.6
3/9/2021,3:30:00,0,B2,0.6,49952.6,49883,89.1,101.6,6.11,266.1,32.65,49889.5,-3.58,32428,1.2,8.16,-86.9,25.066,1,11.6
3/9/2021,3:45:00,0,B2,0.62,49946.5,49882.9,88.9,101.4,6.09,266.3,32.65,49888.9,-3.54,32428,1.195,8.16,-86.8,25.06,1,11.6
3/9/2021,4:00:00,0,B2,0.61,49942.2,49883.4,88.5,101,6.07,265.8,32.65,49888.9,-3.44,32428,1.181,8.16,-86.8,25.056,1,11.6
3/9/2021,4:15:00,0,B2,0.6,49948.5,49884.4,88.8,101.3,6.09,266.2,32.66,49890.4,-3.51,32429,1.193,8.16,-86.8,25.061,1,11.6
3/9/2021,4:30:00,0,B2,0.61,49949.7,49886.3,88.8,101.2,6.09,266.2,32.66,49892.2,-3.5,32430,1.189,8.16,-86.7,25.06,1,11.6
3/9/2021,4:45:00,0,B2,0.63,49944.1,49882.6,88.6,101.1,6.08,266.5,32.65,49888.3,-3.48,32427,1.182,8.16,-86.7,25.059,1,11.6
3/9/2021,5:00:00,0,B2,0.61,49940.4,49885.5,88.6,101.1,6.08,266.4,32.66,49890.7,-3.53,32429,1.199,8.16,-86.6,25.052,1.01,11.6
3/9/2021,5:15:00,0,B2,0.64,49941.6,49882.6,88.6,101.1,6.08,266.2,32.65,49888.1,-3.54,32427,1.199,8.16,-86.6,25.056,1,11.6
3/9/2021,5:30:00,0,B2,0.62,49947.1,49885.5,88.5,100.9,6.07,266.7,32.66,49891.3,-3.43,32429,1.187,8.16,-86.5,25.059,1,11.6
3/9/2021,5:45:00,0,B2,0.6,49948.8,49884.6,88.6,101.1,6.08,266.3,32.66,49890.6,-3.48,32429,1.191,8.16,-86.6,25.061,1,11.6
3/9/2021,6:00:00,0,B2,0.62,49948.8,49884.9,88.5,101,6.07,266.7,32.66,49890.9,-3.49,32429,1.19,8.16,-86.5,25.061,1,11.6
3/9/2021,6:15:00,0,B2,0.6,49940.2,49883.8,88.2,100.7,6.05,264.5,32.65,49889,-3.47,32428,1.181,8.16,-86.5,25.054,1,11.6
3/9/2021,6:30:00,0,B2,0.61,49950.6,49884.5,88.6,101,6.07,265.5,32.66,49890.7,-3.52,32429,1.193,8.16,-86.4,25.063,1,11.6
3/9/2021,6:45:00,0,B2,0.62,49950.6,49887.9,88.3,100.8,6.06,265.9,32.66,49893.7,-3.49,32431,1.192,8.16,-86.4,25.06,1,11.6
3/9/2021,7:00:00,0,B2,0.63,49962.6,49888.3,88.4,100.9,6.06,266.2,32.66,49895.2,-3.45,32432,1.19,8.15,-86.3,25.071,1,11.6
3/9/2021,7:15:00,0,B2,0.61,49963.4,49885.6,88.4,100.8,6.06,266,32.66,49892.9,-3.46,32430,1.192,8.15,-86.3,25.074,1,11.6
3/9/2021,7:30:00,0,B2,0.64,49959,49886,88.3,100.7,6.05,266.3,32.66,49892.8,-3.3,32430,1.191,8.15,-86.2,25.069,1,11.6
3/9/2021,7:45:00,0,B2,0.68,49955,49882.2,88.5,100.9,6.07,266.3,32.65,49889,-3.19,32428,1.185,8.15,-86.2,25.069,1,11.6
3/9/2021,8:00:00,0,B2,0.89,49962.1,49883,88.6,101.1,6.07,266.3,32.66,49890.4,-2.94,32429,1.185,8.15,-86.2,25.075,1,11.6
3/9/2021,8:15:00,0,B2,0.64,49962.4,49885.6,88.7,101.2,6.08,265.1,32.66,49892.7,-3.47,32430,1.193,8.15,-86.2,25.073,1,11.6
3/9/2021,8:30:00,0,B2,0.65,49960.2,49881.1,88.8,101.3,6.09,266.4,32.65,49888.5,-3.35,32428,1.197,8.15,-86.2,25.075,1,11.6
3/9/2021,8:45:00,0,B2,0.93,49955.6,49882.4,88.9,101.4,6.09,266.3,32.65,49889.2,-3.15,32428,1.193,8.15,-86.2,25.07,1,11.6
3/9/2021,9:00:00,0,B2,0.71,49953.3,49882.5,89.1,101.6,6.11,266.7,32.65,49889.1,-3.24,32428,1.186,8.15,-86.1,25.067,1,11.6
3/9/2021,9:15:00,0,B2,0.67,49953.1,49884.5,89.2,101.7,6.11,266.6,32.66,49890.9,-3.35,32429,1.191,8.15,-86.2,25.065,1,11.6
3/9/2021,9:30:00,0,B2,0.66,49950.1,49883.7,89.4,102,6.13,259.3,32.66,49890,-3.32,32428,1.195,8.15,-86.1,25.063,1,11.6
3/9/2021,9:45:00,0,B2,0.67,49953.2,49884.8,89.8,102.4,6.16,263.5,32.66,49891.2,-3.2,32429,1.19,8.15,-86.2,25.065,1,11.6
3/9/2021,10:00:00,0,B2,0.69,49949.3,49883.2,89.8,102.5,6.16,261.6,32.65,49889.3,-3.26,32428,1.192,8.15,-86.2,25.063,1,11.6
3/9/2021,10:15:00,0,B2,0.66,49945.4,49881.9,89.9,102.6,6.17,264.8,32.65,49887.8,-3.34,32427,1.19,8.15,-86.2,25.06,1,11.6
3/9/2021,10:30:00,0,B2,0.68,49948.2,49885.7,90,102.6,6.17,263.8,32.66,49891.5,-3.18,32430,1.192,8.15,-86.2,25.059,1,11.6
3/9/2021,10:45:00,0,B2,0.69,49945.2,49885.3,90.1,102.8,6.18,265.6,32.66,49890.9,-3.27,32429,1.195,8.15,-86.2,25.057,1,11.6
3/9/2021,11:00:00,0,B2,0.72,49942,49884.7,90.4,103.1,6.2,266.4,32.66,49890,-3.11,32429,1.193,8.15,-86.2,25.055,1,11.6
3/9/2021,11:15:00,0,B2,0.69,49944.4,49881.2,90.8,103.6,6.23,266.3,32.65,49887.1,-3.21,32427,1.191,8.15,-86.3,25.06,1,11.6
3/9/2021,11:30:00,0,B2,0.68,49944,49881.9,90.9,103.7,6.23,267,32.65,49887.7,-3.21,32427,1.186,8.15,-86.3,25.059,1,11.6
3/9/2021,11:45:00,0,B2,0.67,49948.1,49883.6,91,103.8,6.24,267.3,32.66,49889.6,-3.29,32428,1.191,8.15,-86.3,25.061,1,11.6
3/9/2021,12:00:00,0,B2,0.69,49950.1,49882.5,91.2,104,6.25,267.4,32.65,49888.8,-3.23,32428,1.192,8.16,-86.4,25.064,1,11.6
3/9/2021,12:15:00,0,B2,0.67,49951.4,49879.5,91.5,104.4,6.27,267.4,32.65,49886.2,-3.21,32426,1.192,8.16,-86.4,25.068,1,11.6
3/9/2021,12:30:00,0,B2,0.67,49957,49879.5,91.6,104.5,6.28,267.1,32.65,49886.7,-3.32,32426,1.189,8.16,-86.4,25.074,1,11.6
3/9/2021,12:45:00,0,B2,0.64,49961.3,49878.9,92,104.9,6.3,268.1,32.65,49886.6,-3.34,32426,1.183,8.16,-86.6,25.078,1,11.6
3/9/2021,13:00:00,0,B2,0.65,49965.5,49880.1,92,105,6.31,267,32.65,49888.1,-3.33,32427,1.183,8.16,-86.6,25.081,1,11.6
3/9/2021,13:15:00,0,B2,0.63,49967.6,49879.2,92.3,105.2,6.32,268.1,32.65,49887.4,-3.38,32427,1.201,8.16,-86.6,25.084,1,11.6
3/9/2021,13:30:00,0,B2,0.67,49970.6,49878.3,92.5,105.5,6.34,268,32.65,49886.9,-3.16,32426,1.189,8.16,-86.7,25.088,1,11.6
3/9/2021,13:45:00,0,B2,0.62,49973.4,49878.3,92.5,105.5,6.34,268.2,32.65,49887.2,-3.4,32427,1.188,8.16,-86.8,25.09,1,11.6
3/9/2021,14:00:00,0,B2,0.66,49979.9,49878.2,93.1,106.2,6.38,267.7,32.65,49887.7,-3.45,32427,1.191,8.16,-86.9,25.097,1,11.6
3/9/2021,14:15:00,0,B2,0.64,49978.5,49875.9,92.9,106,6.37,266.5,32.65,49885.5,-3.34,32426,1.188,8.16,-86.8,25.098,1,11.6
3/9/2021,14:30:00,0,B2,0.65,49982.2,49878,92.9,106,6.37,267.6,32.65,49887.7,-3.44,32427,1.19,8.16,-86.9,25.099,1,11.6
3/9/2021,14:45:00,0,B2,0.62,49984,49879.5,93.1,106.1,6.38,268.1,32.65,49889.3,-3.42,32428,1.189,8.16,-86.9,25.099,1,11.6
3/9/2021,15:00:00,0,B2,0.69,49983.8,49876.5,93.5,106.7,6.41,268.4,32.65,49886.6,-3.21,32426,1.186,8.17,-87,25.102,1,11.6
3/9/2021,15:15:00,0,B2,0.65,49985.9,49879.8,93.2,106.3,6.38,268.8,32.65,49889.7,-3.39,32428,1.188,8.17,-87,25.101,1,11.6
3/9/2021,15:30:00,0,B2,0.64,49983.7,49878.7,93.3,106.4,6.39,268.7,32.65,49888.5,-3.35,32428,1.189,8.17,-87.1,25.1,1,11.6
3/9/2021,15:45:00,0,B2,0.64,49984,49878.2,93.6,106.8,6.41,268.2,32.65,49888.1,-3.43,32427,1.192,8.17,-87.1,25.101,1,11.6
3/9/2021,16:00:00,0,B2,0.63,49981.4,49877,93.4,106.6,6.4,268.6,32.65,49886.8,-3.49,32426,1.189,8.17,-87.1,25.099,1,11.6
3/9/2021,16:15:00,0,B2,0.64,49982.5,49879.3,93.5,106.6,6.4,267.7,32.65,49889,-3.45,32428,1.192,8.17,-87.2,25.098,1,11.6
3/9/2021,16:30:00,0,B2,0.62,49980.9,49878.8,93.4,106.5,6.4,267.2,32.65,49888.4,-3.5,32427,1.201,8.17,-87.2,25.097,1,11.6
3/9/2021,16:45:00,0,B2,0.62,49976.4,49876.5,93.3,106.4,6.39,267.5,32.65,49885.8,-3.41,32426,1.194,8.17,-87.2,25.095,1,11.6
3/9/2021,17:00:00,0,B2,0.62,49977.2,49879.5,93.1,106.2,6.38,267.9,32.65,49888.7,-3.55,32428,1.184,8.17,-87.2,25.093,1,11.6
3/9/2021,17:15:00,0,B2,0.65,49972.3,49877.5,93.1,106.2,6.38,267.6,32.65,49886.4,-3.51,32426,1.193,8.17,-87.2,25.09,1,11.6
3/9/2021,17:30:00,0,B2,0.61,49969,49876.6,93,106.1,6.38,268.4,32.65,49885.2,-3.47,32425,1.19,8.17,-87.2,25.088,1,11.6
3/9/2021,17:45:00,0,B2,0.62,49968.7,49878.5,92.9,105.9,6.36,268.5,32.65,49886.9,-3.42,32426,1.182,8.17,-87.2,25.086,1,11.6
3/9/2021,18:00:00,0,B2,0.65,49964.7,49878.4,92.8,105.8,6.36,269.1,32.65,49886.5,-3.26,32426,1.191,8.17,-87.2,25.082,1,11.6
3/9/2021,18:15:00,0,B2,0.63,49961,49877.7,92.5,105.5,6.34,269.1,32.65,49885.5,-3.41,32426,1.184,8.17,-87.2,25.079,1,11.6
3/9/2021,18:30:00,0,B2,0.64,49959,49880.5,92.5,105.5,6.34,269.4,32.65,49887.8,-3.47,32427,1.192,8.17,-87.2,25.075,1,11.6
3/9/2021,18:45:00,0,B2,0.61,49955.6,49881.8,92.2,105.2,6.32,269,32.65,49888.7,-3.46,32428,1.189,8.17,-87.1,25.07,1,11.6
3/9/2021,19:00:00,0,B2,0.63,49949.2,49879.8,92,105,6.31,268.7,32.65,49886.3,-3.5,32426,1.191,8.17,-87.1,25.066,1,11.6
3/9/2021,19:15:00,0,B2,0.63,49938.7,49877.1,91.8,104.7,6.29,268.8,32.65,49882.9,-3.51,32424,1.197,8.17,-87.1,25.059,1,11.6
3/9/2021,19:30:00,0,B2,0.61,49938.7,49880.6,91.7,104.6,6.29,268.4,32.65,49886.1,-3.51,32426,1.197,8.17,-87,25.055,1,11.6
3/9/2021,19:45:00,0,B2,0.61,49936.9,49878.5,91.7,104.6,6.29,268.5,32.65,49884,-3.46,32425,1.193,8.17,-87,25.056,1,11.6
3/9/2021,20:00:00,0,B2,0.6,49937.6,49880.1,91.4,104.3,6.27,268,32.65,49885.5,-3.46,32426,1.188,8.17,-87,25.055,1,11.6
3/9/2021,20:15:00,0,B2,0.65,49935.2,49879.8,91.1,103.9,6.25,267.2,32.65,49885,-3.37,32425,1.191,8.17,-87,25.053,1,11.6
3/9/2021,20:30:00,0,B2,0.62,49930.1,49882,90.7,103.5,6.22,266.9,32.65,49886.5,-3.54,32426,1.192,8.16,-86.9,25.046,1,11.6
3/9/2021,20:45:00,0,B2,0.6,49928.9,49876.9,90.8,103.6,6.23,267.2,32.65,49881.7,-3.5,32423,1.183,8.16,-86.9,25.049,1,11.6
3/9/2021,21:00:00,0,B2,0.61,49940.1,49879.3,90.8,103.5,6.22,267.2,32.65,49885,-3.49,32425,1.195,8.16,-86.7,25.058,1,11.6
3/9/2021,21:15:00,0,B2,0.62,49924.4,49877.6,90.4,103.2,6.2,266.5,32.65,49882,-3.49,32423,1.189,8.16,-86.7,25.045,1,11.6
3/9/2021,21:30:00,0,B2,0.61,49929.8,49877.9,90.4,103.2,6.2,265.6,32.65,49882.7,-3.46,32424,1.181,8.16,-86.8,25.049,1,11.6
3/9/2021,21:45:00,0,B2,0.61,49928.9,49879.6,89.7,102.4,6.16,263.7,32.65,49884.2,-3.46,32425,1.196,8.16,-86.6,25.047,1,11.6
3/9/2021,22:00:00,0,B2,0.6,49945.4,49878.9,90.2,102.9,6.19,265.5,32.65,49885.2,-3.44,32425,1.199,8.16,-86.7,25.063,1,11.6
3/9/2021,22:15:00,0,B2,0.61,49937.7,49878.2,90,102.7,6.17,265.9,32.65,49883.7,-3.53,32424,1.192,8.16,-86.7,25.057,1,11.6
3/9/2021,22:30:00,0,B2,0.6,49953.5,49878.3,90.1,102.8,6.18,266.6,32.65,49885.3,-3.53,32425,1.184,8.16,-86.6,25.072,1,11.6
3/9/2021,22:45:00,0,B2,0.61,49950.1,49876.5,90,102.7,6.17,266.4,32.65,49883.4,-3.51,32424,1.192,8.16,-86.6,25.07,1,11.6
3/9/2021,23:00:00,0,B2,0.62,49943.4,49877.7,89.7,102.3,6.15,265.9,32.65,49883.8,-3.29,32424,1.19,8.16,-86.5,25.063,1,11.6
3/9/2021,23:15:00,0,B2,0.61,49942,49877.8,89.7,102.4,6.15,266.2,32.65,49883.8,-3.5,32424,1.183,8.16,-86.5,25.061,1,11.6
3/9/2021,23:30:00,0,B2,0.62,49954.8,49881.2,89.6,102.2,6.15,266,32.65,49888.1,-3.44,32427,1.2,8.16,-86.4,25.07,1,11.6
3/9/2021,23:45:00,0,B2,0.61,49951.6,49882.3,89.5,102.1,6.14,266.1,32.65,49888.8,-3.43,32428,1.2,8.16,-86.4,25.066,1,11.6
3/10/2021,0:00:00,0,B2,0.62,49956.4,49875.9,89.5,102.1,6.13,266.2,32.65,49883.5,-3.43,32424,1.193,8.16,-86.4,25.077,1,11.6
3/10/2021,0:15:00,0,B2,0.62,49941.3,49877.3,89.3,101.8,6.12,266.2,32.65,49883.2,-3.38,32424,1.189,8.15,-86.3,25.061,1,11.6
3/10/2021,0:30:00,0,B2,0.61,49954.4,49883.1,89.4,101.9,6.13,266.1,32.66,49889.8,-3.44,32428,1.192,8.15,-86.3,25.068,1,11.6
3/10/2021,0:45:00,0,B2,0.61,49939.4,49871.8,89.2,101.7,6.11,266.6,32.65,49878.2,-3.43,32421,1.188,8.15,-86.2,25.064,1,11.6
3/10/2021,1:00:00,0,B2,0.62,49945,49880.7,89,101.5,6.1,266.1,32.65,49886.7,-3.36,32426,1.187,8.15,-86.2,25.061,1,11.6
3/10/2021,1:15:00,0,B2,0.63,49938.4,49877.3,88.9,101.4,6.1,266.6,32.65,49883,-3.51,32424,1.191,8.15,-86.2,25.058,1,11.6
3/10/2021,1:30:00,0,B2,0.61,49941.2,49876.3,89.1,101.6,6.11,265.9,32.65,49882.4,-3.49,32424,1.188,8.15,-86.1,25.062,1,11.6
3/10/2021,1:45:00,0,B2,0.6,49952.2,49882.8,89,101.6,6.1,265.8,32.65,49889.3,-3.48,32428,1.191,8.15,-86.1,25.066,1,11.6
3/10/2021,2:00:00,0,B2,0.6,49953.3,49875.2,88.9,101.4,6.09,266.4,32.65,49882.5,-3.44,32424,1.191,8.15,-86.1,25.074,1,11.6
3/10/2021,2:15:00,0,B2,0.6,49950.7,49879.7,88.9,101.4,6.09,266.3,32.65,49886.4,-3.46,32426,1.197,8.15,-86.1,25.067,1,11.6
3/10/2021,2:30:00,0,B2,0.62,49938.1,49878.8,88.8,101.3,6.09,266.6,32.65,49884.3,-3.49,32425,1.201,8.15,-86,25.056,1,11.6
3/10/2021,2:45:00,0,B2,0.61,49952.6,49884.3,88.8,101.3,6.09,266.8,32.66,49890.7,-3.52,32429,1.195,8.15,-85.9,25.065,1,11.6
3/10/2021,3:00:00,0,B2,0.62,49935.2,49876.8,88.6,101,6.07,266.3,32.65,49882.3,-3.45,32423,1.197,8.15,-86,25.056,1,11.6
3/10/2021,3:15:00,0,B2,0.61,49955.5,49882.3,88.5,101,6.07,266.6,32.65,49889.1,-3.43,32428,1.199,8.15,-85.8,25.07,1,11.6
3/10/2021,3:30:00,0,B2,0.6,49953.8,49882.4,88.6,101.1,6.08,266.4,32.65,49889.1,-3.53,32428,1.195,8.15,-85.9,25.068,1,11.6
3/10/2021,3:45:00,0,B2,0.61,49940.3,49883.2,88.3,100.7,6.05,266.1,32.65,49888.5,-3.48,32428,1.19,8.14,-85.7,25.054,1,11.6
3/10/2021,4:00:00,0,B2,0.61,49952.6,49882.6,88.5,100.9,6.06,266.7,32.65,49889.1,-3.48,32428,1.19,8.15,-85.8,25.067,1,11.6
3/10/2021,4:15:00,0,B2,0.62,49947.7,49883.2,88.4,100.9,6.06,267,32.65,49889.2,-3.47,32428,1.183,8.14,-85.7,25.061,1,11.6
3/10/2021,4:30:00,0,B2,0.62,49958.5,49880,88.4,100.9,6.06,267.2,32.65,49887.3,-3.43,32427,1.181,8.14,-85.7,25.075,1,11.6
3/10/2021,4:45:00,0,B2,0.59,49945.6,49880.3,88.3,100.7,6.05,266.8,32.65,49886.4,-3.48,32426,1.191,8.14,-85.7,25.062,1,11.6
3/10/2021,5:00:00,0,B2,0.61,49948.5,49875,88.2,100.6,6.05,267.4,32.65,49881.9,-3.46,32423,1.192,8.14,-85.6,25.07,1,11.6
3/10/2021,5:15:00,0,B2,0.61,49965.4,49886.1,88.2,100.6,6.04,266.7,32.66,49893.5,-3.45,32431,1.187,8.14,-85.6,25.075,1,11.6
3/10/2021,5:30:00,0,B2,0.62,49958.1,49884.1,88.2,100.6,6.05,266.8,32.66,49891,-3.48,32429,1.188,8.14,-85.4,25.07,1,11.6
3/10/2021,5:45:00,0,B2,0.6,49958.5,49884.9,88.2,100.6,6.05,267,32.66,49891.8,-3.52,32430,1.184,8.14,-85.5,25.07,1,11.6
3/10/2021,6:00:00,0,B2,0.61,49951,49886.1,87.9,100.3,6.03,265.3,32.66,49892.2,-3.44,32430,1.185,8.14,-85.4,25.062,1,11.6
3/10/2021,6:15:00,0,B2,0.62,49958.2,49881.8,88.1,100.5,6.04,266.1,32.65,49888.9,-3.42,32428,1.197,8.14,-85.4,25.073,1,11.6
3/10/2021,6:30:00,0,B2,0.62,49948.8,49877.8,87.9,100.3,6.03,266.5,32.65,49884.5,-3.47,32425,1.189,8.14,-85.3,25.068,1,11.6
3/10/2021,6:45:00,0,B2,0.63,49969.6,49880,88.2,100.7,6.05,266.2,32.65,49888.4,-3.35,32427,1.192,8.14,-85.4,25.085,1,11.6
3/10/2021,7:00:00,0,B2,0.62,49966.6,49879.5,88.1,100.5,6.04,266.4,32.65,49887.6,-3.43,32427,1.195,8.14,-85.3,25.083,1,11.6
3/10/2021,7:15:00,0,B2,0.62,49978.8,49890.6,88,100.3,6.03,266.2,32.66,49898.9,-3.31,32434,1.188,8.14,-85.3,25.084,1,11.6
3/10/2021,7:30:00,0,B2,0.63,49982.3,49881.9,88.2,100.6,6.04,266.7,32.66,49891.3,-3.4,32429,1.189,8.14,-85.2,25.096,1,11.6
3/10/2021,7:45:00,0,B2,0.67,49972.2,49879.1,88.2,100.6,6.04,266.3,32.65,49887.8,-3.28,32427,1.197,8.14,-85.3,25.089,1,11.6
3/10/2021,8:00:00,0,B2,0.65,49979,49883.3,88.4,100.8,6.06,266.7,32.66,49892.2,-3.29,32430,1.199,8.14,-85.2,25.091,1,11.6
3/10/2021,8:15:00,0,B2,0.62,49976.1,49881,88.6,101,6.07,267.5,32.65,49889.9,-3.34,32428,1.199,8.14,-85.2,25.09,1,11.6
3/10/2021,8:30:00,0,B2,0.64,49971.9,49880.7,88.9,101.4,6.09,267.8,32.65,49889.3,-3.37,32428,1.199,8.14,-85.3,25.087,1,11.6
3/10/2021,8:45:00,0,B2,0.65,49969.8,49879.8,89.1,101.6,6.1,267.4,32.65,49888.3,-3.35,32427,1.195,8.14,-85.3,25.086,1,11.6
3/10/2021,9:00:00,0,B2,0.64,49969,49880,89.9,102.5,6.16,267.8,32.65,49888.3,-3.32,32427,1.196,8.14,-85.5,25.085,1,11.6
3/10/2021,9:15:00,0,B2,0.66,49976.2,49881.7,89.9,102.5,6.16,268,32.66,49890.6,-3.33,32429,1.193,8.14,-85.4,25.09,1,11.6
3/10/2021,9:30:00,0,B2,0.65,49980.7,49878.8,90.7,103.4,6.21,268.3,32.65,49888.3,-3.28,32427,1.195,8.14,-85.5,25.097,1,11.6
3/10/2021,9:45:00,0,B2,0.66,49994.1,49880.7,91.5,104.4,6.27,267.8,32.66,49891.3,-3.37,32429,1.195,8.14,-85.7,25.108,1,11.6
3/10/2021,10:00:00,0,B2,0.64,49994,49874.5,91.5,104.4,6.27,268.1,32.65,49885.7,-3.39,32426,1.191,8.14,-85.7,25.114,1,11.6
3/10/2021,10:15:00,0,B2,0.63,50005.1,49874.4,91.7,104.6,6.28,268.4,32.65,49886.6,-3.29,32426,1.191,8.14,-85.7,25.124,1,11.6
3/10/2021,10:30:00,0,B2,0.68,50016.2,49876.1,92.2,105.1,6.31,268.5,32.65,49889.2,-3.42,32428,1.195,8.15,-85.9,25.133,1,11.6
3/10/2021,10:45:00,0,B2,0.62,50024.3,49873.5,92.4,105.5,6.33,268.6,32.65,49887.6,-3.36,32427,1.194,8.15,-85.9,25.143,1,11.6
3/10/2021,11:00:00,0,B2,0.64,50030.2,49874.5,92.8,105.9,6.36,269.1,32.65,49889.1,-3.36,32428,1.187,8.15,-86.1,25.148,1,11.6
3/10/2021,11:15:00,0,B2,0.63,50031.4,49874.3,93.4,106.5,6.39,269.2,32.65,49889,-3.34,32428,1.185,8.15,-86.2,25.149,1,11.6
3/10/2021,11:30:00,0,B2,0.62,50029.9,49868.1,94.1,107.3,6.44,268.8,32.65,49883.3,-3.32,32424,1.188,8.15,-86.3,25.154,1,11.6
3/10/2021,11:45:00,0,B2,0.61,50030,49872.1,94.4,107.7,6.46,268.2,32.65,49886.9,-3.49,32426,1.199,8.16,-86.5,25.15,1,11.6
3/10/2021,12:00:00,0,B2,0.61,50023.8,49874.6,94.6,107.9,6.48,268.7,32.65,49888.6,-3.47,32428,1.196,8.16,-86.6,25.142,1,11.6
3/10/2021,12:15:00,0,B2,0.63,50024.6,49871,95.1,108.5,6.51,268.9,32.65,49885.4,-3.31,32426,1.193,8.16,-86.6,25.146,1,11.6
3/10/2021,12:30:00,0,B2,0.63,50028.5,49874.9,95.6,109.1,6.55,269.4,32.65,49889.3,-3.4,32428,1.187,8.16,-86.8,25.146,1,11.6
3/10/2021,12:45:00,0,B2,0.62,50024.9,49873.5,95.8,109.2,6.56,269,32.65,49887.6,-3.47,32427,1.19,8.16,-86.9,25.144,1,11.6
3/10/2021,13:00:00,0,B2,0.69,50031.6,49876.9,96.1,109.6,6.58,269.1,32.65,49891.4,-3.44,32429,1.195,8.17,-87.1,25.147,1,11.6
3/10/2021,13:15:00,0,B2,0.63,50027.4,49872.2,96.6,110.2,6.62,269.1,32.65,49886.7,-3.48,32426,1.192,8.17,-87.2,25.148,1,11.6
3/10/2021,13:30:00,0,B2,0.62,50028.3,49872.8,96.5,110.1,6.61,269.5,32.65,49887.4,-3.43,32427,1.192,8.17,-87.3,25.148,1,11.6
3/10/2021,13:45:00,0,B2,0.6,50039.2,49875.1,97.3,111,6.66,269.4,32.65,49890.5,-3.47,32429,1.191,8.17,-87.5,25.156,1,11.6
3/10/2021,14:00:00,0,B2,0.67,50025.2,49871.6,97,110.6,6.64,268.9,32.65,49886,-3.25,32426,1.2,8.17,-87.5,25.146,1,11.6
3/10/2021,14:15:00,0,B2,0.61,50028.9,49874.3,97,110.7,6.64,269.1,32.65,49888.8,-3.58,32428,1.184,8.17,-87.5,25.147,1,11.6
3/10/2021,14:30:00,0,B2,0.62,50026.5,49871.7,97.2,110.8,6.65,269.2,32.65,49886.2,-3.54,32426,1.199,8.18,-87.7,25.147,1,11.6
3/10/2021,14:45:00,0,B2,0.61,50035,49874.8,97.6,111.4,6.68,269.3,32.65,49889.8,-3.61,32428,1.186,8.18,-87.8,25.152,1,11.6
3/10/2021,15:00:00,0,B2,0.62,50030.7,49870.7,97.7,111.4,6.69,269.2,32.65,49885.7,-3.57,32426,1.186,8.18,-87.9,25.152,1,11.6
3/10/2021,15:15:00,0,B2,0.61,50032.9,49875.1,97.1,110.8,6.65,263.9,32.65,49889.9,-3.59,32428,1.181,8.18,-87.9,25.15,1,11.6
3/10/2021,15:30:00,0,B2,0.63,50034.6,49874.5,97.1,110.8,6.65,267.7,32.65,49889.5,-3.51,32428,1.194,8.18,-87.9,25.152,1,11.6
3/10/2021,15:45:00,0,B2,0.62,50030.2,49872.3,96.7,110.3,6.62,268.3,32.65,49887.1,-3.51,32427,1.197,8.18,-88,25.15,1,11.6
3/10/2021,16:00:00,0,B2,0.61,50027.6,49870,96.6,110.2,6.61,268.1,32.65,49884.8,-3.64,32425,1.2,8.18,-88,25.15,1,11.6
3/10/2021,16:15:00,0,B2,0.62,50029.6,49873.5,96.5,110.1,6.61,268.6,32.65,49888.1,-3.6,32427,1.2,8.18,-88,25.149,1,11.6
3/10/2021,16:30:00,0,B2,0.65,50029.3,49872.7,96.2,109.7,6.58,268.5,32.65,49887.4,-3.42,32427,1.197,8.18,-88,25.149,1,11.6
3/10/2021,16:45:00,0,B2,0.62,50030.3,49876,95.9,109.4,6.57,268.6,32.65,49890.5,-3.52,32429,1.194,8.18,-88,25.147,1,11.6
3/10/2021,17:00:00,0,B2,0.61,50028.6,49876.3,95.6,109.1,6.55,268.7,32.65,49890.6,-3.56,32429,1.184,8.18,-88,25.145,1,11.6
3/10/2021,17:15:00,0,B2,0.62,50021.6,49871.7,95.5,108.9,6.54,268.9,32.65,49885.7,-3.56,32426,1.187,8.18,-88,25.143,1,11.6
3/10/2021,17:30:00,0,B2,0.62,50021.1,49873.7,95.2,108.5,6.52,269,32.65,49887.5,-3.55,32427,1.201,8.18,-88,25.14,1,11.6
3/10/2021,17:45:00,0,B2,0.64,50018.9,49874.6,94.9,108.3,6.5,268.8,32.65,49888.1,-3.49,32427,1.2,8.18,-88,25.137,1,11.6
3/10/2021,18:00:00,0,B2,0.61,50012.2,49872.7,94.6,107.9,6.48,268.6,32.65,49885.7,-3.58,32426,1.193,8.18,-88,25.133,1,11.6
3/10/2021,18:15:00,0,B2,0.62,50009.8,49874.8,94.4,107.6,6.46,268.6,32.65,49887.5,-3.56,32427,1.197,8.18,-88,25.128,1,11.6
3/10/2021,18:30:00,0,B2,0.63,50001.4,49874.5,94.2,107.5,6.45,268.9,32.65,49886.4,-3.41,32426,1.185,8.18,-88,25.121,1,11.6
3/10/2021,18:45:00,0,B2,0.62,50001.8,49878,93.9,107.1,6.43,268.6,32.65,49889.6,-3.57,32428,1.184,8.18,-88,25.118,1,11.6
3/10/2021,19:00:00,0,B2,0.61,49988.4,49873.4,93.5,106.7,6.41,268.5,32.65,49884.2,-3.53,32425,1.187,8.18,-87.9,25.109,1,11.6
3/10/2021,19:15:00,0,B2,0.61,49984.5,49874,93.3,106.5,6.4,268.7,32.65,49884.3,-3.55,32425,1.195,8.18,-87.8,25.105,1,11.6
3/10/2021,19:30:00,0,B2,0.62,49975.4,49874.8,93,106.1,6.37,268.2,32.65,49884.3,-3.54,32425,1.189,8.18,-87.7,25.096,1,11.6
3/10/2021,19:45:00,0,B2,0.61,49965.9,49875.3,92.7,105.8,6.36,267.2,32.65,49883.8,-3.57,32424,1.192,8.18,-87.8,25.086,1,11.6
3/10/2021,20:00:00,0,B2,0.63,49957,49876.1,92.4,105.4,6.34,267.8,32.65,49883.7,-3.61,32424,1.185,8.18,-87.6,25.077,1,11.6
3/10/2021,20:15:00,0,B2,0.61,49949.7,49874.5,92.3,105.3,6.33,267.7,32.65,49881.6,-3.57,32423,1.198,8.18,-87.7,25.072,1,11.6
3/10/2021,20:30:00,0,B2,0.6,49940.1,49873.8,91.9,104.8,6.3,267.7,32.65,49880,-3.52,32422,1.19,8.18,-87.6,25.063,1,11.6
3/10/2021,20:45:00,0,B2,0.61,49929.5,49875.1,91.5,104.4,6.27,267.6,32.65,49880.2,-3.51,32422,1.191,8.18,-87.6,25.052,1,11.6
3/10/2021,21:00:00,0,B2,0.61,49944.5,49878.4,91.5,104.4,6.27,262,32.65,49884.6,-3.56,32425,1.196,8.18,-87.6,25.063,1,11.6
3/10/2021,21:15:00,0,B2,0.61,49937,49874.9,91.1,104,6.25,265.2,32.65,49880.7,-3.58,32422,1.193,8.17,-87.5,25.059,1,11.6
3/10/2021,21:30:00,0,B2,0.61,49938.2,49872.8,91.2,104,6.25,265.8,32.65,49878.9,-3.56,32421,1.189,8.17,-87.5,25.062,1,11.6
3/10/2021,21:45:00,0,B2,0.62,49947.7,49875.2,91.1,103.9,6.24,265.9,32.65,49882,-3.58,32423,1.19,8.17,-87.5,25.069,1,11.6
3/10/2021,22:00:00,0,B2,0.6,49954.5,49878.1,90.8,103.6,6.23,266.2,32.65,49885.3,-3.51,32425,1.183,8.17,-87.4,25.073,1,11.6
3/10/2021,22:15:00,0,B2,0.62,49949.7,49879.6,90.5,103.2,6.2,265.9,32.65,49886.2,-3.5,32426,1.185,8.17,-87.4,25.067,1,11.6
3/10/2021,22:30:00,0,B2,0.64,49941.8,49876.4,90.5,103.2,6.21,265.6,32.65,49882.5,-3.52,32424,1.19,8.17,-87.3,25.062,1,11.6
3/10/2021,22:45:00,0,B2,0.6,49950,49877.9,90.3,103,6.19,265.8,32.65,49884.6,-3.59,32425,1.189,8.17,-87.3,25.069,1,11.6
3/10/2021,23:00:00,0,B2,0.61,49952.4,49879,90.2,102.9,6.18,265,32.65,49885.9,-3.49,32426,1.191,8.17,-87.3,25.07,1,11.6
3/10/2021,23:15:00,0,B2,0.62,49955.4,49875.3,90.1,102.8,6.18,265.5,32.65,49882.8,-3.57,32424,1.186,8.17,-87.2,25.076,1,11.6
3/10/2021,23:30:00,0,B2,0.61,49948.5,49875.1,89.9,102.6,6.16,265.8,32.65,49882,-3.53,32423,1.189,8.17,-87.2,25.07,1,11.6
3/10/2021,23:45:00,0,B2,0.62,49955.9,49879.1,89.8,102.4,6.16,265.9,32.65,49886.3,-3.53,32426,1.196,8.17,-87.1,25.073,1,11.6
3/11/2021,0:00:00,0,B2,0.63,49950.4,49874.4,89.6,102.2,6.14,266.6,32.65,49881.5,-3.48,32423,1.191,8.17,-87,25.072,1,11.6
3/11/2021,0:15:00,0,B2,0.62,49952.4,49875.9,89.7,102.3,6.15,266.2,32.65,49883.1,-3.49,32424,1.184,8.17,-87.1,25.073,1,11.6
3/11/2021,0:30:00,0,B2,0.6,49955.2,49878.8,89.5,102.2,6.14,266.2,32.65,49885.9,-3.53,32426,1.191,8.16,-86.9,25.073,1,11.6
3/11/2021,0:45:00,0,B2,0.64,49941.4,49875.5,89.1,101.7,6.11,265.7,32.65,49881.7,-3.51,32423,1.197,8.16,-86.9,25.063,1,11.6
3/11/2021,1:00:00,0,B2,0.61,49944.3,49880,89.1,101.6,6.11,266.2,32.65,49886,-3.48,32426,1.186,8.16,-86.9,25.061,1,11.6
3/11/2021,1:15:00,0,B2,0.6,49953.3,49876.9,89.3,101.8,6.12,266.2,32.65,49884,-3.54,32425,1.19,8.16,-86.9,25.073,1,11.6
3/11/2021,1:30:00,0,B2,0.61,49951.6,49880.5,89.1,101.6,6.11,266.8,32.65,49887.1,-3.51,32427,1.195,8.16,-86.8,25.068,1,11.6
3/11/2021,1:45:00,0,B2,0.63,49964.3,49879.8,89.1,101.6,6.11,267,32.65,49887.7,-3.46,32427,1.192,8.16,-86.8,25.08,1,11.6
3/11/2021,2:00:00,0,B2,0.63,49944.1,49873,88.8,101.3,6.09,267.1,32.65,49879.7,-3.51,32422,1.186,8.16,-86.7,25.068,1,11.6
3/11/2021,2:15:00,0,B2,0.61,49940.2,49874.5,88.5,101,6.07,266.3,32.65,49880.7,-3.48,32422,1.187,8.16,-86.6,25.062,1,11.6
3/11/2021,2:30:00,0,B2,0.62,49955.9,49884,88.6,101.1,6.07,266.2,32.66,49890.7,-3.48,32429,1.196,8.16,-86.6,25.068,1,11.6
3/11/2021,2:45:00,0,B2,0.62,49942.9,49877.6,88.4,100.8,6.06,266.3,32.65,49883.7,-3.53,32424,1.197,8.16,-86.6,25.062,1,11.6
3/11/2021,3:00:00,0,B2,0.6,49961.8,49880.7,88.5,101,6.07,266,32.65,49888.3,-3.46,32427,1.19,8.16,-86.6,25.077,1,11.6
3/11/2021,3:15:00,0,B2,0.61,49947.2,49875.5,88.4,100.8,6.06,266.1,32.65,49882.2,-3.5,32423,1.189,8.16,-86.5,25.068,1,11.6
3/11/2021,3:30:00,0,B2,0.61,49954.2,49874.8,88.4,100.8,6.06,266.6,32.65,49882.3,-3.5,32423,1.194,8.16,-86.4,25.075,1,11.6
3/11/2021,3:45:00,0,B2,0.6,49962.8,49880.6,88.4,100.9,6.06,266.3,32.65,49888.3,-3.43,32427,1.183,8.16,-86.4,25.078,1,11.6
3/11/2021,4:00:00,0,B2,0.62,49961.1,49872.1,88.4,100.8,6.06,266.8,32.65,49880.4,-3.44,32422,1.184,8.15,-86.3,25.085,1,11.6
3/11/2021,4:15:00,0,B2,0.61,49947.2,49877.3,88.1,100.5,6.04,267,32.65,49883.8,-3.51,32424,1.2,8.15,-86.3,25.066,1,11.6
3/11/2021,4:30:00,0,B2,0.61,49965.5,49882,88.4,100.9,6.06,267.2,32.65,49889.8,-3.49,32428,1.192,8.15,-86.3,25.079,1,11.6
3/11/2021,4:45:00,0,B2,0.64,49962.6,49882.8,88.1,100.5,6.04,266.5,32.66,49890.3,-3.44,32429,1.185,8.15,-86.3,25.076,1,11.6
3/11/2021,5:00:00,0,B2,0.61,49963.8,49875.3,88.3,100.8,6.05,266.7,32.65,49883.5,-3.47,32424,1.188,8.15,-86.2,25.084,1,11.6
3/11/2021,5:15:00,0,B2,0.61,49966.6,49878.3,88.2,100.6,6.05,266.6,32.65,49886.5,-3.43,32426,1.183,8.15,-86.2,25.084,1,11.6
3/11/2021,5:30:00,0,B2,0.6,49964.1,49876.9,88.2,100.6,6.04,266.8,32.65,49885,-3.5,32425,1.192,8.15,-86.2,25.083,1,11.6
3/11/2021,5:45:00,0,B2,0.64,49974.3,49879.7,88.3,100.7,6.05,266.8,32.65,49888.6,-3.46,32428,1.199,8.15,-86.1,25.09,1,11.6
3/11/2021,6:00:00,0,B2,0.63,49957.7,49876.8,88,100.4,6.03,266.6,32.65,49884.4,-3.48,32425,1.189,8.15,-86.1,25.077,1,11.6
3/11/2021,6:15:00,0,B2,0.62,49962.2,49882.8,88,100.4,6.03,266.7,32.66,49890.2,-3.49,32429,1.185,8.15,-86,25.076,1,11.6
3/11/2021,6:30:00,0,B2,0.64,49969.1,49881.6,87.9,100.3,6.02,266.8,32.65,49889.8,-3.49,32428,1.182,8.15,-85.9,25.083,1,11.6
3/11/2021,6:45:00,0,B2,0.63,49964.3,49877.3,88.1,100.5,6.04,266.6,32.65,49885.4,-3.5,32426,1.185,8.15,-86,25.083,1,11.6
3/11/2021,7:00:00,0,B2,0.63,49969.4,49881.7,88,100.4,6.03,266.9,32.65,49889.9,-3.36,32428,1.2,8.15,-85.8,25.083,1,11.6
3/11/2021,7:15:00,0,B2,0.65,49957.4,49880.4,87.6,99.9,6,266.6,32.65,49887.6,-3.29,32427,1.193,8.15,-85.8,25.073,1,11.6
3/11/2021,7:30:00,0,B2,0.65,49976.8,49877.5,88.1,100.5,6.04,266.8,32.65,49886.8,-3.37,32426,1.188,8.15,-85.9,25.094,1,11.6
3/11/2021,7:45:00,0,B2,0.64,49985.5,49881.5,88.2,100.6,6.04,267.1,32.66,49891.2,-3.37,32429,1.187,8.15,-85.9,25.099,1,11.6
3/11/2021,8:00:00,0,B2,0.68,49980,49878.2,88.4,100.8,6.06,267.7,32.65,49887.8,-3.24,32427,1.192,8.15,-85.9,25.097,1,11.6
3/11/2021,8:15:00,0,B2,0.67,49971.6,49875.1,88.6,101.1,6.07,267.8,32.65,49884.1,-3.25,32425,1.194,8.15,-85.9,25.092,1,11.6
3/11/2021,8:30:00,0,B2,0.69,49971.6,49878.1,88.8,101.3,6.09,267.7,32.65,49886.9,-3.23,32426,1.19,8.15,-85.9,25.089,1,11.6
3/11/2021,8:45:00,0,B2,0.67,49973.3,49879,89.1,101.6,6.1,268.1,32.65,49887.8,-3.3,32427,1.193,8.15,-85.9,25.09,1,11.6
3/11/2021,9:00:00,0,B2,0.69,49973.9,49881.4,89.9,102.5,6.16,268.3,32.65,49890.1,-3.29,32429,1.189,8.15,-86,25.088,1,11.6
3/11/2021,9:15:00,0,B2,0.67,49979.9,49878.5,90.2,102.9,6.18,268.4,32.65,49888,-3.31,32427,1.185,8.15,-86.1,25.096,1,11.6
3/11/2021,9:30:00,0,B2,0.67,49980.2,49875.7,90.4,103.1,6.19,268.5,32.65,49885.5,-3.22,32426,1.185,8.15,-86.1,25.099,1,11.6
3/11/2021,9:45:00,0,B2,0.63,49988.7,49876.5,90.6,103.4,6.21,269.2,32.65,49887,-3.39,32427,1.187,8.15,-86.1,25.107,1,11.6
3/11/2021,10:00:00,0,B2,0.66,49998.5,49875.4,91.1,103.9,6.24,268.9,32.65,49886.9,-3.36,32427,1.2,8.15,-86.2,25.117,1,11.6
3/11/2021,10:15:00,0,B2,0.67,3.2,3.2,85.9,98,7.09,252.3,0,3.2,0.35,2,1.186,7.57,-51.3,25.06,1,11.6
